unitid,name,city,state,control,size,website_url,npc_url,cost_of_attendance,tuition_in_state,tuition_out_state,gap_0_30k,gap_30_48k,gap_48_75k,gap_75_110k,gap_110k_plus,gap_severity,grad_rate_4yr,grad_rate_pell,median_debt,median_earnings_10yr,admission_rate,sat_read_25,sat_read_75,sat_math_25,sat_math_75,act_25,act_75,latitude,longitude,travel_type,annual_travel_cost
100654,Alabama A & M University,Normal,AL,1,6124,www.aamu.edu/,www.aamu.edu/admissions-aid/tuition-fees/net-price-calculator.html,27153,10024,18634,16500,16387,19622,21680,20364,critical,0.2403,0.2319,16600,40628,0.5795,420,530,390,510,14,19,34.783368,-86.568502,FLY,2500
100663,University of Alabama at Birmingham,Birmingham,AL,1,11635,https://www.uab.edu/,https://tcc.ruffalonl.com/University of Alabama at Birmingham/Freshman-Students,28145,9098,22562,16172,15500,19161,21805,22597,critical,0.6423,0.5507,15832,54501,0.8818,600,710,610,740,23,30,33.505697,-86.799345,FLY,2500
100690,Amridge University,Montgomery,AL,2,241,https://www.amridgeuniversity.edu/,https://www2.amridgeuniversity.edu:9091/,,7590,7590,,,,,,,1,1,13385,37621,,,,,,,,32.362609,-86.17401,FLY,2500
100706,University of Alabama in Huntsville,Huntsville,AL,1,6591,www.uah.edu/,uah.clearcostcalculator.com/student/default/netpricecalculator/survey,27392,12132,26408,16192,16532,18210,20777,21501,critical,0.6429,0.5252,13905,61767,0.6857,600,690,610,720,24,31,34.724557,-86.640449,FLY,2500
100724,Alabama State University,Montgomery,AL,1,3477,www.alasu.edu/,tcc.ruffalonl.com/Alabama State University/Freshman-Students,23586,11248,19576,19711,21682,21508,21608,19031,critical,0.3034,0.283,17500,34502,0.9755,399,505,350,462,15,20,32.364317,-86.295677,FLY,2500
100751,The University of Alabama,Tuscaloosa,AL,1,33227,www.ua.edu/,https://ua.aidcalc.cloud/netprice.htm,33382,12180,34172,19169,19884,22258,25658,26729,critical,0.7337,0.6259,17986,59221,0.7665,590,690,580,710,24,31,33.211875,-87.545978,FLY,2500
100760,Central Alabama Community College,Alexander City,AL,1,1203,www.cacc.edu/,https://www.cacc.edu/admissions-and-aid/net-price-calculator,21413,5110,8980,15042,13909,16172,19426,18997,critical,,,5500,33506,,,,,,,,32.92478,-85.945266,FLY,2500
100812,Athens State University,Athens,AL,1,2446,https://www.athens.edu/,www.athens.edu/financial-aid/net-price-calculator/,,,,,,,,,,,,14861,50273,,,,,,,,34.806793,-86.964698,FLY,2500
100830,Auburn University at Montgomery,Montgomery,AL,1,2542,www.aum.edu/,www.aum.edu/net-price-calculator,21353,9700,20668,11706,12309,13202,17387,16117,high,0.326,0.2956,13119,44391,0.9157,538,603,498,600,18,24,32.36736,-86.177544,FLY,2500
100858,Auburn University,Auburn,AL,1,26816,www.auburn.edu/,https://www.auburn.edu/admissions/costcalc/index.php,34919,12890,34922,16681,17627,20558,25808,29547,critical,0.8195,0.697,17750,65337,0.4592,630,690,630,700,26,31,32.599378,-85.488258,FLY,2500
101028,Chattahoochee Valley Community College,Phenix City,AL,1,1110,https://www.cv.edu/,https://www.cv.edu/npcalc,12600,5100,8970,3275,5181,5474,4845,7261,medium,,,5900,36438,,,,,,,,32.42391,-85.031485,FLY,2500
101143,Enterprise State Community College,Enterprise,AL,1,1585,escc.edu/,https://escc.edu/netprice/npcalc.htm,19956,5100,8970,11191,12347,14457,16322,17300,high,,,5500,42572,,,,,,,,31.297496,-85.836956,FLY,2500
101161,Coastal Alabama Community College,Bay Minette,AL,1,4798,www.coastalalabama.edu/,https://app.meadowfi.com/cacc,20605,5040,8910,11916,11904,15603,17856,19588,high,,,5500,34894,,,,,,,,30.851343,-87.778193,FLY,2500
101189,Faulkner University,Montgomery,AL,2,1549,www.faulkner.edu/,www.faulkner.edu/net-price-calculator/,37626,23920,23920,23385,20897,19170,21255,22835,critical,0.374,0.2878,15000,43457,0.7307,,,,,18,21,32.384181,-86.21641,FLY,2500
101240,Gadsden State Community College,Gadsden,AL,1,3548,www.gadsdenstate.edu/,https://app.meadowfi.com/gscc,10189,4272,7368,3438,2617,5330,6081,8944,medium,,,,32937,,,,,,,,33.994001,-85.991438,FLY,2500
101286,George C Wallace Community College-Dothan,Dothan,AL,1,3017,www.wallace.edu/,www.wallace.edu/npcalc/,9308,4980,8850,1199,852,1432,2367,-5124,low,,,,31399,,,,,,,,31.315274,-85.465836,FLY,2500
101295,George C Wallace State Community College-Hanceville,Hanceville,AL,1,4423,https://www.wallacestate.edu/,https://www.wallacestate.edu/financial-aid/net-price-calculator.html,19008,5220,9090,11719,12000,14002,17109,17859,high,,,8200,39842,,,,,,,,34.072439,-86.781935,FLY,2500
101301,George C Wallace State Community College-Selma,Selma,AL,1,855,https://www.wccs.edu/,https://www.wccs.edu/financial-aid/netprice-calculator,19175,4740,8610,8948,10148,11516,,,high,,,,31598,,,,,,,,32.445917,-87.013294,FLY,2500
101365,Herzing University-Birmingham,Birmingham,AL,2,442,https://www.herzing.edu/,https://www.herzing.edu/tuition-financial-aid/net-price-calculator,27750,13450,13450,19913,17909,20097,,,critical,0.125,0.1333,11756,36909,0.9326,,,,,,,33.468466,-86.832465,FLY,2500
101435,Huntingdon College,Montgomery,AL,2,879,https://www.huntingdon.edu/,https://www.huntingdon.edu/admission-aid/student-financial-services/net-price-calculator/,40908,29070,29070,20435,19992,22966,24589,24713,critical,0.4798,0.3866,20000,49601,0.6949,533,610,473,610,20,25,32.351034,-86.284366,FLY,2500
101462,J. F. Drake State Community and Technical College,Huntsville,AL,1,755,https://drakestate.edu/,https://drakestate.edu/wp-content/uploads/netpricecalculator.html,14456,5190,9060,5916,4108,8546,7763,,medium,,,,28281,,,,,,,,34.771858,-86.572885,FLY,2500
101480,Jacksonville State University,Jacksonville,AL,1,7036,https://www.jsu.edu/,https://jsu.clearcostcalculator.com/student/default/netpricecalculator/survey,24257,12894,23334,12472,12622,15343,17480,18183,high,0.5472,0.49,14000,45235,0.7769,500,630,500,660,17,24,33.822938,-85.765321,FLY,2500
101505,Jefferson State Community College,Birmingham,AL,1,5470,www.jeffersonstate.edu/,www.jeffersonstate.edu/financial-aid/net-price-calculator/,14814,5100,8970,6836,7091,9884,12322,12274,medium,,,4500,40719,,,,,,,,33.652535,-86.707233,FLY,2500
101514,John C Calhoun State Community College,Tanner,AL,1,7070,https://calhoun.edu/,https://calhoun.edu/financial-aid/calculating-the-cost/,13073,5120,8990,5217,6903,8807,11039,12404,medium,,,6010,38192,,,,,,,,34.645844,-86.949674,FLY,2500
101569,Lawson State Community College,Birmingham,AL,1,2900,www.lawsonstate.edu/,nces.ed.gov/ipeds/netpricecalculator/#/,14895,5040,8910,6102,5464,8151,9449,,medium,,,,31701,,,,,,,,33.450814,-86.888844,FLY,2500
101587,University of West Alabama,Livingston,AL,1,2974,www.uwa.edu/,secure.uwa.edu/calculator/,22758,10990,20090,12179,12523,14606,18550,,high,0.347,0.3008,13000,44232,0.4265,440,560,420,560,16,21,32.588132,-88.186329,FLY,2500
101602,Lurleen B Wallace Community College,Andalusia,AL,1,1097,https://www.lbwcc.edu/,https://www.lbwcc.edu/future-students/financial-aid/net-price-calculator,12392,5190,9060,2054,2420,4570,8263,3445,low,,,,32307,,,,,,,,31.322947,-86.452262,FLY,2500
101648,Marion Military Institute,Marion,AL,1,329,www.marionmilitary.edu/,marionmilitary.edu/core/uploads/2024/12/index.html,18743,9538,15538,7471,8562,8584,10914,12230,medium,,,5500,59644,0.9703,520,640,520,630,16,23,32.623734,-87.322041,FLY,2500
101675,Miles College,Fairfield,AL,2,1155,https://www.miles.edu/,https://miles.clearcostcalculator.com/student/default/netpricecalculator/survey,21154,13314,13314,13907,13677,16747,18889,,high,0.158,0.0987,15691,32627,,,,,,,,33.482442,-86.908751,FLY,2500
101693,University of Mobile,Mobile,AL,2,1307,https://umobile.edu/,https://umobile.edu/financial-aid/cost-calculator/,41115,26910,26910,17550,21133,21633,24766,27447,critical,0.5685,0.352,19000,43611,0.7789,,,,,22,28,30.793247,-88.128934,FLY,2500
101709,University of Montevallo,Montevallo,AL,1,2151,www.montevallo.edu/,https://www.montevallo.edu/NetPriceCalculator/,27398,13948,26968,14471,16104,18615,20357,21873,high,0.541,0.512,16000,42957,0.5385,,,,,,,33.10625,-86.865099,FLY,2500
101736,Northwest Shoals Community College,Muscle Shoals,AL,1,1969,https://www.nwscc.edu/,nwscc.edu/admissions/tuition-fees/,11340,5131,9001,1356,2081,4259,7601,10089,low,,,5500,33828,,,,,,,,34.739788,-87.678089,FLY,2500
101879,University of North Alabama,Florence,AL,1,5811,https://www.una.edu/,https://www.una.edu/financial-aid/calculator/,23786,12120,22320,9741,10127,11665,13903,14866,high,0.5491,0.416,15781,45415,0.8731,,,,,,,34.80731,-87.680407,FLY,2500
101897,Northeast Alabama Community College,Rainsville,AL,1,1629,https://www.nacc.edu/,https://www.nacc.edu/content/uploads/nacc/files/financial aid/net-price-calc/npcalc.html,11620,5040,8910,1451,2130,5212,7316,5648,low,,,4400,34913,,,,,,,,34.545471,-85.911664,FLY,2500
101912,Oakwood University,Huntsville,AL,2,1153,https://www2.oakwood.edu/,https://oakwood.studentaidcalculator.com/,40176,22512,22512,23999,22444,24501,28074,27219,critical,0.4462,0.3841,21500,42488,0.4522,,,,,,,34.756344,-86.652705,FLY,2500
101994,Reid State Technical College,Evergreen,AL,1,416,www.rstc.edu/,images.pcmac.org/Uploads/ReidStateTech/ReidStateTech/Divisions/DocumentsCategories/Documents/index_{SIS703AD5AB07EA}.html,10739,5454,9324,735,1178,5387,5773,,low,,,,28982,,,,,,,,31.460265,-86.964797,FLY,2500
102030,Bishop State Community College,Mobile,AL,1,2437,www.bishop.edu/,https://www.bishop.edu/assets/uploads/pages/NetPriceCalculator2023.html,13085,5340,9210,5157,5788,5621,9229,10865,medium,,,,29916,,,,,,,,30.693972,-88.056982,FLY,2500
102049,Samford University,Birmingham,AL,2,4206,www.samford.edu/,https://www.samford.edu/admission/net-price-calculator,57456,40150,40150,22716,24812,31527,34206,36235,critical,0.7704,0.6609,15750,58469,0.8236,550,640,520,610,22,28,33.464128,-86.791799,FLY,2500
102067,Shelton State Community College,Tuscaloosa,AL,1,3148,www.sheltonstate.edu/,www.sheltonstate.edu/netpricecalculator/index.html,20350,5127,8997,14091,14492,16073,17545,16269,high,,,,35014,,,,,,,,33.120531,-87.56148,FLY,2500
102076,Snead State Community College,Boaz,AL,1,1427,www.snead.edu/,snead.edu/tuition-aid/net_price_calculator/,11220,5278,9664,2256,3266,4433,7011,9878,low,,,6450,35735,,,,,,,,34.201495,-86.169897,FLY,2500
102094,University of South Alabama,Mobile,AL,1,8879,www.southalabama.edu/,www.southalabama.edu/departments/finaid/netpricecalculator/,25476,10116,19092,12657,13265,16277,23252,25322,high,0.5267,0.4291,17750,49379,0.7096,500,610,470,580,20,26,30.696033,-88.178711,FLY,2500
102234,Spring Hill College,Mobile,AL,2,782,https://www.shc.edu/,https://www.shc.edu/admissions-aid/tuition-financial-aid/net-price-calculator/,39936,24054,24054,15598,20141,22317,20642,26240,critical,0.521,0.4203,21500,51500,0.7657,,,,,17,29,30.694751,-88.138199,FLY,2500
102270,Stillman College,Tuscaloosa,AL,2,706,https://stillman.edu/,https://stillman.edu/financial-aid/financial-aid-net-price-calculator/,26107,12126,12126,14804,13955,20841,15872,19343,high,0.25,0.2541,16000,35421,0.6225,,,,,,,33.200006,-87.585278,FLY,2500
102298,Talladega College,Talladega,AL,2,701,www.talladega.edu/,www.talladega.edu/netcalc/npcalc.htm,25185,15650,15650,12835,14385,14680,18723,22348,high,0.3091,0.3854,15000,32229,0.8542,,,,,,,33.433472,-86.112704,FLY,2500
102313,H Councill Trenholm State Community College,Montgomery,AL,1,1674,www.trenholmstate.edu/,www.trenholmstate.edu/?s=net+price+calculator,16971,5190,9060,7847,8263,11016,13852,,high,,,,32183,,,,,,,,32.350109,-86.343057,FLY,2500
102368,Troy University,Troy,AL,1,9805,www.troy.edu/,www.troy.edu/net-price-calculator/index.html,23165,10176,20352,12656,12042,14321,18406,22139,high,0.503,0.4026,15985,42062,0.9604,490,620,450,590,18,25,31.799583,-85.95802,FLY,2500
102377,Tuskegee University,Tuskegee,AL,2,2630,https://www.tuskegee.edu/,https://tcc.ruffalonl.com/Tuskegee University/Freshman-Students,43454,25386,25386,34324,34069,34855,37772,36778,critical,0.5498,0.9822,21250,49641,0.4868,,,,,18,25,32.4309,-85.708492,FLY,2500
102395,United States Sports University,Daphne,AL,2,228,https://www.ussu.edu/,https://ussu.edu/admissions/costs-aid/cost-estimator/,32606,13800,13800,21550,24731,,25993,31606,critical,,,10976,55257,0.6137,,,,,,,30.639329,-87.91163,FLY,2500
102429,Bevill State Community College,Jasper,AL,1,2177,www.bscc.edu/,https://app.meadowfi.com/bscc,13827,4734,8346,5204,5922,7966,8360,8852,medium,,,,34107,,,,,,,,33.837056,-87.265258,FLY,2500
102553,University of Alaska Anchorage,Anchorage,AK,1,7212,www.uaa.alaska.edu/,www.uaa.alaska.edu/financialaid/customcf/npcalc.htm,24096,7738,21322,11582,13401,16662,18826,20975,high,0.2971,0.1971,11231,51871,,,,,,,,61.190163,-149.82619,FLY,2500
102614,University of Alaska Fairbanks,Fairbanks,AK,1,4207,www.uaf.edu/,uaf.edu/finaid/costs/net-price-calculator.php,22407,8736,22320,7992,6065,11323,15526,17512,high,0.3801,0.2818,11283,48866,,,,,,,,64.85756,-147.823146,FLY,2500
102632,University of Alaska Southeast,Juneau,AK,1,907,www.uas.alaska.edu/,https://uas.alaska.edu/financial_aid/costs/npcalc.html,21043,7056,20640,9955,6799,14510,18946,19373,high,0.2805,0.1463,10500,48475,0.6329,,,,,,,58.384846,-134.638255,FLY,2500
102669,Alaska Pacific University,Anchorage,AK,2,457,www.alaskapacific.edu/,https://www.alaskapacific.edu/admissions-aid/applying-to-apu/cost-of-attendance-calculator/,34026,20760,20760,19404,13365,16037,,31181,critical,0.4722,0.4,12696,54271,0.9645,,,,,,,61.190968,-149.804168,FLY,2500
104151,Arizona State University Campus Immersion,Tempe,AZ,1,64674,www.asu.edu/,https://app.meadowfi.com/asu,30111,12223,33139,9070,10711,16801,20130,24296,high,0.6804,0.6006,13610,62668,0.8989,,,,,,,33.417721,-111.934383,FLY,2500
104160,Arizona Western College,Yuma,AZ,1,6374,https://www.azwestern.edu/,https://www.azwestern.edu/admissions/np-calc,15868,3060,9870,8405,8611,11164,12404,,high,,,4500,36857,,,,,,,,32.689306,-114.495968,FLY,2500
104179,University of Arizona,Tucson,AZ,1,42537,https://www.arizona.edu/,https://financialaid.arizona.edu/cost/npc,29423,13926,42278,13353,14984,16051,19777,22307,high,0.6752,0.5999,13750,59979,0.8614,580,700,570,720,21,29,32.232672,-110.950815,FLY,2500
104346,Central Arizona College,Coolidge,AZ,1,4912,www.centralaz.edu/,centralaz.edu/resources/netpricecalc.html,10720,2250,4500,3900,3657,6413,8328,8897,medium,,,6157,40513,,,,,,,,32.957092,-111.652501,FLY,2500
104425,Cochise County Community College District,Sierra Vista,AZ,1,3096,https://www.cochise.edu/,https://www.cochise.edu/_resources/pdfs/netpricecaluclator_7.25.html,14342,2280,6120,7108,8221,9620,13171,13552,medium,0.3044,0.2997,5500,38033,,,,,,,,31.564597,-110.246946,FLY,2500
104577,Eastern Arizona College,Thatcher,AZ,1,2643,www.eac.edu/,eac.clearcostcalculator.com/student/default/netpricecalculator/survey,16696,2352,9552,8046,8612,10731,11682,12243,high,0.4194,0.2443,,38018,,,,,,,,32.843664,-109.76234,FLY,2500
104586,Embry-Riddle Aeronautical University-Prescott,Prescott,AZ,2,3218,prescott.erau.edu/,prescott.erau.edu/financial-aid/net-price-calculator,62798,44149,44149,39171,37924,37346,37587,42834,critical,0.6776,0.6575,14250,84131,0.7658,580,680,560,690,24,29,34.616766,-112.449741,FLY,2500
104708,Glendale Community College,Glendale,AZ,1,11975,www.gccaz.edu/,https://www.maricopa.edu/students/tuition-payment-information/net-price-calculators/glendale-community-college,18037,2358,8958,10512,10944,12957,14880,17378,high,0.1598,0.145,4500,43108,,,,,,,,33.570226,-112.190735,FLY,2500
104717,Grand Canyon University,Phoenix,AZ,2,73371,www.gcu.edu/,https://www.gcu.edu/tuition-and-financial-aid,32702,17850,17850,18557,18763,21712,24471,25701,critical,0.4346,0.3289,12500,42186,0.7891,518,580,488,533,20,22,33.513231,-112.129929,FLY,2500
105145,GateWay Community College,Phoenix,AZ,1,4538,www.gatewaycc.edu/,www.gatewaycc.edu/pay-college/financial-planning,19314,2358,8958,12325,12007,15243,16930,19314,high,0.2881,0.2638,4500,46147,,,,,,,,33.449686,-111.997077,FLY,2500
105154,Mesa Community College,Mesa,AZ,1,14460,www.mesacc.edu/,https://www.mesacc.edu/students/student-rights-responsibilities/net-price-calculator,18194,2358,8958,10838,11619,13211,15063,18140,high,0.1564,0.1301,4500,44034,,,,,,,,33.390323,-111.871255,FLY,2500
105206,Mohave Community College,Kingman,AZ,1,3216,https://www.mohave.edu/,https://www.mohave.edu/assets/2025/04/net-price-calculator-2025.html,11837,2208,7968,5421,5597,8117,9464,,medium,,,8000,35522,,,,,,,,35.270996,-114.029838,FLY,2500
105297,Dine College,Tsaile,AZ,1,1375,https://www.dinecollege.edu/,www.dinecollege.edu/net-price-calculator/,11923,1410,1410,5332,5199,9387,9850,,medium,0.1259,0.1376,,29188,,,,,,,,36.293328,-109.21684,FLY,2500
105330,Northern Arizona University,Flagstaff,AZ,1,22903,https://nau.edu/,https://app.meadowfi.com/nau,29933,13009,29881,9709,10398,13330,18050,20686,high,0.6132,0.5315,12916,54384,0.8961,,,,,,,35.188449,-111.653724,FLY,2500
105349,Northland Pioneer College,Holbrook,AZ,1,1010,www.npc.edu/,www.npc.edu/financial-aid-scholarships/net-price-calculator,14263,2232,10320,9029,7192,7503,13901,,high,0.2188,,,34199,,,,,,,,34.93031,-110.142199,FLY,2500
105428,Phoenix College,Phoenix,AZ,1,8555,https://www.phoenixcollege.edu/,https://www.phoenixcollege.edu/paying-college/tuition-and-fees/net-price-calculators,18594,2358,8958,11172,11939,13546,16509,18594,high,0.1358,0.1292,5250,40870,,,,,,,,33.481361,-112.088293,FLY,2500
105525,Pima Community College,Tucson,AZ,1,14242,www.pima.edu/,pima.edu/paying-for-college/tuition-fees/net-price-calculator/npc.htm,9851,2442,7758,2605,2850,4552,7865,9615,medium,,,4500,39810,,,,,,,,32.222125,-110.886659,FLY,2500
105589,Prescott College,Prescott,AZ,2,219,https://prescott.edu/,shoppingsheet.com/Shopping/Landing/prescott,48532,35685,35685,22542,19587,16537,24832,25444,critical,0.5556,0.4333,12500,42359,0.9451,,,,,,,34.5452,-112.477185,FLY,2500
105668,Rio Salado College,Tempe,AZ,1,11668,www.riosalado.edu/,https://www.riosalado.edu/student-resources/student-business-services/net-price-calculator,13425,2358,8958,6800,10182,9356,10871,13425,medium,0.0851,0.0645,4375,41015,,,,,,,,33.413309,-111.97417,FLY,2500
105747,Scottsdale Community College,Scottsdale,AZ,1,5377,www.scottsdalecc.edu/,https://www.scottsdalecc.edu/students/student-business-services/net-price-calculator,19281,2358,8958,12138,13132,14099,17816,19008,high,0.1732,0.1126,4500,47905,,,,,,,,33.51135,-111.885186,FLY,2500
105792,South Mountain Community College,Phoenix,AZ,1,3645,www.southmountaincc.edu/,https://www.maricopa.edu/students/tuition-payment-information/net-price-calculators/south-mountain-community-college,18898,2358,8958,11902,11932,13987,17329,17132,high,0.1632,0.1365,4500,39825,,,,,,,,33.382406,-112.032635,FLY,2500
105899,Arizona Christian University,Glendale,AZ,2,1165,https://arizonachristian.edu/,https://www.arizonachristian.edu/financial-aid/calculator/,54792,35098,35098,30522,29991,32259,34557,34323,critical,0.3987,0.3607,6251,51612,0.7062,,,,,,,33.622952,-112.181776,FLY,2500
106148,Yavapai College,Prescott,AZ,1,3988,https://www.yc.edu/,https://www.yc.edu/v6/public/compare/cost-comparison.html,14988,2948,9486,7882,7497,10588,12162,12493,high,0.3353,0.2868,6762,39890,,,,,,,,34.547495,-112.453395,FLY,2500
106245,University of Arkansas at Little Rock,Little Rock,AR,1,4949,https://ualr.edu/,https://ualr.edu/financialaid/net-price-calculator/,22519,9748,22158,15195,16250,19018,21087,22255,critical,0.4165,0.3514,14500,45265,0.5878,490,630,470,580,17,24,34.723254,-92.339778,FLY,2500
106263,University of Arkansas for Medical Sciences,Little Rock,AR,1,1571,https://www.uams.edu/,https://studentfinancialservices.uams.edu/tuition-and-fees/,,,,,,,,,,,,13000,73827,,,,,,,,34.750152,-92.322348,FLY,2500
106306,Arkansas Baptist College,Little Rock,AR,2,342,https://www.arkansasbaptist.edu/,https://www.arkansasbaptist.edu/net-price-calculator/,23060,8760,8760,7715,11741,19496,20055,,high,0.0739,0.0153,8250,28418,,,,,,,,34.734751,-92.290555,FLY,2500
106342,Lyon College,Batesville,AR,2,648,www.lyon.edu/,https://app.virtueanalytics.com/npc/lyon/home/step/0,44978,31000,31000,16084,16695,17348,20936,23391,critical,0.4676,0.3895,10699,44232,0.6276,,,,,,,35.777619,-91.625354,FLY,2500
106397,University of Arkansas,Fayetteville,AR,1,28677,https://www.uark.edu/,https://finaid.uark.edu/aid-calculator.php,27767,10104,29966,14319,14322,15934,20772,22470,high,0.7052,0.5533,15749,58191,0.743,520,620,510,600,21,28,36.070009,-94.176981,FLY,2500
106412,University of Arkansas at Pine Bluff,Pine Bluff,AR,1,1807,www.uapb.edu/,https://www.uapb.edu/admissions/net-price-calculator,21129,9412,17992,12302,11324,15920,13975,17840,high,0.4043,0.3577,14328,35550,0.4118,425,570,420,538,14,18,34.244031,-92.018683,FLY,2500
106449,Arkansas State University-Beebe,Beebe,AR,1,1986,www.asub.edu/,https://www.asub.edu/net-price-calculator/,18771,3336,5232,10030,10215,13489,15195,17445,high,,,5500,36603,,,,,,,,35.074176,-91.895351,FLY,2500
106458,Arkansas State University,Jonesboro,AR,1,9110,https://www.astate.edu/,https://www.astate.edu/admissions-and-aid/tuition-and-fees/estimate-your-costs.html#net-price-calculator,25082,8090,14522,10098,9255,12205,15839,16444,high,0.554,0.4476,15000,42617,0.8226,490,570,480,620,18,24,35.842388,-90.679988,FLY,2500
106467,Arkansas Tech University,Russellville,AR,1,5388,https://www.atu.edu/,https://www.atu.edu/finaid/npcalc.html,22808,8674,14668,12426,11165,13130,14675,15543,high,0.4856,0.4255,11350,41766,0.9589,450,550,430,550,17,23,35.296091,-93.137172,FLY,2500
106485,University of Arkansas at Monticello,Monticello,AR,1,1933,www.uamont.edu/,www.uamont.edu/netprice/npcalc.htm,22519,9292,14857,13626,12896,14792,17532,17741,high,0.4855,0.4591,11364,36902,,,,,,,,33.590909,-91.811153,FLY,2500
106546,Baptist Health College Little Rock,Little Rock,AR,2,569,https://www.bhclr.edu/,https://www.bhclr.edu/student-services/accounts/netprice/npcalc.htm,31961,13987,13987,23827,,,31961,,critical,,,9500,62244,0.9545,,,,,,,34.713115,-92.40692,FLY,2500
106625,Black River Technical College,Pocahontas,AR,1,903,www.blackrivertech.edu/,www.blackrivertech.org/financial-aid/net-price-calculator,14374,4776,7488,3433,2770,7435,10609,12977,medium,,,6000,34818,,,,,,,,36.239793,-90.951033,FLY,2500
106704,University of Central Arkansas,Conway,AR,1,7762,www.uca.edu/,https://uca.edu/financialaid/net-price-calculator/,25029,10523,18023,14656,13988,16203,20318,20157,high,0.5353,0.4208,13000,45938,0.8949,480,590,430,580,19,25,35.077945,-92.457672,FLY,2500
106713,Central Baptist College,Conway,AR,2,484,www.cbc.edu/,https://www.cbc.edu/estimateexpenses,30605,21330,21330,11750,12659,12067,14382,11408,high,0.3411,0.1594,12876,46789,0.6346,473,553,410,568,17,23,35.083838,-92.445021,FLY,2500
106795,Cossatot Community College of the University of Arkansas,De Queen,AR,1,772,www.cccua.edu/index.html,www.cccua.edu/pay-for-college/net-price-calculator.html,11538,4200,5070,3452,4033,6507,7452,,medium,,,,33775,,,,,,,,34.043389,-94.3673,FLY,2500
106810,Crowley's Ridge College,Paragould,AR,2,165,www.crc.edu/,crc.edu/wp/financial-aid/,27340,16670,16670,15652,17238,12707,19956,18079,critical,0.3585,0.3529,13918,39533,,,,,,,,36.064845,-90.584395,FLY,2500
106883,University of Arkansas-East Arkansas Community College,Forrest City,AR,1,554,https://www.eacc.edu/,https://www.eacc.edu/pages?id=100,13240,3300,4380,6888,6777,8888,10428,,medium,,,4750,28471,,,,,,,,35.041655,-90.767726,FLY,2500
106980,National Park College,Hot Springs,AR,1,1789,www.np.edu/,https://np.edu/admissions/financial-aid/cost-attendance.aspx,19331,5600,7280,12368,12953,13349,15084,9541,high,,,6250,32444,,,,,,,,34.512687,-93.119248,FLY,2500
106999,University of Arkansas Community College-Batesville,Batesville,AR,1,751,www.uaccb.edu/,www.uaccb.edu/net-price-calculator/,15808,3630,4662,7668,7486,8206,10806,15568,high,,,7085,33706,,,,,,,,35.792923,-91.615852,FLY,2500
107044,Harding University,Searcy,AR,2,3382,www.harding.edu/,www.harding.edu/about/offices-departments/finaid/index.html,39534,26262,26262,15418,17430,19832,22017,26284,critical,0.6879,0.5714,21601,52876,0.7052,530,660,520,630,20,29,35.247386,-91.726143,FLY,2500
107071,Henderson State University,Arkadelphia,AR,1,1456,https://www.hsu.edu/,https://www.hsu.edu/pages/future-students/financial-aid/net-price-calculator/,27385,8244,10620,23386,23208,25051,,,critical,0.3734,0.3008,12000,43459,,,,,,,,34.128155,-93.059703,FLY,2500
107080,Hendrix College,Conway,AR,2,1100,https://www.hendrix.edu/,https://app.meadowfi.com/hendrix,55013,38200,38200,15951,18838,26414,26396,27453,critical,0.7235,0.6667,19500,60376,0.5565,560,668,563,680,23,31,35.101565,-92.443256,FLY,2500
107141,John Brown University,Siloam Springs,AR,2,1471,https://www.jbu.edu/,https://admissions.jbu.edu/register/net-price-calculator,44710,31756,31756,17484,17210,16655,21433,24627,critical,0.7179,0.573,17000,53907,0.7614,550,690,520,650,21,28,36.189812,-94.560283,FLY,2500
107318,Arkansas State University Mid-South,West Memphis,AR,1,502,www.asumidsouth.edu/,www.asumidsouth.edu/NetPriceCalculator16/npcalc.htm,14365,3216,4824,4411,1780,7410,10700,,medium,,,,31857,,,,,,,,35.145736,-90.22285,FLY,2500
107327,Arkansas Northeastern College,Blytheville,AR,1,756,www.anc.edu/,www.anc.edu/netprice/index.html,12094,2570,4250,5232,4922,6265,8364,,medium,,,,33169,,,,,,,,35.898597,-89.921005,FLY,2500
107460,North Arkansas College,Harrison,AR,1,1202,www.northark.edu/,www.northark.edu//net-price-calculator/,16846,3504,5592,10059,9284,10957,8363,13364,high,,,5928,34653,,,,,,,,36.219909,-93.08844,FLY,2500
107512,Ouachita Baptist University,Arkadelphia,AR,2,1602,https://obu.edu/,https://obu.edu/netpricecalculator,47321,34500,34500,15207,15954,18007,19151,26281,critical,0.614,0.5074,15000,51673,0.6752,540,650,530,630,22,28,34.126093,-93.052471,FLY,2500
107521,Arkansas State University Three Rivers,Malvern,AR,1,550,https://www.asutr.edu/,info.asutr.edu/netpricecalc/index.html,14579,3788,4388,8070,,,,,high,,,6500,37374,,,,,,,,34.378745,-92.821416,FLY,2500
107549,Ozarka College,Melbourne,AR,1,575,https://www.ozarka.edu/,https://www.ozarka.edu/finaid/npcalc.cfm,12069,3820,6820,3718,4834,6439,8876,4510,medium,,,7713,29314,,,,,,,,36.053031,-91.896355,FLY,2500
107558,University of the Ozarks,Clarksville,AR,2,767,https://ozarks.edu/,https://ozarks.edu/admissions-aid/costs-and-aid/costs-of-attendance/net-price-calculator/,38666,25950,25950,14664,14551,19291,18632,22836,high,0.5148,0.3937,11000,44384,0.5951,530,590,490,570,20,25,35.476278,-93.467221,FLY,2500
107585,University of Arkansas Community College-Morrilton,Morrilton,AR,1,1447,https://www.uaccm.edu/,https://www.uaccm.edu/finance/calculator.html,15362,3648,4728,7073,8051,9679,11989,13669,medium,,,6300,34924,1,,,,,17,22,35.172136,-92.728507,FLY,2500
107600,Philander Smith University,Little Rock,AR,2,751,https://www.philander.edu/,https://www.philander.edu/admissions/paying-for-college/net-price-calculator,28136,13014,13014,13393,14606,16686,12847,15800,high,0.3038,0.2787,14750,38427,,,,,,,,34.737131,-92.283015,FLY,2500
107619,Phillips Community College of the University of Arkansas,Helena,AR,1,614,www.pccua.edu/,https://www.pccua.edu/net-price-calculator/,11567,3380,4550,4683,4573,5549,7148,,medium,,,3500,29552,,,,,,,,34.546155,-90.616884,FLY,2500
107637,Southeast Arkansas College,Pine Bluff,AR,1,851,https://www.seark.edu/,https://www.seark.edu/net-price-calculator,22405,5200,8650,19038,,,,,critical,,,6186,33603,,,,,,,,34.210309,-92.025936,FLY,2500
107664,University of Arkansas-Pulaski Technical College,North Little Rock,AR,1,4118,uaptc.edu/,mediaserver.uaptc.edu/net-price-calculator/index.html,20811,6300,9450,13544,13569,15976,17637,19318,high,,,7000,34722,,,,,,,,34.782783,-92.299184,FLY,2500
107725,University of Arkansas Hope-Texarkana,Hope,AR,1,583,www.uaht.edu/index.php,www.uaht.edu/financial-aid/index.php,16307,3880,5560,8725,8862,11862,14848,,high,,,3500,34162,,,,,,,,33.641665,-93.596762,FLY,2500
107743,University of Arkansas Community College Rich Mountain,Mena,AR,1,503,https://www.uarichmountain.edu/,https://www.uarichmountain.edu/financial-aid/net-price-calculator.html,13096,3696,4272,4248,5069,6422,6587,,medium,,,4875,30037,,,,,,,,34.591449,-94.219799,FLY,2500
107840,Shorter College,N Little Rock,AR,2,287,www.shortercollege.edu/,prospect.studentaidprocess.com/saintprospect/(S(pyjrvepymhz0cykrt5k2ztkg))/netpricecalculator?corpid=123,21735,6246,6246,13844,10243,18089,,,high,,,22625,,,,,,,,,34.75933,-92.261331,FLY,2500
107877,Williams Baptist University,Walnut Ridge,AR,2,478,https://williamsbaptistuniversity.com/,https://williamsbu.edu/wp-content/uploads/2023/08/index.html,33597,21070,21070,10733,19044,15655,15195,24028,high,0.2564,0.2568,9500,38484,0.8342,,,,,16,21,36.125676,-90.940277,FLY,2500
107974,South Arkansas College,El Dorado,AR,1,862,www.southark.edu/,https://www.southark.edu/page/net-price-calculator,12932,3324,5532,6690,6041,8640,11305,12932,medium,,,7000,34521,,,,,,,,33.209446,-92.666087,FLY,2500
107983,Southern Arkansas University Main Campus,Magnolia,AR,1,2708,https://www.saumag.edu/,https://web.saumag.edu/admissions/cost-calculator/,24951,9960,15690,13187,12827,13790,15654,19244,high,0.4882,0.4102,12500,42386,0.7533,450,565,425,540,17,24,33.291618,-93.235922,FLY,2500
107992,Southern Arkansas University Tech,Camden,AR,1,672,https://www.sautech.edu/,https://www.sautech.edu/cost,17294,5040,6480,8848,9208,8633,11321,17294,high,,,4500,36376,,,,,,,,33.628367,-92.721629,FLY,2500
108092,University of Arkansas-Fort Smith,Fort Smith,AR,1,4091,https://uafs.edu/,https://uafs.edu/tuition-and-aid/net-price-calculator.html,19048,7334,12182,8890,9391,11392,13804,14297,high,0.3788,0.3516,10750,41102,0.8046,,,,,18,23,35.384184,-94.373729,FLY,2500
108667,College of Alameda,Alameda,CA,1,4487,https://alameda.edu/,https://npc.cccco.edu/341/npcalc.htm,18185,1258,9898,7947,6829,11225,15603,,high,,,9500,42563,,,,,,,,37.781017,-122.279303,FLY,2500
108807,Allan Hancock College,Santa Maria,CA,1,8052,www.hancockcollege.edu/,https://npc.cccco.edu/611/npcalc.htm,13214,1156,9892,3970,4900,6789,8461,8619,medium,,,7888,42786,,,,,,,,34.943716,-120.421144,FLY,2500
109208,American River College,Sacramento,CA,1,25621,https://www.arc.losrios.edu/,https://www.arc.losrios.edu/admissions/cost-of-attendance/net-price-calculator,16384,1288,12616,7599,6219,9538,11652,13845,high,,,9354,40162,,,,,,,,38.65085,-121.349672,FLY,2500
109350,Antelope Valley Community College District,Lancaster,CA,1,11534,www.avc.edu/,https://app.meadowfi.com/avc,12931,1124,9548,3012,3161,5619,8237,8678,medium,0.3438,0.3295,8619,36526,,,,,,,,34.676207,-118.186166,FLY,2500
109651,Art Center College of Design,Pasadena,CA,2,2017,www.artcenter.edu/,https://tcc.ruffalonl.com/art-center-college-of-design/freshman-calculator,75649,54170,54170,39645,42161,44738,45677,61144,critical,0.7917,0.7368,26000,71958,0.7454,,,,,,,34.169031,-118.185102,FLY,2500
109785,Azusa Pacific University,Azusa,CA,2,2759,www.apu.edu/,https://www.apu.edu/undergraduate-admissions/financialaid/calculator/,56313,44458,44458,15781,20495,22998,,27193,critical,0.6179,0.4933,19710,66677,0.8843,515,615,468,623,25,30,34.130047,-117.888375,FLY,2500
109819,Bakersfield College,Bakersfield,CA,1,17280,https://www.bakersfieldcollege.edu/,https://npc.cccco.edu/521/npcalc.htm,22018,1430,11300,14493,14538,15011,17746,,high,0.207,0.2103,9500,37291,,,,,,,,35.40911,-118.973753,FLY,2500
109907,Barstow Community College,Barstow,CA,1,2657,www.barstow.edu/,https://npc.cccco.edu/911/npcalc.htm,22193,1104,9744,12239,11957,14229,17963,20351,high,,,3463,35104,,,,,,,,34.870285,-117.023412,FLY,2500
110060,Bethesda University,Anaheim,CA,2,205,www.buc.edu/,www.buc.edu/net-price-calculator,13575,7220,7220,9747,9527,12063,11759,13575,high,0.1111,0,7648,,,,,,,,,33.842295,-117.941323,FLY,2500
110097,Biola University,La Mirada,CA,2,3474,https://www.biola.edu/,https://www.biola.edu/financial-aid/resources/net-price-calculator#net-price,62757,48984,48984,27144,25410,26825,29846,37314,critical,0.676,0.6128,19000,56778,0.7435,600,700,560,670,24,29,33.906203,-118.014374,FLY,2500
110246,Butte College,Oroville,CA,1,8890,www.butte.edu/,https://npc.cccco.edu/111/npcalc.htm,15509,1356,9276,4944,4206,6503,10570,13051,medium,,,8250,41810,,,,,,,,39.649782,-121.644831,FLY,2500
110334,Cabrillo College,Aptos,CA,1,8002,https://www.cabrillo.edu/,https://www.cabrillo.edu/cabrillo-college-net-price-calculator/,24966,1270,9862,14656,14911,17780,19252,,high,,,9500,44114,,,,,,,,36.989448,-121.924797,FLY,2500
110361,California Baptist University,Riverside,CA,2,8179,www.calbaptist.edu/,https://calbaptist.studentaidcalculator.com/welcome.aspx,54038,41228,41228,22298,21941,22620,26179,33971,critical,0.6188,0.5302,20500,61504,0.8488,,,,,,,33.929321,-117.425619,FLY,2500
110370,California College of the Arts,San Francisco,CA,2,990,www.cca.edu/,www.cca.edu/admissions/tuition/#section-calculator,79776,60226,60226,61407,43261,45378,46060,56394,critical,0.6122,0.4714,19500,49414,0.911,,,,,,,37.767485,-122.399451,FLY,2500
110404,California Institute of Technology,Pasadena,CA,2,987,www.caltech.edu/,www.finaid.caltech.edu/npc,86886,65898,65898,-2133,-2886,431,18753,54157,low,0.9437,0.963,12000,128566,0.0257,,,,,,,34.137349,-118.125878,FLY,2500
110413,California Lutheran University,Thousand Oaks,CA,2,2296,www.callutheran.edu/,https://www.callutheran.edu/financial-aid/tuition-fees/net-price-calculator.html,68426,52560,52560,22161,23668,24318,29303,38364,critical,0.696,0.6961,18970,68712,0.7567,590,670,560,660,24,31,34.224566,-118.878924,FLY,2500
110422,California Polytechnic State University-San Luis Obispo,San Luis Obispo,CA,1,21996,calpoly.edu/,https://www.calpoly.edu/financial-aid/costs-and-affordability/undergraduate-costs-of-attendance/undergraduate-net-price-calculator,32265,13596,34665,7529,7253,9896,15786,27772,high,0.864,0.7993,15396,90768,0.3132,,,,,,,35.299513,-120.657311,FLY,2500
110486,California State University-Bakersfield,Bakersfield,CA,1,8577,www.csub.edu/,https://www2.calstate.edu/attend/paying-for-college/pages/csu-costs.aspx,19522,8090,20690,3536,3817,5835,9480,16069,medium,0.498,0.4661,11270,59009,0.9385,,,,,,,35.350005,-119.104711,FLY,2500
110495,California State University-Stanislaus,Turlock,CA,1,8385,https://www.csustan.edu/,https://finaid.csustan.edu/netpricecalculator/,19739,8246,20846,3938,4467,5947,9230,16810,medium,0.5345,0.5278,11750,63188,0.9814,,,,,,,37.52577,-120.852511,FLY,2500
110510,California State University-San Bernardino,San Bernardino,CA,1,15023,www.csusb.edu/,https://www2.calstate.edu/attend/paying-for-college/Pages/csu-costs.aspx,17427,8093,20693,2681,2680,4735,7745,14316,medium,0.549,0.5354,12445,59977,0.9374,,,,,,,34.182622,-117.323801,FLY,2500
110529,California State Polytechnic University-Pomona,Pomona,CA,1,25042,www.cpp.edu/,https://www.cpp.edu/financial-aid/resources/net-price-calculator.shtml,23955,7780,20380,7851,8433,10734,13894,20716,high,0.6843,0.6359,13437,71902,0.7517,,,,,,,34.057912,-117.821476,FLY,2500
110538,California State University-Chico,Chico,CA,1,13631,www.csuchico.edu/,https://www2.calstate.edu/attend/paying-for-college/pages/csu-costs.aspx,26283,8472,21072,9902,10099,12961,16506,23566,high,0.6278,0.5526,14500,64172,0.9272,,,,,,,39.729712,-121.844859,FLY,2500
110547,California State University-Dominguez Hills,Carson,CA,1,12538,https://www.csudh.edu/,https://www.calstate.edu/attend/paying-for-college/Pages/csu-costs.aspx,23191,7449,20049,7303,8090,8855,12323,18947,medium,0.4279,0.4193,11902,57162,0.933,,,,,,,33.864766,-118.255917,FLY,2500
110556,California State University-Fresno,Fresno,CA,1,21605,www.fresnostate.edu/,https://studentaffairs.fresnostate.edu/financialaid/netprice/index.html,20095,7350,19950,5105,5429,7196,10291,16899,medium,0.5696,0.5313,12463,61244,0.9526,,,,,,,36.811154,-119.744569,FLY,2500
110565,California State University-Fullerton,Fullerton,CA,1,38546,https://www.fullerton.edu/,https://www.fullerton.edu/financialaid/understanding-aid/cost-of-attendance/,18269,7470,20070,3315,4123,6090,8930,15631,medium,0.7018,0.6918,12000,62951,0.9052,,,,,,,33.881506,-117.885446,FLY,2500
110574,California State University-East Bay,Hayward,CA,1,9809,https://www.csueastbay.edu/,https://www.csueastbay.edu/financialaid/files/images/net-price-calculator/npcalc.htm,22850,7583,20183,6360,7031,8990,12015,19397,medium,0.4795,0.4321,12500,71401,0.9739,,,,,,,37.657694,-122.054135,FLY,2500
110583,California State University-Long Beach,Long Beach,CA,1,35924,www.csulb.edu/,https://www.calstate.edu/apply/paying-for-college/csu-costs,22679,7350,19950,7183,7831,9705,12630,19750,medium,0.6888,0.6717,12227,64403,0.4627,,,,,,,33.782818,-118.11204,FLY,2500
110592,California State University-Los Angeles,Los Angeles,CA,1,19562,https://www.calstatela.edu/,https://www.calstate.edu/attend/paying-for-college/pages/csu-costs.aspx,18403,7160,19760,2877,2974,5002,7355,13578,medium,0.5298,0.5231,11966,59211,0.9125,,,,,,,34.066927,-118.168965,FLY,2500
110608,California State University-Northridge,Northridge,CA,1,32691,https://www.csun.edu/,https://www.csun.edu/financialaid/net-price-calculator,20485,7458,20058,4905,5450,7744,11262,18040,medium,0.5695,0.5477,12000,59115,0.9345,,,,,,,34.240126,-118.529319,FLY,2500
110617,California State University-Sacramento,Sacramento,CA,1,28350,https://www.csus.edu/,https://www2.calstate.edu/attend/paying-for-college/Pages/csu-costs.aspx,22945,8018,20618,6501,7001,9212,11814,18861,medium,0.5629,0.5444,12500,64876,0.9399,,,,,,,38.559415,-121.423549,FLY,2500
110635,University of California-Berkeley,Berkeley,CA,1,33068,www.berkeley.edu/,https://financialaid.berkeley.edu/how-aid-works/estimate-your-financial-aid/,45619,16347,50547,5311,6501,9693,15074,34529,medium,0.9284,0.869,12000,92446,0.1098,,,,,,,37.871918,-122.260463,FLY,2500
110644,University of California-Davis,Davis,CA,1,32253,ucdavis.edu/,myawards.ucdavis.edu/AidEstimator,41238,16774,50974,9211,9966,11951,16294,31272,high,0.8567,0.8147,11000,80838,0.4183,,,,,,,38.539667,-121.749567,FLY,2500
110653,University of California-Irvine,Irvine,CA,1,30197,www.uci.edu/,www.ofas.uci.edu/content/Calculator.aspx,38632,15722,49922,8123,9313,11642,15164,30546,high,0.8687,0.8431,13820,80735,0.2857,,,,,,,33.648434,-117.841248,FLY,2500
110662,University of California-Los Angeles,Los Angeles,CA,1,33475,www.ucla.edu/,https://admission.ucla.edu/tuition-aid/net-cost-calculator,38614,15203,49403,5579,6682,9811,14142,29682,medium,0.9262,0.8886,12983,82511,0.0897,,,,,,,34.07178,-118.442179,FLY,2500
110671,University of California-Riverside,Riverside,CA,1,22593,www.ucr.edu/,https://admission.universityofcalifornia.edu/tuition-financial-aid/estimate-your-aid.html,38942,15606,49806,8852,9840,13111,16571,30393,high,0.7596,0.7537,14944,67699,0.7639,,,,,,,33.97246,-117.32741,FLY,2500
110680,University of California-San Diego,La Jolla,CA,1,34948,www.ucsd.edu/,fas.ucsd.edu/forms-and-resources/financial-aid-estimator/index.html,38701,16758,50958,7525,8155,9942,15199,28785,high,0.8605,0.8204,14778,84943,0.2671,,,,,,,32.877749,-117.235866,FLY,2500
110705,University of California-Santa Barbara,Santa Barbara,CA,1,23113,www.ucsb.edu/,finaid.ucsb.edu/net-price-calculator,41573,16414,50614,9231,9992,12588,17136,31863,high,0.8303,0.7991,11875,74915,0.3297,,,,,,,34.416297,-119.846426,FLY,2500
110714,University of California-Santa Cruz,Santa Cruz,CA,1,17940,www.ucsc.edu/,https://app.meadowfi.com/ucsc,41179,16005,50205,8717,10613,14418,18986,33323,high,0.7509,0.7129,14334,68396,0.6579,,,,,,,36.995584,-122.058801,FLY,2500
111081,California Institute of the Arts,Valencia,CA,2,860,https://www.calarts.edu/,https://files.calarts.edu/docs/financial-aid/calarts-net-price-calculator/,77560,58996,58996,26686,40899,51847,38627,58873,critical,0.6667,0.6712,16994,41198,0.3234,,,,,,,34.39327,-118.566837,FLY,2500
111188,Cal Poly Maritime Academy,Vallejo,CA,1,804,https://maritime.calpoly.edu/,https://maritime.calpoly.edu/adm/tuition-and-financial-aid/net-price-calculator/index.html,29853,9944,22544,13552,9768,16948,21257,24911,high,0.5972,0.5918,16889,94784,0.9501,,,,,,,38.069061,-122.231551,FLY,2500
111434,Canada College,Redwood City,CA,1,5175,canadacollege.edu/,https://misweb.cccco.edu/npc/371/npcalc.htm,9087,1332,11384,-1545,-1384,2393,4004,,low,,,9272,50087,,,,,,,,37.44877,-122.265398,FLY,2500
111461,College of the Canyons,Santa Clarita,CA,1,15832,www.canyons.edu/,https://www.canyons.edu/studentservices/financialaid/about/netcalc.php,11360,1166,10958,2522,3075,4980,7406,9240,medium,,,6375,49022,,,,,,,,34.403993,-118.568698,FLY,2500
111638,Casa Loma College-Los Angeles,Sherman Oaks,CA,2,758,https://www.casalomacollege.edu/,https://casalomacollege.edu/net-price-calculator/,,,,25094,30488,,,32018,critical,0.7324,0.6824,20245,49854,0.4255,,,,,,,34.155096,-118.466548,FLY,2500
111887,Cerritos College,Norwalk,CA,1,18870,www.cerritos.edu/,https://npc.cccco.edu/811/npcalc.htm,10236,1364,12004,1538,1784,3774,6599,7901,low,,,8350,41156,,,,,,,,33.886874,-118.097337,FLY,2500
111896,Cerro Coso Community College,Ridgecrest,CA,1,3171,https://cerrocoso.edu/,https://npc.cccco.edu/522/npcalc.htm,25300,1384,11254,18595,13761,17054,21891,,critical,,,5500,34963,,,,,,,,35.567525,-117.66767,FLY,2500
111920,Chabot College,Hayward,CA,1,11392,www.chabotcollege.edu/,https://www.chabotcollege.edu/finaid/cost of attendance.php,17456,1150,8686,9013,6888,10746,13457,6370,high,,,8973,48143,,,,,,,,37.642458,-122.105636,FLY,2500
111939,Chaffey College,Rancho Cucamonga,CA,1,18132,https://www.chaffey.edu/,https://npc.cccco.edu/921/npcalc.htm,14451,1184,11120,4529,4666,7498,9485,11905,medium,,,4325,42975,,,,,,,,34.147663,-117.573932,FLY,2500
111948,Chapman University,Orange,CA,2,7478,https://www.chapman.edu/,https://www.chapman.edu/students/tuition-and-aid/financial-aid/net-cost-calculator/index.aspx,83146,64984,64984,33559,33978,33709,40011,55066,critical,0.8188,0.8287,17750,70070,0.6543,630,720,630,720,28,31,33.79302,-117.852518,FLY,2500
111966,Charles R Drew University of Medicine and Science,Los Angeles,CA,2,282,www.cdrewu.edu/,https://cdrewu.edu/cdu-price-calculator.html,39834,23000,23000,35636,35686,,33075,37834,critical,0.2963,0.3182,14750,83438,0.3874,,,,,,,33.925658,-118.242791,FLY,2500
112075,Concordia University-Irvine,Irvine,CA,2,1536,www.cui.edu/,www.cui.edu/studentlife/financial-aid/undergraduate/prospective-students-net-price-calculator,58682,43480,43480,25431,26012,22202,26339,31967,critical,0.5831,0.5,19000,65083,0.6599,,,,,,,33.653665,-117.812305,FLY,2500
112172,Citrus College,Glendora,CA,1,8286,https://www.citruscollege.edu/,https://npc.cccco.edu/821/npcalc.htm,13699,1204,10636,3221,3341,5996,9029,12665,medium,,,5500,42065,,,,,,,,34.13537,-117.886469,FLY,2500
112190,City College of San Francisco,San Francisco,CA,1,17348,www.ccsf.edu/,https://npc.cccco.edu/361/npcalc.htm,16870,1696,14656,6121,5756,8139,12508,13974,medium,,,7497,45805,,,,,,,,37.725953,-122.451155,FLY,2500
112260,Claremont McKenna College,Claremont,CA,2,1388,www.cmc.edu/,https://npc.collegeboard.org/student/app/claremontmckenna,86500,67980,67980,15308,7360,16389,19325,52295,critical,0.9136,0.9194,11948,104736,0.0959,720,770,750,790,33,35,34.102154,-117.711188,FLY,2500
112385,Coastline Community College,Fountain Valley,CA,1,7393,https://www.coastline.edu/,https://npc.cccco.edu/831/npcalc.htm,24290,1364,11612,16454,19464,15207,21617,,critical,,,7683,44483,,,,,,,,33.716054,-117.928979,FLY,2500
112561,Columbia College,Sonora,CA,1,1984,https://www.gocolumbia.edu/,https://misweb.cccco.edu/npc/591/npcalc.htm,19870,1282,9264,10095,10910,13961,15762,12813,high,,,,39035,,,,,,,,38.030367,-120.388385,FLY,2500
112686,Compton College,Compton,CA,1,3142,www.compton.edu/,https://nces.ed.gov/ipeds/netpricecalculator/#/,20447,1142,8822,12528,12773,12319,16689,,high,,,6463,34181,,,,,,,,33.878226,-118.209463,FLY,2500
112826,Contra Costa College,San Pablo,CA,1,5203,https://www.contracosta.edu/,https://npc.cccco.edu/311/npcalc.htm,18422,1312,10320,8523,8111,9742,14269,9567,high,,,4750,40850,,,,,,,,37.969381,-122.337377,FLY,2500
113096,Cosumnes River College,Sacramento,CA,1,14023,https://www.crc.losrios.edu/,https://www.crc.losrios.edu/admissions/cost-of-attendance/net-price-calculator,14202,1288,12616,5045,4487,7193,9760,11911,medium,,,8563,42446,,,,,,,,38.45295,-121.423108,FLY,2500
113111,Crafton Hills College,Yucaipa,CA,1,5687,www.craftonhills.edu/,https://misweb.cccco.edu/npc/981/npcalc.htm,20282,1188,14556,9838,10634,13299,16637,,high,0.3128,0.3483,,42553,,,,,,,,34.039178,-117.101173,FLY,2500
113193,Cuesta College,San Luis Obispo,CA,1,7180,https://www.cuesta.edu/,https://www.cuesta.edu/become-student/cashier/fees-cost-to-attend.html,20192,1350,11010,10414,10905,15150,16620,18448,high,,,9500,46047,,,,,,,,35.331276,-120.742235,FLY,2500
113218,Cuyamaca College,El Cajon,CA,1,7177,https://www.cuyamaca.edu/,https://misweb.cccco.edu/npc/021/npcalc.htm,16690,1346,11314,6183,5219,9270,12665,11961,medium,,,5136,32435,,,,,,,,32.744305,-116.942854,FLY,2500
113236,Cypress College,Cypress,CA,1,13354,www.cypresscollege.edu/,misweb.cccco.edu/npc/861/npcalc.htm,14290,1150,12379,3419,3663,6222,10163,10001,medium,0.3728,0.3914,7500,43533,,,,,,,,33.82833,-118.025143,FLY,2500
113333,De Anza College,Cupertino,CA,1,15264,https://www.deanza.edu/,https://npc.cccco.edu/421/npcalc.htm,14975,1571,12596,5887,4834,7798,11094,11825,medium,,,6495,56596,,,,,,,,37.319914,-122.045783,FLY,2500
113573,College of the Desert,Palm Desert,CA,1,10207,www.collegeofthedesert.edu/,https://www.collegeofthedesert.edu/students/fin-aid/costs.php,24607,1326,10174,14872,15071,17137,20621,21969,high,,,5261,39020,,,,,,,,33.732108,-116.388271,FLY,2500
113634,Diablo Valley College,Pleasant Hill,CA,1,15358,https://www.dvc.edu/,https://npc.cccco.edu/312/npcalc.htm,16774,1312,10320,6411,7103,10390,12846,6953,medium,,,6000,51378,,,,,,,,37.968516,-122.073142,FLY,2500
113698,Dominican University of California,San Rafael,CA,2,1114,https://www.dominican.edu/,https://www.shoppingsheet.com/Shopping/Landing/dominican,71751,52161,52161,24572,29275,30313,35343,43317,critical,0.7805,0.7126,24250,84713,0.835,620,660,590,640,,,37.981279,-122.512051,FLY,2500
113856,East Los Angeles College,Monterey Park,CA,1,27753,www.elac.edu/,https://collegecost.ed.gov/net-price,19193,1238,10572,10536,10059,11971,15346,16430,high,,,6999,42006,,,,,,,,34.040531,-118.148785,FLY,2500
113980,El Camino Community College District,Torrance,CA,1,19210,www.elcamino.edu/,www.finaid.org/calculators/studentbudget.phtml,15246,1144,7630,4319,5149,8298,11546,12869,medium,,,4750,41589,,,,,,,,33.885229,-118.329913,FLY,2500
114266,Evergreen Valley College,San Jose,CA,1,7688,https://www.evc.edu/,https://npc.cccco.edu/471/npcalc.htm,22105,1366,8718,11410,10576,14670,17607,19104,high,,,9250,53077,,,,,,,,37.30167,-121.76561,FLY,2500
114433,Feather River Community College District,Quincy,CA,1,1828,www.frc.edu/,https://misweb.cccco.edu/npc/121/npcalc.htm,20385,1465,10435,8995,9599,13963,8826,19090,high,0.3457,0.2391,7000,38142,,,,,,,,39.953101,-120.973067,FLY,2500
114716,Foothill College,Los Altos Hills,CA,1,11137,https://foothill.edu/,https://npc.cccco.edu/422/npcalc.htm,16361,1565,12590,6571,6390,9389,11193,14237,medium,0.5637,0.604,6795,57072,,,,,,,,37.361655,-122.127964,FLY,2500
114789,Fresno City College,Fresno,CA,1,21251,www.fresnocitycollege.edu/,https://npc.cccco.edu/571/npcalc.htm,17198,1334,10154,7450,8107,10285,13774,13965,medium,0.2353,0.2241,3500,37361,,,,,,,,36.768164,-119.796096,FLY,2500
114813,Fresno Pacific University,Fresno,CA,2,1544,www.fresno.edu/,https://www.fresno.edu/undergraduate/tuition-financial-aid/net-price-calculator,44249,36660,36660,11133,11929,10799,15744,20353,high,0.5,0.375,19250,58896,0.6407,,,,,,,36.726831,-119.735199,FLY,2500
114859,Fullerton College,Fullerton,CA,1,17121,www.fullcoll.edu/,https://misweb.cccco.edu/npc/862/npcalc.htm,14369,1150,12379,4944,5200,7915,10392,11574,medium,,,6500,43366,,,,,,,,33.875514,-117.918255,FLY,2500
114938,Gavilan College,Gilroy,CA,1,4786,https://www.gavilan.edu/,https://misweb.cccco.edu/npc/441/npcalc-1920.htm,15161,1508,12249,5507,5759,7716,10512,11091,medium,,,5841,47169,,,,,,,,36.972627,-121.569842,FLY,2500
115001,Glendale Community College,Glendale,CA,1,10509,https://www.glendale.edu/,https://misweb.cccco.edu/npc/731/npcalc.htm,17501,1191,10935,7902,7944,9747,13944,11964,high,,,7000,41540,,,,,,,,34.16745,-118.227666,FLY,2500
115083,Golden Gate University,San Francisco,CA,2,259,www.ggu.edu/,https://ggu.edu/admissions/tuition-and-financial-aid/#net-price-calculator,,,,,,,,,,,,18774,87434,,,,,,,,37.789374,-122.398969,FLY,2500
115126,Golden West College,Huntington Beach,CA,1,9034,https://www.goldenwestcollege.edu/,https://npc.cccco.edu/832/npcalc.htm,14618,1380,11628,3417,4126,7481,10405,,medium,,,5500,43145,,,,,,,,33.732531,-118.002568,FLY,2500
115296,Grossmont College,El Cajon,CA,1,12163,https://www.grossmont.edu/,https://misweb.cccco.edu/npc/022/npcalc.htm,14027,1332,10628,4169,4736,7761,9677,12250,medium,,,4500,40309,,,,,,,,32.815246,-117.006277,FLY,2500
115393,Hartnell College,Salinas,CA,1,9453,www.hartnell.edu/,https://npc.cccco.edu/451/npcalc.htm,11892,1404,10374,828,465,3124,6856,9885,low,,,4500,44316,,,,,,,,36.675091,-121.666054,FLY,2500
115409,Harvey Mudd College,Claremont,CA,2,921,https://www.hmc.edu/,https://npc.collegeboard.org/student/app/hmc,90165,68613,68613,27979,23883,17968,25468,50665,critical,0.9188,0.9375,19500,138687,0.1266,730,770,770,800,34,36,34.106515,-117.709837,FLY,2500
115755,California State Polytechnic University-Humboldt,Arcata,CA,1,5612,www.humboldt.edu/,https://www.humboldt.edu/calculator/,25170,8250,20850,8483,8812,11088,15593,22228,high,0.4855,0.427,14500,47626,0.982,,,,,,,40.877481,-124.078293,FLY,2500
115773,Humphreys University,Stockton,CA,2,149,www.humphreys.edu/,www.humphreys.edu/admissions-aid/financial-aid/net-price-calculator/,20918,13500,13500,6324,,4724,,,medium,0.6154,0.75,25000,39248,,,,,,,,38.011489,-121.316918,FLY,2500
115861,Imperial Valley College,Imperial,CA,1,7652,www.imperial.edu/,www.imperial.edu/students/financial-aid-and-scholarships/cost-of-attendance/,11998,1148,8852,1112,,,2221,,low,,,,34487,,,,,,,,32.827209,-115.503563,FLY,2500
116439,Irvine Valley College,Irvine,CA,1,10286,https://www.ivc.edu/,https://npc.cccco.edu/892/npcalc.htm,13001,1156,11860,734,785,3941,7906,9432,low,,,4500,49156,,,,,,,,33.675381,-117.777539,FLY,2500
117052,Reedley College,Reedley,CA,1,5504,www.reedleycollege.edu/,https://npc.cccco.edu/572/npcalc.htm,16881,1334,10154,6327,7417,9880,11703,13619,medium,,,3500,38493,,,,,,,,36.605428,-119.458555,FLY,2500
117104,Life Pacific University,San Dimas,CA,2,456,https://lifepacific.edu/,https://tcc.ruffalonl.com/Life Pacific University/Freshman-Students,35062,22118,22118,16786,18984,18255,23108,25877,critical,0.404,0.3462,14000,43299,0.958,,,,,,,34.098705,-117.829388,FLY,2500
117140,University of La Verne,La Verne,CA,2,3050,https://www.laverne.edu/,https://laverne.edu/financial-aid/npc/,62278,49470,49470,20151,27212,,,,critical,0.6312,0.6056,21000,65464,0.7117,498,663,488,573,18,25,34.100855,-117.773262,FLY,2500
117168,Laguna College of Art and Design,Laguna Beach,CA,2,746,www.lcad.edu/,https://www.lcad.edu/net-price-calculator/,57989,37500,37500,37203,38156,40258,44233,46889,critical,0.5172,0.4857,18875,47867,0.9432,,,,,,,33.561448,-117.772564,FLY,2500
117195,Lake Tahoe Community College,South Lake Tahoe,CA,1,3660,www.ltcc.edu/,https://misweb.cccco.edu/npc/221/npcalc.htm,17666,1131,11103,8025,8109,9140,12861,,high,,,5100,36657,,,,,,,,38.926797,-119.972574,FLY,2500
117247,Laney College,Oakland,CA,1,6842,https://laney.edu/,https://laney.edu/financial-aid/net-price-calculator,25335,1258,9898,16549,16474,21213,18321,,critical,,,9301,37282,,,,,,,,37.797257,-122.26283,FLY,2500
117274,Lassen Community College,Susanville,CA,1,1741,https://www.lassencollege.edu/,https://npc.cccco.edu/131/npcalc.htm,20228,1144,9280,9781,11394,14119,19797,20228,high,,,5500,35994,,,,,,,,40.432053,-120.633271,FLY,2500
117283,Latin American Bible Institute,La Puente,CA,2,111,labi.edu/,https://solutions.campusivy.com/Apps/NPC?InstitutionId=38200,16570,14050,14050,8639,11125,10325,,,high,0.3333,,,,0.5455,,,,,,,34.030992,-117.989601,FLY,2500
117557,Lincoln University,Oakland,CA,2,204,https://lincolnuca.edu/,file.lincolnuca.edu/2021/Spring 2021/Others/npcalc.html,,13150,13150,,,,,,,1,,12500,53695,,,,,,,,37.804788,-122.269745,FLY,2500
117627,La Sierra University,Riverside,CA,2,1116,https://lasierra.edu/,https://lasierra.edu/sfs/scholarships/,51459,37710,37710,44988,44593,45518,47266,45999,critical,0.5973,0.5833,18500,61824,0.915,,,,,,,33.910704,-117.500054,FLY,2500
117636,Loma Linda University,Loma Linda,CA,2,909,www.llu.edu/index.html,https://llu.edu/campus-spiritual-life/student-services/financial-life/financial-aid/net-price-calculator,,,,,,,,,,,,17014,89816,,,,,,,,34.051241,-117.260605,FLY,2500
117645,Long Beach City College,Long Beach,CA,1,22427,www.lbcc.edu/,https://npc.cccco.edu/841/npcalc.htm,14503,1556,12544,5505,5412,8180,10042,10089,medium,,,7000,38870,,,,,,,,33.833593,-118.135633,FLY,2500
117672,Southern California University of Health Sciences,Whittier,CA,2,158,https://www.scuhs.edu/,https://www.scuhs.edu/financial-aid/,57740,10476,10476,45723,45973,,,,critical,0.5,1,10950,70649,,,,,,,,33.922966,-117.983401,FLY,2500
117690,Los Angeles Harbor College,Wilmington,CA,1,6694,https://www.lahc.edu/,https://npc.cccco.edu/742/npcalc.htm,21772,1238,10568,12533,12468,14299,17831,19227,high,,,5795,41133,,,,,,,,33.785825,-118.283549,FLY,2500
117706,Los Angeles Pierce College,Woodland Hills,CA,1,13436,www.lapc.edu/,https://npc.cccco.edu/744/npcalc.htm,21400,1238,10572,12626,12371,14565,17337,18929,high,,,12500,44521,,,,,,,,34.183949,-118.575071,FLY,2500
117715,Los Angeles Southwest College,Los Angeles,CA,1,3706,https://www.lasc.edu/,https://npc.cccco.edu/745/npcalc.htm,13624,1238,10572,5723,6189,6540,7420,,medium,,,10000,32172,,,,,,,,33.929586,-118.304674,FLY,2500
117724,Los Angeles Trade Technical College,Los Angeles,CA,1,9998,www.lattc.edu/,www.lattc.edu/financial-aid/can-i-afford-college,20457,1238,10572,11716,12210,14008,16399,17270,high,,,9500,35233,,,,,,,,34.031907,-118.269447,FLY,2500
117733,Los Angeles Valley College,Valley Glen,CA,1,12601,www.lavc.edu/,https://npc.cccco.edu/747/npcalc.htm,20546,1238,10572,11225,11772,14650,17117,20546,high,0.3212,0.3505,9500,42678,,,,,,,,34.175165,-118.421734,FLY,2500
117751,The Master's University and Seminary,Santa Clarita,CA,2,1622,www.masters.edu/,https://www.masters.edu/financial-aid/total-cost-calculator,54845,39020,39020,24624,25104,27712,31542,36535,critical,0.6773,0.7042,16327,57106,0.8402,,,,,,,34.381755,-118.518193,FLY,2500
117788,Los Angeles City College,Los Angeles,CA,1,11198,https://www.lacc.edu/,https://npc.cccco.edu/741/npcalc.htm,18924,1238,10572,9814,10076,11783,14784,,high,,,9500,36190,,,,,,,,34.087301,-118.292169,FLY,2500
117803,Los Angeles County College of Nursing and Allied Health,Los Angeles,CA,1,204,https://dhs.lacounty.gov/college-of-nursing-and-allied-health/,,,,,,,,,,,,,9500,115318,,,,,,,,34.062647,-118.211852,FLY,2500
117867,Los Angeles Mission College,Sylmar,CA,1,7999,https://www.lamission.edu/,https://npc.cccco.edu/743/npcalc.htm,21717,1238,10572,12586,12673,15149,17280,,high,0.2003,0.2186,10432,39834,,,,,,,,34.314668,-118.4195,FLY,2500
117894,Los Medanos College,Pittsburg,CA,1,7320,https://www.losmedanos.edu/,https://npc.cccco.edu/313/npcalc.htm,16056,1312,10320,5958,6455,9521,11863,7051,medium,,,9326,42454,,,,,,,,38.006474,-121.860967,FLY,2500
117946,Loyola Marymount University,Los Angeles,CA,2,7094,https://www.lmu.edu/,https://lmu.studentaidcalculator.com/survey.aspx,83943,62357,62357,32268,34535,34351,40557,58371,critical,0.7887,0.7562,15000,78349,0.4508,640,720,620,710,28,32,33.97085,-118.415744,FLY,2500
118347,College of Marin,Kentfield,CA,1,4042,www.marin.edu/,https://app.meadowfi.com/marin,21015,1558,9334,11665,10739,14045,16944,17686,high,,,10062,42654,,,,,,,,37.951918,-122.548758,FLY,2500
118684,Mendocino College,Ukiah,CA,1,2870,https://www.mendocino.edu/,https://npc.cccco.edu/141/npcalc.htm,17544,1423,10003,7306,5869,10025,13673,,medium,,,9500,40243,,,,,,,,39.188989,-123.228809,FLY,2500
118693,Menlo College,Atherton,CA,2,752,https://www.menlo.edu/,www.shoppingsheet.com/shopping/landing/118693--menlo college,72020,53630,53630,25546,27618,28103,31596,37298,critical,0.535,0.4412,13000,76419,0.6847,,,,,,,37.453475,-122.190797,FLY,2500
118718,Merced College,Merced,CA,1,10001,www.mccd.edu/,https://misweb.cccco.edu/npc/531/npcalc.htm,14485,1200,8520,4155,4862,5562,9933,10902,medium,,,4188,37815,,,,,,,,37.3353,-120.476464,FLY,2500
118772,Merritt College,Oakland,CA,1,5288,www.merritt.edu/,https://npc.cccco.edu/344/npcalc.htm,21424,1258,9898,13744,14102,12825,18528,20036,high,,,9500,44392,,,,,,,,37.789088,-122.167335,FLY,2500
118888,Northeastern University Oakland,Oakland,CA,2,464,https://oakland.northeastern.edu/,https://studentfinance.northeastern.edu/financial-tools-and-calculators/,85418,67778,67778,8161,10185,26241,9898,38398,high,,,22000,92538,0.1665,690,740,730,780,32,33,37.781425,-122.182294,FLY,2500
118912,MiraCosta College,Oceanside,CA,1,10278,www.miracosta.edu/,https://npc.cccco.edu/051/npcalc.htm,15531,1158,9750,6535,5560,9222,11172,12855,medium,0.4111,0.1916,9488,43845,,,,,,,,33.190483,-117.302606,FLY,2500
118930,Mission College,Santa Clara,CA,1,5784,www.missioncollege.edu/,https://npc.cccco.edu/492/npcalc.htm,13744,1438,12500,3463,4927,6463,9974,,medium,,,8816,50936,,,,,,,,37.391935,-121.980783,FLY,2500
118976,Modesto Junior College,Modesto,CA,1,15109,https://www.mjc.edu/,https://misweb.cccco.edu/npc/592/npcalc.htm,11487,1282,9264,1658,1623,4809,6508,8681,low,0.2957,0.2811,3375,42368,,,,,,,,37.651056,-121.009792,FLY,2500
119067,Monterey Peninsula College,Monterey,CA,1,5624,www.mpc.edu/,https://npc.cccco.edu/461/npcalc.htm,19605,1188,10572,9451,10277,13602,15700,18340,high,,,8250,42176,,,,,,,,36.590558,-121.884931,FLY,2500
119137,Moorpark College,Moorpark,CA,1,12082,www.moorparkcollege.edu/index.shtml,www.moorparkcollege.edu/services_for_students/financial_aid/index.shtml,8015,1426,9615,-4158,-3488,-143,3619,5336,low,0.4354,0.4214,7161,49044,,,,,,,,34.301146,-118.834528,FLY,2500
119164,Mt San Antonio College,Walnut,CA,1,26140,www.mtsac.edu/,www.mtsac.edu/financialaid/resources/npcalc.html,15701,1364,10464,5267,5618,8414,11065,10852,medium,,,5500,46283,,,,,,,,34.047764,-117.846629,FLY,2500
119173,Mount Saint Mary's University,Los Angeles,CA,2,1719,https://www.msmu.edu/,https://www.msmu.edu/admission--aid/financial-aid/undergraduate-students/net-price-calculator/,66726,49564,49564,23849,13718,17876,30247,18762,critical,0.5325,0.5216,22167,72379,0.7313,,,,,,,34.085315,-118.482879,FLY,2500
119216,Mt San Jacinto Community College District,San Jacinto,CA,1,15259,www.msjc.edu/,www.msjc.edu/financialaid/budgets.html,14257,1448,12728,6012,5945,7839,10021,11595,medium,,,7000,38319,,,,,,,,33.806748,-116.971169,FLY,2500
119331,Napa Valley College,Napa,CA,1,3813,https://www.napavalley.edu/,https://misweb.cccco.edu/npc/241/npcalc.htm,22572,1156,11908,12795,13380,16099,18041,20165,high,,,9371,49517,,,,,,,,38.274081,-122.274381,FLY,2500
119605,National University,San Diego,CA,2,10794,www.nu.edu/,www.nu.edu/npcalc/npcalc.htm,33978,13284,13284,21554,26583,25176,,,critical,0.4286,0.5,18750,67548,,,,,,,,32.829299,-117.127296,FLY,2500
120166,San Francisco Bay University,Fremont,CA,2,126,https://www.sfbu.edu/,https://www.sfbu.edu/financial-support/tuition-and-costs,,8830,8830,,,,,,,,,,,0.9578,,,,,,,37.485056,-121.927899,FLY,2500
120254,Occidental College,Los Angeles,CA,2,1877,https://www.oxy.edu/,https://npc.collegeboard.org/app/occidental,84800,66274,66274,20705,17655,21468,28033,54959,critical,0.8088,0.8571,19000,75951,0.4417,690,750,690,770,31,34,34.127124,-118.210908,FLY,2500
120290,Ohlone College,Fremont,CA,1,7099,www.ohlone.edu/,https://npc.cccco.edu/,21254,1202,8714,9676,10039,13105,16596,20133,high,,,9500,54278,,,,,,,,37.529931,-121.911795,FLY,2500
120342,Orange Coast College,Costa Mesa,CA,1,16091,https://orangecoastcollege.edu/,https://npc.cccco.edu/833/npcalc.htm,15561,1392,11640,5562,6354,9216,11890,13862,medium,,,6175,47348,,,,,,,,33.66927,-117.909086,FLY,2500
120403,Otis College of Art and Design,Los Angeles,CA,2,1223,www.otis.edu/,https://www.otis.edu/admissions-aid/tuition-aid/financial-calculator.html,75861,56488,56488,44731,44821,28167,52495,60718,critical,0.663,0.6786,20000,58152,0.8176,665,720,600,675,,,33.956607,-118.416615,FLY,2500
120421,Oxnard College,Oxnard,CA,1,6240,www.oxnardcollege.edu/,www.oxnardcollege.edu/departments/student_services/financial_aid/index.shtml,9437,1426,9615,-1855,-2442,-631,4704,7143,low,,,7500,41393,,,,,,,,34.166104,-119.157604,FLY,2500
120537,Hope International University,Fullerton,CA,2,564,www.hiu.edu/,www.hiu.edu/undergrad/finaid/,51784,38050,38050,27991,31016,34451,33634,34049,critical,0.4944,0.3778,15738,49697,0.3298,420,570,420,650,,,33.87616,-117.88573,FLY,2500
120768,Pacific Oaks College,Pasadena,CA,2,312,https://www.pacificoaks.edu/,https://www.pacificoaks.edu/admissions/cost-financial-aid/financial-aid-services/,,32520,32520,,,,,,,,,23500,52485,0.3438,,,,,,,34.153382,-118.151323,FLY,2500
120865,Pacific Union College,Angwin,CA,2,805,https://www.puc.edu/,https://puc.studentaidcalculator.com/survey.aspx,49404,37173,37173,41008,,,,,critical,0.5828,0.3012,19500,70484,0.473,,,,,,,38.570585,-122.440308,FLY,2500
120883,University of the Pacific,Stockton,CA,2,3204,https://www.pacific.edu/,https://pacific.clearcostcalculator.com/student/default/netpricecalculator/survey,71515,57080,57080,17004,18152,19209,24323,38662,critical,0.6905,0.6426,17653,78445,0.7132,590,710,593,770,23,32,37.981424,-121.312301,FLY,2500
120953,Palo Verde College,Blythe,CA,1,3381,https://www.paloverde.edu/,https://misweb.cccco.edu/npc/951/npcalc.htm,25212,1288,12880,18723,19625,19212,,,critical,,,,36389,,,,,,,,33.661538,-114.651698,FLY,2500
120971,Palomar College,San Marcos,CA,1,17712,www2.palomar.edu/,https://misweb.cccco.edu/npc/061/npcalc.htm,14360,1354,10650,4268,4786,7710,9766,12642,medium,,,3500,42300,,,,,,,,33.149483,-117.183978,FLY,2500
121044,Pasadena City College,Pasadena,CA,1,21466,pasadena.edu/,https://npc.cccco.edu/771/npcalc.htm,13677,1180,9820,3051,2631,6003,9136,11261,medium,,,6036,43937,,,,,,,,34.144552,-118.118196,FLY,2500
121150,Pepperdine University,Malibu,CA,2,3553,www.pepperdine.edu/,https://seaver.pepperdine.edu/admission/financial-aid/undergraduate/npc,93512,69918,69918,50560,42674,51063,61851,65081,critical,0.8335,0.8392,19500,82939,0.6286,650,710,640,740,29,32,34.037786,-118.707077,FLY,2500
121257,Pitzer College,Claremont,CA,2,1227,https://www.pitzer.edu/,https://npc.collegeboard.org/app/pitzer,86466,65192,65192,14535,7769,20846,29452,46793,high,0.8339,0.8929,13000,69512,0.2516,,,,,,,34.104107,-117.706675,FLY,2500
121309,Point Loma Nazarene University,San Diego,CA,2,3188,www.pointloma.edu/,www.pointloma.edu/undergraduate/cost-financial-aid,60488,46250,46250,30999,32117,32888,33003,41680,critical,0.7717,0.7222,19500,63998,0.8368,610,695,565,670,25,32,32.718391,-117.250265,FLY,2500
121345,Pomona College,Claremont,CA,2,1666,www.pomona.edu/,https://npc.collegeboard.org/student/app/pomona,85300,65420,65420,4841,7026,17054,15719,37842,medium,0.932,0.9405,10000,77779,0.0709,740,770,750,790,33,35,34.099027,-117.714556,FLY,2500
121363,Porterville College,Porterville,CA,1,2834,https://www.portervillecollege.edu/,https://npc.cccco.edu/523/npcalc.htm,20730,1438,11308,12113,11641,13228,16825,,high,,,,36328,,,,,,,,36.049256,-119.014368,FLY,2500
121619,Santa Ana College,Santa Ana,CA,1,22485,www.sac.edu/,https://npc.cccco.edu/871/npcalc.htm,12375,1180,10756,1970,2385,5278,8575,10160,low,0.3085,0.3299,5500,43552,,,,,,,,33.759309,-117.887558,FLY,2500
121691,University of Redlands,Redlands,CA,2,2049,www.redlands.edu/,www.redlands.edu/npc,76630,60878,60878,28287,25728,26196,25767,38257,critical,0.6727,0.6355,21250,72690,0.8271,560,680,547,670,21,28,34.064218,-117.163218,FLY,2500
121707,College of the Redwoods,Eureka,CA,1,3829,https://www.redwoods.edu/,https://www.redwoods.edu/services/fa/costs.php,15504,1198,8854,5940,6486,8836,11967,13192,medium,,,6666,36243,,,,,,,,40.698427,-124.195293,FLY,2500
121886,Rio Hondo College,Whittier,CA,1,15684,www.riohondo.edu/,www.riohondo.edu/financial-aid/,21391,1388,9884,14549,12728,15030,17305,17355,high,0.2453,0.2386,4750,44950,,,,,,,,34.019821,-118.033506,FLY,2500
121901,Riverside City College,Riverside,CA,1,18346,www.rcc.edu/,misweb.cccco.edu/npc/961/npcalc.htm,16911,1428,12498,6931,7371,10221,12755,13880,medium,,,5500,41091,,,,,,,,33.970918,-117.384323,FLY,2500
122180,Sacramento City College,Sacramento,CA,1,17657,https://www.scc.losrios.edu/,https://www.scc.losrios.edu/admissions/cost-of-attendance/net-price-calculator,15767,1288,12616,5739,5509,8567,11609,9906,medium,,,9256,42214,,,,,,,,38.541096,-121.491139,FLY,2500
122205,Saddleback College,Mission Viejo,CA,1,17684,https://www.saddleback.edu/,https://npc.cccco.edu/891/npcalc.htm,13939,1156,11860,2596,2657,6349,9463,10603,medium,,,6988,50874,,,,,,,,33.553346,-117.665584,FLY,2500
122296,Samuel Merritt University,Oakland,CA,2,718,www.samuelmerritt.edu/,,,,,,,,,,,,,20825,143238,,,,,,,,37.82029,-122.266331,FLY,2500
122339,San Diego City College,San Diego,CA,1,10441,www.sdcity.edu/,misweb.cccco.edu/npc/071/npcalc.htm,21202,1146,10002,7181,8159,10265,15594,17766,medium,,,4500,38503,,,,,,,,32.717403,-117.152733,FLY,2500
122375,San Diego Mesa College,San Diego,CA,1,16098,www.sdmesa.edu/,https://misweb.cccco.edu/npc/072/npcalc.htm,19371,1146,10002,3842,5316,8883,13576,13977,medium,0.3476,0.314,4500,45120,,,,,,,,32.803825,-117.169165,FLY,2500
122384,San Diego Miramar College,San Diego,CA,1,11271,www.sdmiramar.edu/,https://misweb.cccco.edu/npc/073/npcalc.htm,17126,1146,10002,1358,1662,6284,10379,11600,low,,,4239,48224,,,,,,,,32.909757,-117.120261,FLY,2500
122409,San Diego State University,San Diego,CA,1,35377,https://www.sdsu.edu/,https://sacd.sdsu.edu/financial-aid/financial-aid/eligibility/cost-of-attendance/net-price-calculator,27780,8728,21328,9910,10017,12697,15891,23821,high,0.7643,0.7198,12847,64909,0.3619,,,,,,,32.77525,-117.071228,FLY,2500
122436,University of San Diego,San Diego,CA,2,5671,www.sandiego.edu/,www.sandiego.edu/admissions/undergraduate/tuition-financial-aid/net-price-calculator.php,78720,59486,59486,15586,17441,19557,27012,46989,critical,0.8367,0.8235,19019,86522,0.5238,,,,,,,32.770816,-117.192073,FLY,2500
122506,San Francisco Conservatory of Music,San Francisco,CA,2,226,https://sfcm.edu/,https://sfcm.edu/admissions/cost-aid/tuition-fees,78781,56150,56150,55704,33386,24504,36802,45245,critical,0.7368,0.5714,22000,,0.5491,,,,,,,37.775543,-122.420292,FLY,2500
122597,San Francisco State University,San Francisco,CA,1,18639,www.sfsu.edu/,https://financialaid.sfsu.edu/cost-attendance,26488,7950,20550,9341,9867,11825,14556,22523,high,0.5037,0.4804,12923,68077,0.9644,,,,,,,37.721224,-122.476799,FLY,2500
122612,University of San Francisco,San Francisco,CA,2,5287,https://www.usfca.edu/,https://www.usfca.edu/admission/financial-aid/net-price-calculator,80141,60492,60492,31537,33207,34315,38933,52497,critical,0.7006,0.6651,19000,89812,0.6171,610,700,580,690,25,30,37.776618,-122.450477,FLY,2500
122658,San Joaquin Delta College,Stockton,CA,1,15781,www.deltacollege.edu/,https://www.deltacollege.edu/student-services/financial-aid-scholarships/cost-estimates/net-price-calculator,9965,1180,9772,1291,1589,3996,6942,7087,low,,,7000,43212,,,,,,,,37.995562,-121.317597,FLY,2500
122728,William Jessup University,Rocklin,CA,2,1294,www.jessup.edu/,https://app.meadowfi.com/jessup,53703,37150,37150,23123,22690,24674,30717,34753,critical,0.5598,0.5056,14419,56257,0.9333,553,638,488,590,,,38.819728,-121.292312,FLY,2500
122746,San Jose City College,San Jose,CA,1,7105,www.sjcc.edu/,https://misweb.cccco.edu/npc/472/npcalc.htm,26081,1366,11922,16430,15652,18524,22207,20198,critical,,,5500,46215,,,,,,,,37.315827,-121.926185,FLY,2500
122755,San Jose State University,San Jose,CA,1,27601,www.sjsu.edu/,https://www.sjsu.edu/faso/docs/net-price-calculator.html,26593,8410,21010,9730,10114,12099,15102,22862,high,0.6922,0.6441,12000,78988,0.8461,,,,,,,37.336569,-121.880621,FLY,2500
122791,College of San Mateo,San Mateo,CA,1,7977,www.collegeofsanmateo.edu/,https://app.meadowfi.com/collegeofsanmateo,10837,1332,11384,-1310,-902,3342,6342,,low,,,6875,54172,,,,,,,,37.535698,-122.334801,FLY,2500
122889,Santa Barbara City College,Santa Barbara,CA,1,9889,www.sbcc.edu/,https://npc.cccco.edu/651/npcalc.htm,20394,1240,10432,9333,10868,11536,15381,19544,high,,,8250,47647,,,,,,,,34.406788,-119.698045,FLY,2500
122931,Santa Clara University,Santa Clara,CA,2,6552,www.scu.edu/,https://www.scu.edu/financialaid/Net-Price-Calculator.cfm,82026,61293,61293,22985,19154,26531,37219,60678,critical,0.8792,0.8512,16845,109183,0.48,670,730,680,760,31,33,37.348362,-121.93784,FLY,2500
122977,Santa Monica College,Santa Monica,CA,1,21440,https://www.smc.edu/,https://npc.cccco.edu/781/npcalc.htm,11162,1156,10708,1896,2442,4440,7087,8395,low,0.3627,0.3236,6500,42193,,,,,,,,34.017022,-118.469765,FLY,2500
123013,Santa Rosa Junior College,Santa Rosa,CA,1,15080,www.santarosa.edu/,https://npc.cccco.edu/261/npcalc.htm,15974,1318,11308,5275,5434,7693,11038,13345,medium,,,7250,47224,,,,,,,,38.45709,-122.718974,FLY,2500
123165,Scripps College,Claremont,CA,2,1113,www.scrippscollege.edu/,https://npc.collegeboard.org/student/app/scrippscollege,87564,65950,65950,6948,4522,15831,36472,54572,medium,0.8254,0.9231,11853,77539,0.3829,720,770,720,770,31,34,34.104147,-117.711294,FLY,2500
123217,College of the Sequoias,Visalia,CA,1,11562,https://www.cos.edu/,https://www.cos.edu/en-us/admissions/financial-aid/net-price-calculator,9145,1394,9038,-537,57,1492,5093,6886,low,,,4500,39092,,,,,,,,36.323877,-119.315182,FLY,2500
123299,Shasta College,Redding,CA,1,6128,https://www.shastacollege.edu/,https://npc.cccco.edu/171/npcalc.htm,13915,1197,8853,2107,2654,5373,11157,8861,low,0.2326,0.2246,9500,39269,,,,,,,,40.625731,-122.317982,FLY,2500
123341,Sierra College,Rocklin,CA,1,14122,https://www.sierracollege.edu/,https://misweb.cccco.edu/npc/271/npcalc.htm,17002,1446,1446,5042,7302,9663,12648,13386,medium,,,9500,45294,,,,,,,,38.790773,-121.211688,FLY,2500
123457,Simpson University,Redding,CA,2,809,www.simpsonu.edu/,https://simpsonu.clearcostcalculator.com/student/default/netpricecalculator/survey,54688,39708,39708,25511,22738,28479,29656,30163,critical,0.4884,0.3939,13000,54340,0.8603,,,,,,,40.61334,-122.332981,FLY,2500
123484,College of the Siskiyous,Weed,CA,1,1190,www.siskiyous.edu/,https://misweb.cccco.edu/npc/181/npcalc.htm,17725,1444,9394,9816,7489,12443,14567,17725,high,,,8000,39098,,,,,,,,41.413005,-122.38909,FLY,2500
123509,Skyline College,San Bruno,CA,1,7620,skylinecollege.edu/,https://misweb.cccco.edu/npc/373/npcalc.htm,11880,1272,9956,842,145,3984,6747,5974,low,0.443,0.4605,7500,55702,,,,,,,,37.63042,-122.467335,FLY,2500
123527,San Bernardino Valley College,San Bernardino,CA,1,12234,www.valleycollege.edu/,https://www.valleycollege.edu/financial-aid/cost-estimates.php,22678,1196,14382,18446,18753,20058,20743,21390,critical,,,3938,39676,,,,,,,,34.086353,-117.313248,FLY,2500
123554,Saint Mary's College of California,Moraga,CA,2,1947,https://www.stmarys-ca.edu/,https://www.stmarys-ca.edu/financial-aid/net-price-calculator,77659,57803,57803,19462,20127,23303,29049,40581,critical,0.703,0.6797,19500,78812,0.8653,,,,,,,37.840731,-122.109031,FLY,2500
123563,Solano Community College,Fairfield,CA,1,8061,welcome.solano.edu/,https://misweb.cccco.edu/npc/281/npcalc.htm,13143,1172,9812,3624,3465,5904,8594,6228,medium,0.3619,0.4061,9500,44170,,,,,,,,38.235881,-122.122368,FLY,2500
123572,Sonoma State University,Rohnert Park,CA,1,5166,https://sonoma.edu/,https://financialaid.sonoma.edu/cost-attendance/net-price-calculator,24648,8624,21224,8310,9795,10741,13897,21195,high,0.5759,0.5201,13000,65986,0.9343,,,,,,,38.340274,-122.677066,FLY,2500
123651,Vanguard University of Southern California,Costa Mesa,CA,2,1933,https://www.vanguard.edu/,https://www.vanguard.edu/admissions/net-price-calculator,52665,41700,41700,17225,18462,18976,24117,27684,critical,0.5677,0.552,15000,59541,0.6244,,,,,,,33.662686,-117.900911,FLY,2500
123800,Southwestern College,Chula Vista,CA,1,18614,https://www.swccd.edu/,https://misweb.cccco.edu/npc/091/npcalc.htm,22104,1344,10640,11380,11634,14332,18484,20045,high,,,4044,40060,,,,,,,,32.640281,-116.996803,FLY,2500
123952,Southern California Institute of Architecture,Los Angeles,CA,2,236,www.sciarc.edu/,www.sciarc.edu/admissions/financial-aid/cost-to-attend,71612,56162,56162,36824,38430,66362,,,critical,0.7143,0.25,33250,71909,0.766,,,,,,,34.044215,-118.232799,FLY,2500
123961,University of Southern California,Los Angeles,CA,2,20443,www.usc.edu/,https://financialaid.usc.edu/npc,90300,72097,72097,13516,14394,19539,24976,56116,high,0.9183,0.8997,16112,92498,0.0981,710,760,740,790,32,35,34.021281,-118.284169,FLY,2500
124113,Taft College,Taft,CA,1,3556,www.taftcollege.edu/,https://misweb.cccco.edu/npc/691/npcalc.htm,14074,1108,10852,1934,2536,3985,7756,,low,0.2799,0.3103,,38861,,,,,,,,35.149343,-119.459751,FLY,2500
124292,Thomas Aquinas College,Santa Paula,CA,2,566,https://thomasaquinas.edu/,https://thomasaquinas.edu/admission/net-price-calculator-financial-aid-calculator,43426,30200,30200,19761,21236,20118,23185,29757,critical,0.843,0.8519,18000,55619,0.8309,640,730,580,670,28,33,34.429009,-119.087141,FLY,2500
125028,Ventura College,Ventura,CA,1,10150,www.venturacollege.edu/,www.venturacollege.edu/departments/student_services/financial_aid/index.shtml,9306,1426,9615,-1913,-2393,524,4165,6577,low,,,6500,43430,,,,,,,,34.277393,-119.230604,FLY,2500
125091,Victor Valley College,Victorville,CA,1,4210,www.vvc.edu/,https://misweb.cccco.edu/npc/991/npcalc.htm,8974,1425,10125,0,0,2046,6130,7049,low,,,7500,36119,,,,,,,,34.472231,-117.261456,FLY,2500
125170,Berkeley City College,Berkeley,CA,1,4456,https://www.berkeleycitycollege.edu/,https://npc.cccco.edu/345/npcalc.htm,18845,1258,9898,7979,7182,12123,13213,,high,,,9500,41217,,,,,,,,37.869769,-122.269877,FLY,2500
125462,Coalinga College,Coalinga,CA,1,2522,https://coalingacollege.edu/,https://coalingacollege.edu/admissions/cost-of-attendance/net-price-calculator.php,19272,1384,10954,9417,9226,11373,15518,17662,high,,,5500,37633,,,,,,,,36.147891,-120.356747,FLY,2500
125471,West Los Angeles College,Culver City,CA,1,7284,www.wlac.edu/,https://misweb.cccco.edu/npc/749/npcalc.htm,17336,1238,10572,9327,8549,11153,14028,,high,0.2789,0.3291,9500,38537,,,,,,,,34.004512,-118.386664,FLY,2500
125499,West Valley College,Saratoga,CA,1,6416,www.westvalley.edu/,https://npc.cccco.edu/493/npcalc.htm,13717,0,8702,1658,2226,5974,8651,9893,low,,,7000,51688,,,,,,,,37.26398,-122.008324,FLY,2500
125727,Westmont College,Santa Barbara,CA,2,1302,www.westmont.edu/,www.westmont.edu/a/net-price-calculator.html,71150,53584,53584,20899,15492,19867,24524,38124,critical,0.7035,0.5439,19343,64778,0.7705,630,750,610,700,25,32,34.450151,-119.662517,FLY,2500
125763,Whittier College,Whittier,CA,2,764,www.whittier.edu/,www.whittier.edu/financialaid/npc,63664,51350,51350,21718,19928,24973,26718,30599,critical,0.5996,0.5936,18125,59492,0.8079,,,,,,,33.978773,-118.032299,FLY,2500
125897,Woodbury University,Burbank,CA,2,779,https://woodbury.edu/,https://woodbury.edu/admissions/tuition-and-fees/cost-of-attendance/,58010,47056,47056,28815,28368,30748,32773,39808,critical,0.6,0.6699,21500,65668,0.8165,,,,,,,34.208011,-118.341147,FLY,2500
126076,Yeshiva Ohr Elchonon Chabad West Coast Talmudical Seminary,Los Angeles,CA,2,163,www.yoec.edu/,https://www.yoec.edu/net-price-calculator,31300,16900,16900,14300,15486,13987,16940,10300,high,0.1186,0.1852,,48361,0.5821,,,,,,,34.085465,-118.346613,FLY,2500
126119,Yuba College,Marysville,CA,1,4779,https://yc.yccd.edu/,https://yc.yccd.edu/student/financialaid/net-price-calculator/,11496,1128,8208,3766,3175,4452,8849,713,medium,,,6000,39552,,,,,,,,39.126536,-121.53964,FLY,2500
126182,Adams State University,Alamosa,CO,1,1250,www.adams.edu/,https://www.adams.edu/financial-aid/cost-tuition-to-attend/,24352,9824,21944,9947,10392,11921,15787,20274,high,0.3942,0.3277,11750,44372,,,,,,,,37.473636,-105.879642,FLY,2500
126207,Aims Community College,Greeley,CO,1,3635,www.aims.edu/,www.aims.edu/student/finaid/net-price-calculator/,16657,2258,11786,10196,10625,12570,14579,16344,high,0.3957,0.336,5250,41887,,,,,,,,40.409559,-104.763415,FLY,2500
126289,Arapahoe Community College,Littleton,CO,1,5383,www.arapahoe.edu/,https://www.arapahoe.edu/netpricecalculator/,18332,4434,17034,8588,9523,10868,15437,18077,high,0.291,0.2885,6500,48341,,,,,,,,39.607505,-105.018631,FLY,2500
126562,University of Colorado Denver/Anschutz Medical Campus,Denver,CO,1,10519,www.ucdenver.edu/,www.ucdenver.edu/tuition-cost/net-price-calculator,24902,10383,29391,6743,9472,10834,15232,22475,medium,0.4615,0.4631,14500,64270,0.7468,490,620,490,600,23,32,39.745149,-104.837722,FLY,2500
126580,University of Colorado Colorado Springs,Colorado Springs,CO,1,8697,https://www.uccs.edu/,https://finaid.uccs.edu/about-financial-aid/how-aid-is-packaged#net-price-calculator,24595,10149,24336,12065,11642,12104,18388,22142,high,0.4693,0.3921,12965,54659,0.9735,510,620,500,600,20,26,38.892735,-104.800296,FLY,2500
126614,University of Colorado Boulder,Boulder,CO,1,31939,https://www.colorado.edu/,https://ofa.colorado.edu/netpricecalculator/,37684,15666,44918,14231,14381,18828,26915,34818,high,0.7419,0.6688,13000,69738,0.7808,630,710,610,720,29,33,40.008781,-105.270823,FLY,2500
126669,Colorado Christian University,Lakewood,CO,2,5549,https://www.ccu.edu/,https://www.ccu.edu/finaid/calculator/,54242,41342,41342,26010,24819,27203,26257,33274,critical,0.6441,0.5849,14000,50416,,,,,,,,39.71388,-105.09456,FLY,2500
126678,Colorado College,Colorado Springs,CO,2,2014,www.coloradocollege.edu/,https://www.shoppingsheet.com/shopping/landing/126678,86921,70734,70734,9217,15477,12568,24129,44141,high,0.8766,0.8923,13400,65222,0.1847,640,730,590,730,29,33,38.84886,-104.822697,FLY,2500
126711,Colorado Mountain College,Glenwood Springs,CO,1,2816,coloradomtn.edu/,coloradomtn.edu/tuition-costs/net-price-calculator/,14799,2616,12840,5190,3311,7413,9512,13689,medium,0.2737,0.3558,5500,44127,,,,,,,,39.54636,-107.324441,FLY,2500
126748,Colorado Northwestern Community College,Rangely,CO,1,504,https://cncc.edu/,https://cncc.edu/admissions/financial-aid/npcalc_23-24.html,20923,4594,7304,8832,5246,11418,17436,18579,high,0.3354,0.3333,8250,43526,,,,,,,,40.081112,-108.790048,FLY,2500
126775,Colorado School of Mines,Golden,CO,1,6155,www.mines.edu/,https://inside.mines.edu/npc/,40560,21914,45824,16849,18162,22192,28183,35112,critical,0.8171,0.7172,17500,97335,0.6069,650,730,670,750,29,33,39.751443,-105.223364,FLY,2500
126818,Colorado State University-Fort Collins,Fort Collins,CO,1,25538,colostate.edu/,admissions.colostate.edu/cost-financial-aid/net-price-calculator/,31642,13373,34783,13259,14460,15905,21927,29763,high,0.6651,0.545,14750,60543,0.8854,,,,,,,40.574805,-105.080732,FLY,2500
126863,Community College of Aurora,Aurora,CO,1,3250,https://www.ccaurora.edu/,ccaurora.edu/admission-aid/financial-aid/net-calculator/,17275,4470,17070,6305,6611,9726,12409,16700,medium,,,6500,44592,,,,,,,,39.71788,-104.802673,FLY,2500
126942,Community College of Denver,Denver,CO,1,5096,www.ccd.edu/,ccd.edu/cost_calculator/,19550,4902,17136,8356,9533,10662,13041,16275,high,0.1997,0.1865,5500,39095,,,,,,,,39.741413,-105.001044,FLY,2500
127060,University of Denver,Denver,CO,2,6025,www.du.edu/,https://www.du.edu/financialaid/undergraduate/calculator/,78476,61398,61398,20097,16211,22940,31759,47222,critical,0.756,0.7742,18000,71155,0.7781,640,710,600,700,28,33,39.678005,-104.963259,FLY,2500
127185,Fort Lewis College,Durango,CO,1,3079,fortlewis.edu/,www.fortlewis.edu/rnlnetprice,27030,9958,21526,18622,17014,19468,19498,13158,critical,0.3564,0.2395,9000,46349,0.773,505,605,505,605,18,26,37.275939,-107.867422,FLY,2500
127200,Front Range Community College,Westminster,CO,1,11476,https://www.frontrange.edu/,https://www.frontrange.edu/npc/,21526,4663,17263,9955,11197,12795,16596,21378,high,0.3545,0.3238,7000,45910,,,,,,,,39.901452,-105.038068,FLY,2500
127389,Lamar Community College,Lamar,CO,1,400,https://www.lamarcc.edu/,https://www.lamarcc.edu/admission/paying-for-college/net-price-calculator/,20044,4550,7260,7513,8163,10137,12389,17711,high,,,5973,38719,,,,,,,,38.068886,-102.616144,FLY,2500
127556,Colorado Mesa University,Grand Junction,CO,1,8143,www.coloradomesa.edu/,https://www.coloradomesa.edu/financial-aid/resources/financial-aid-calculator.html,24046,9927,25124,10792,11920,14692,16945,20606,high,0.4061,0.3189,11000,45823,0.8203,480,590,450,570,18,24,39.080643,-108.553275,FLY,2500
127565,Metropolitan State University of Denver,Denver,CO,1,15002,www.msudenver.edu/,www.msudenver.edu/cost/,24622,11124,30684,12481,12436,14927,19539,23822,high,0.3154,0.2911,12500,52093,0.988,450,570,430,560,17,26,39.744202,-105.00504,FLY,2500
127617,Morgan Community College,Fort  Morgan,CO,1,634,https://www.morgancc.edu/,https://www.morgancc.edu/npc/,17497,4252,16852,6391,6959,7869,13279,16497,medium,0.4458,0.3953,5500,39429,,,,,,,,40.258792,-103.771822,FLY,2500
127653,Naropa University,Boulder,CO,2,339,https://www.naropa.edu/,https://www.naropa.edu/admissions-aid/costs-aid/undergraduate-costs-aid/price-calculator/,53397,36620,36620,21457,33397,21817,45897,46397,critical,0.3667,0.4667,14750,28720,1,,,,,,,40.014235,-105.266987,FLY,2500
127714,Nazarene Bible College,Colorado Springs,CO,2,284,www.nbc.edu/,www.nbc.edu/core/includes/net-price-calculator/npcalc.htm,,10482,10482,,,,,,,,,17106,41450,,,,,,,,38.862354,-104.758064,FLY,2500
127732,Northeastern Junior College,Sterling,CO,1,786,www.njc.edu/,www.njc.edu/cost-calculator/,21558,5730,8267,10206,10583,12983,17854,20054,high,,,5500,39893,,,,,,,,40.637215,-103.197329,FLY,2500
127741,University of Northern Colorado,Greeley,CO,1,5598,https://www.unco.edu/,https://www.unco.edu/financial-aid/resources/net-price-calculator.aspx,29254,12416,27266,12695,13290,16038,18441,24306,high,0.5124,0.4343,13805,52231,0.8585,490,610,460,580,21,26,40.410855,-104.692777,FLY,2500
127778,Otero College,La Junta,CO,1,619,www.otero.edu/,https://www.otero.edu/pay-for-college/tuition-fees/,21020,4576,7286,9735,10817,11499,15257,16207,high,,,6000,39018,,,,,,,,37.969984,-103.544874,FLY,2500
127820,Pikes Peak State College,Colorado Springs,CO,1,9595,https://www.pikespeak.edu/,https://www.pikespeak.edu/costs-scholarships-aid/costs/tuition-calculator.php,18473,4510,17110,3811,3941,6411,10968,17700,medium,0.2058,0.1968,4900,40796,,,,,,,,38.764287,-104.787261,FLY,2500
127884,Pueblo Community College,Pueblo,CO,1,3619,www.pueblocc.edu/,www.pueblocc.edu/NetPriceCalculator/index.htm,22002,5049,17649,9941,12345,11892,,,high,0.3068,0.2964,5750,37434,,,,,,,,38.262124,-104.636258,FLY,2500
127909,Red Rocks Community College,Lakewood,CO,1,4889,www.rrcc.edu/,https://www.rrcc.edu/net_price_calculator/index.html,18143,4859,17459,5901,6797,10061,14489,18064,medium,0.3201,0.1858,4900,46288,,,,,,,,39.720277,-105.150094,FLY,2500
127918,Regis University,Denver,CO,2,2627,https://www.regis.edu/,https://www.regis.edu/financial-aid/types-of-financial-aid/first-year-and-transfer-students/net-price-calculator,54800,46340,46340,13713,12553,16006,24295,28572,high,0.6102,0.561,19750,72105,0.8646,,,,,22,29,39.788175,-105.030756,FLY,2500
128106,Colorado State University Pueblo,Pueblo,CO,1,3042,https://www.csupueblo.edu/,https://www.csupueblo.edu/student-financial-services/net-price-calculator.html,23937,9720,17944,9374,8948,10961,15701,12858,high,0.3973,0.3398,14475,55563,0.949,,,,,19,26,38.30859,-104.579033,FLY,2500
128151,Pickens Technical College,Aurora,CO,1,686,www.pickenstech.org/,www.pickenstech.org/net-price-calculator/,12439,5140,9250,6980,4691,4657,9139,,medium,,,,39210,,,,,,,,39.723705,-104.789683,FLY,2500
128258,Trinidad State College,Trinidad,CO,1,1188,www.trinidadstate.edu/,https://www.trinidadstate.edu/fia/net_price_calculator/index.html,21458,4608,7318,9366,10284,10379,14945,18413,high,0.545,0.5431,6500,36475,,,,,,,,37.172059,-104.513451,FLY,2500
128328,United States Air Force Academy,USAF Academy,CO,1,4114,www.usafa.edu/,https://www.usafa.edu/,,,,,,,,,,0.8751,,,,0.1409,620,710,610,730,26,33,39.010957,-104.891358,FLY,2500
128391,Western Colorado University,Gunnison,CO,1,1586,www.western.edu/,https://western.edu/admissions/financial-services/tuition-and-costs/net-price-calculator/,25736,11318,24434,11490,10868,13908,16928,21396,high,0.505,0.4385,12000,46833,0.9971,608,683,555,670,22,26,38.549936,-106.919132,FLY,2500
128498,Albertus Magnus College,New Haven,CT,2,991,https://www.albertus.edu/,https://www.albertus.edu/admission-aid/financial-aid/net-price-calculator.php,59407,41908,41908,35343,35537,36279,30273,31523,critical,0.5148,0.52,25000,60144,0.5931,,,,,,,41.332519,-72.923848,DRIVE,1000
128744,University of Bridgeport,Bridgeport,CT,2,1534,www.bridgeport.edu/,www.bridgeport.edu/cost-financial-aid/net-price-calculator,52957,35760,35760,27238,28124,26062,27487,29733,critical,0.4119,0.4262,19500,50323,0.8302,,,,,,,41.164741,-73.190166,DRIVE,1000
128771,Central Connecticut State University,New Britain,CT,1,7822,www.ccsu.edu/,www.ccsu.edu/financial-aid/net-price-calculator,24870,13050,16550,13589,13636,15091,18336,21562,high,0.4844,0.4344,16750,58562,0.7333,490,600,470,590,,,41.692502,-72.765991,DRIVE,1000
128780,Charter Oak State College,New Britain,CT,1,1821,https://www.charteroak.edu/,https://www.charteroak.edu/net-price-calculator,23210,8506,8506,,,15815,,,,0.6667,0.6667,12422,64209,,,,,,,,41.666848,-72.781239,DRIVE,1000
128902,Connecticut College,New London,CT,2,1937,www.conncoll.edu/,https://conncoll.studentaidcalculator.com/survey.aspx,84623,67242,67242,13341,16892,28961,29797,47031,high,0.8205,0.8987,20000,75001,0.3704,690,760,660,740,30,33,41.379833,-72.107321,DRIVE,1000
129020,University of Connecticut,Storrs,CT,1,19835,https://uconn.edu/,https://financialaid.uconn.edu/pricecalc/,39426,21044,43712,15193,16339,20608,28285,33797,critical,0.8329,0.7708,18610,73997,0.5239,610,710,600,730,28,33,41.809098,-72.249948,DRIVE,1000
129154,Goodwin University,East Hartford,CT,2,2693,www.goodwin.edu/,www.goodwin.edu/institutional-effectiveness/npcalc/npcalc.htm,39589,21198,21198,28205,29159,29804,33401,30550,critical,0.5821,0.55,14221,43596,,,,,,,,41.742977,-72.64032,DRIVE,1000
129215,Eastern Connecticut State University,Willimantic,CT,1,3418,https://www.easternct.edu/,https://www.easternct.edu/financial-aid/costs/net-price-calculator.html,31983,13928,17428,17654,16943,19340,21109,24346,critical,0.5752,0.4885,18500,56469,0.8298,540,650,530,610,,,41.721673,-72.218753,DRIVE,1000
129242,Fairfield University,Fairfield,CT,2,5373,fairfield.edu/,collegepricecalculator.com/fairfielduniversity,76074,58350,58350,33302,35155,26953,44077,50773,critical,0.843,0.6875,23251,88794,0.3329,630,700,630,690,29,32,41.157673,-73.255903,DRIVE,1000
129367,Connecticut State Community College,New Britain,CT,1,33645,https://ctstate.edu/,ctstate.edu/net-price-calculator,18370,5338,15596,11009,11280,12173,12512,13551,high,,,5235,41344,,,,,,,,41.768397,-72.672734,DRIVE,1000
129525,University of Hartford,West Hartford,CT,2,4146,www.hartford.edu/,https://www.hartford.edu/admission/tuition-fees/tuition-calculator.aspx,64729,49075,49075,25925,24512,27277,30956,34833,critical,0.5438,0.4473,19500,60823,0.9575,570,660,550,650,24,30,41.798591,-72.715213,DRIVE,1000
129534,Holy Apostles College and Seminary,Cromwell,CT,2,216,www.holyapostles.edu/,https://www.holyapostles.edu/static/npc/npcalc.htm,17990,9580,9580,10117,,,,,high,0.7857,1,7500,,,,,,,,,41.60682,-72.647853,DRIVE,1000
129774,Mitchell College,New London,CT,2,377,https://www.mitchell.edu/,https://npc.collegeboard.org/app/mitchell,55621,40490,40490,26485,27972,29970,29559,35675,critical,0.4218,0.3947,15000,39115,0.9466,,,,,,,41.328013,-72.09523,DRIVE,1000
129941,University of New Haven,West Haven,CT,2,4841,www.newhaven.edu/,https://www.newhaven.edu/admissions/financial-aid/undergraduate/prospective/estimate.php,66962,47332,47332,27837,29043,31601,34853,38385,critical,0.6307,0.5688,20475,60126,0.6038,540,645,520,620,,,41.291314,-72.961472,DRIVE,1000
130226,Quinnipiac University,Hamden,CT,2,6531,www.qu.edu/,https://www.qu.edu/paying-for-college/undergraduate/costs-and-budgets/net-price-calculator/,72215,55480,55480,33649,35827,36507,39096,42891,critical,0.757,0.6412,21500,83759,0.7215,580,660,570,660,25,30,41.418915,-72.894117,DRIVE,1000
130253,Sacred Heart University,Fairfield,CT,2,7087,https://www.sacredheart.edu/,https://www.sacredheart.edu/admissions--aid/financial-assistance/full-time-undergraduates/net-price-calculator/,69289,50404,50404,38691,40517,41647,46348,48217,critical,0.7346,0.6323,19860,75059,0.6536,,,,,,,41.220893,-73.243332,DRIVE,1000
130314,University of Saint Joseph,West Hartford,CT,2,838,https://www.usj.edu/,https://www.usj.edu/admissions/tuition-financial-aid/net-price-calculator/,59900,47278,47278,24563,23940,24054,27701,31958,critical,0.6376,0.5816,24000,59908,0.7859,440,610,410,560,,,41.781041,-72.72965,DRIVE,1000
130493,Southern Connecticut State University,New Haven,CT,1,6295,www.southernct.edu/,go.southernct.edu/netpricecalculator/,29673,13438,27378,17736,18729,19437,22532,27809,critical,0.4993,0.4531,15000,55043,0.9147,,,,,,,41.333225,-72.947897,DRIVE,1000
130590,Trinity College,Hartford,CT,2,2146,https://www.trincoll.edu/,https://npc.collegeboard.org/app/trinitycollege,87840,70770,70770,11054,13599,18325,24369,48515,high,0.8377,0.8308,21000,90779,0.2925,658,740,640,730,30,34,41.747451,-72.690882,DRIVE,1000
130624,United States Coast Guard Academy,New London,CT,1,1108,https://www.uscga.edu/,https://www.uscga.edu/cost-and-tuition/,,,,,,,,,,0.9273,,,,0.2244,620,700,620,700,27,32,41.375823,-72.101583,DRIVE,1000
130697,Wesleyan University,Middletown,CT,2,3067,https://www.wesleyan.edu/,https://www.wesleyan.edu/admission/affordability-and-aid/cost-of-attendance.html#calculators,89020,70342,70342,4871,3604,6175,17294,51140,medium,0.9264,0.927,13824,73897,0.1649,705,760,710,780,33,35,41.554665,-72.657146,DRIVE,1000
130776,Western Connecticut State University,Danbury,CT,1,3511,https://www.wcsu.edu/,https://www.wcsu.edu/finaid/net-price-calculator/,24877,13401,16901,13507,13716,16697,18737,21318,high,0.5176,0.4919,17002,59115,0.8701,510,580,530,590,,,41.400365,-73.444264,DRIVE,1000
130794,Yale University,New Haven,CT,2,6758,https://www.yale.edu/,https://admissions.yale.edu/estimate-your-cost,88300,67250,67250,17633,15626,17943,12558,45951,critical,0.9574,0.9551,11648,100533,0.0387,730,780,740,790,33,35,41.311158,-72.926688,DRIVE,1000
130907,Delaware Technical Community College-Terry,Dover,DE,1,10867,https://www.dtcc.edu/,https://www.dtcc.edu/admissions-financial-aid/tuition-fees/net-price-calculator,17232,5445,12308,10934,10973,12317,14178,14968,high,0.2248,0.1743,5500,41448,,,,,,,,39.198371,-75.56012,DRIVE,600
130934,Delaware State University,Dover,DE,1,4398,www.desu.edu/,www.desu.edu/npc,27939,10670,20634,11135,12452,15701,17633,17326,high,0.391,0.3545,17500,49307,0.4658,420,520,380,500,20,24,39.187173,-75.54053,DRIVE,600
130943,University of Delaware,Newark,DE,1,19071,www.udel.edu/,www.udel.edu/apply/undergraduate-admissions/financing-your-degree/net-price-calculator/,30952,16810,41400,10901,10099,13225,17401,25580,high,0.8055,0.7017,21000,72950,0.706,600,690,590,680,28,32,39.679577,-75.752822,DRIVE,600
130989,Goldey-Beacom College,Wilmington,DE,2,691,www.gbc.edu/,https://www.gbc.edu/admissions-aid/financial-aid/undergraduate/cost-and-affordability/,26502,14940,14940,11367,14549,15777,19540,20121,high,0.5743,0.4079,14375,59892,0.8451,,,,,,,39.741501,-75.689624,DRIVE,600
131113,Wilmington University,New Castle,DE,2,7906,www.wilmu.edu/,https://npc.collegeboard.org/student/app/wilmu,19644,12630,12630,15500,15920,16623,19644,,critical,0.1982,0.1698,14308,53844,,,,,,,,39.682299,-75.586998,DRIVE,600
131159,American University,Washington,DC,2,7266,www.american.edu/,www.american.edu/financialaid/net-price-calculator-form.cfm,76058,58771,58771,23233,20444,26035,30063,53673,critical,0.7549,0.7548,19500,77370,0.6196,660,740,620,720,29,32,38.936005,-77.088875,DRIVE,1000
131283,The Catholic University of America,Washington,DC,2,3154,https://www.catholic.edu/,https://financial-aid.catholic.edu/costs/net-price-calculator.html,75481,58378,58378,17358,17895,24723,28295,37651,critical,0.7947,0.6789,22250,73250,0.8278,,,,,,,38.933651,-76.997909,DRIVE,1000
131399,University of the District of Columbia,Washington,DC,1,3351,www.udc.edu/,www.udc.edu/custom/cost_calculator/npcalc.htm,20437,5662,12514,10268,10399,10557,16312,,high,0.3324,0.2275,14250,44236,,,,,,,,38.943819,-77.066247,DRIVE,1000
131450,Gallaudet University,Washington,DC,2,812,https://gallaudet.edu/,gallaudet.edu/tuition-financial-aid/calculator/,40374,19654,19654,14129,15238,14236,18830,18318,high,0.4726,0.4914,12750,43101,0.5806,380,502,400,520,14,17,38.907371,-76.993675,DRIVE,1000
131469,George Washington University,Washington,DC,2,11182,https://www.gwu.edu/,https://financialaid.gwu.edu/net-price-calculator,83856,67710,67710,17440,17292,22080,28100,55337,critical,0.8398,0.846,19500,90873,0.4709,680,750,670,750,31,34,38.89923,-77.048363,DRIVE,1000
131496,Georgetown University,Washington,DC,2,7569,https://www.georgetown.edu/,finaid.georgetown.edu/consumer-info#Net Price,88741,68017,68017,5064,12155,18329,26459,57403,medium,0.9481,0.9221,13500,103494,0.1291,700,770,690,780,31,35,38.908809,-77.073463,DRIVE,1000
131520,Howard University,Washington,DC,2,10108,www.howard.edu/,https://www2.howard.edu/student-financial-services/net-price-calculator,54630,35810,35810,46051,47477,50245,52981,54270,critical,0.6996,0.6632,19200,63066,0.4134,560,670,530,650,22,28,38.922392,-77.018966,DRIVE,1000
131876,Trinity Washington University,Washington,DC,2,1414,www2.trinitydc.edu/,www.trinitydc.edu/enrollment/net-price-calculator/,33903,26610,26610,7928,8554,8502,13623,15307,high,0.4929,0.4324,19402,53804,0.9952,,,,,,,38.927398,-77.004261,DRIVE,1000
132374,Atlantic Technical College,Coconut Creek,FL,1,3000,www.atlantictechnicalcollege.edu/,www.atlantictechnicalcollege.edu/net-price-calculator/,,,,10214,8461,12018,,,high,,,,38560,,,,,,,,26.24278,-80.192271,FLY,2500
132408,Baptist University of Florida,Graceville,FL,2,360,www.buf.edu/,www.buf.edu/net-price-calculator,23159,15000,15000,8754,7604,13451,,,high,0.5185,1,17073,42836,0.3599,,,,,,,30.962708,-85.503931,FLY,2500
132471,Barry University,Miami,FL,2,2212,www.barry.edu/,www.barry.edu/netpricecalculator/,50778,34350,34350,20804,21485,21524,25690,29180,critical,0.3787,0.3824,15750,55966,0.7724,,,,,,,25.878908,-80.198925,FLY,2500
132602,Bethune-Cookman University,Daytona Beach,FL,2,2732,https://www.cookman.edu/,https://nces.ed.gov/ipeds/netpricecalculator/,29764,14794,14794,10896,11487,14346,17882,18654,high,0.3052,0.272,22500,38518,0.8824,430,510,400,480,,,29.207195,-81.032946,FLY,2500
132657,Lynn University,Boca Raton,FL,2,2859,https://www.lynn.edu/,https://lynn.aidcalculator.com/calculator,67880,44480,44480,40711,42920,42506,42978,47151,critical,0.5206,0.4528,10413,49006,0.7347,530,610,510,590,21,26,26.385985,-80.122806,FLY,2500
132693,Eastern Florida State College,Melbourne,FL,1,10490,https://www.easternflorida.edu/,https://www.easternflorida.edu/financial-aid/net-price-calculator.php,11966,2496,9739,4858,5658,7600,9722,11623,medium,0.5208,0.4521,8279,37195,,,,,,,,28.170002,-80.670781,FLY,2500
132709,Broward College,Fort Lauderdale,FL,1,24922,www.broward.edu/,www.broward.edu/admissions/tuition-costs/net-price-calculator.html,21947,2830,8952,13467,14278,16098,18937,20368,high,0.3913,0.3778,4500,41939,,,,,,,,26.119422,-80.14183,FLY,2500
132842,Albizu University-Miami,Miami,FL,2,287,https://www.albizu.edu/,https://www.albizu.edu/wp-content/uploads/netpricecalculator/miami/npcalc.htm,28344,13818,13818,19745,22860,14652,,,critical,0.4,0.6667,5000,41544,0.7571,,,,,,,25.795181,-80.354942,FLY,2500
132851,College of Central Florida,Ocala,FL,1,5033,www.cf.edu/,https://www.cf.edu/NPC,18424,2710,10517,11096,11635,14020,17279,18424,high,0.4446,0.4104,8550,38203,,,,,,,,29.166079,-82.175692,FLY,2500
132903,University of Central Florida,Orlando,FL,1,59146,https://www.ucf.edu/,https://finaid.ucf.edu/net-price-calculator/,23133,6368,22467,5816,7174,10128,14902,17681,medium,0.7801,0.765,15000,58308,0.4011,610,680,590,670,25,29,28.602159,-81.200889,FLY,2500
133021,Chipola College,Marianna,FL,1,1312,https://www.chipola.edu/,https://www.chipola.edu/admissions/financial-aid/net-price-calculator/,9262,3120,8950,210,1109,3279,6537,6917,low,0.5313,0.4231,,37378,,,,,,,,30.789228,-85.23139,FLY,2500
133386,Daytona State College,Daytona Beach,FL,1,10176,www.daytonastate.edu/,www.daytonastate.edu/financial-aid/costs.html,12050,3106,11994,5819,6187,8372,11071,12050,medium,0.4323,0.4132,5500,37096,,,,,,,,29.20278,-81.049513,FLY,2500
133492,Eckerd College,Saint Petersburg,FL,2,1888,https://www.eckerd.edu/,https://www.eckerd.edu/admissions/net-price-calculator/,68944,51884,51884,29615,34524,34294,35840,43955,critical,0.6592,0.6299,19500,51819,0.758,600,690,560,640,24,29,27.715798,-82.687043,FLY,2500
133508,Florida SouthWestern State College,Fort Myers,FL,1,11052,https://www.fsw.edu/,www.fsw.edu/financialaid/netprice,14254,3401,12979,6011,6484,8516,11200,13337,medium,0.3921,0.3913,5000,43421,,,,,,,,26.552403,-81.887102,FLY,2500
133526,Edward Waters University,Jacksonville,FL,2,1087,www.ew.edu/,https://www.ew.edu/financial-aid/,26617,16366,16366,12380,12113,9743,21661,20865,high,0.2819,0.248,11000,34782,0.8495,,,,,,,30.34479,-81.684879,FLY,2500
133553,Embry-Riddle Aeronautical University-Daytona Beach,Daytona Beach,FL,2,7860,daytonabeach.erau.edu/,daytonabeach.erau.edu/financial-aid/net-price-calculator,64632,44249,44249,36238,35628,36769,40670,45035,critical,0.6655,0.5954,14250,84131,0.6481,580,670,580,690,24,30,29.189903,-81.048367,FLY,2500
133650,Florida Agricultural and Mechanical University,Tallahassee,FL,1,7582,https://www.famu.edu/,https://www.collegeraptor.com/shopping/school/florida-agricultural-and-mechanical-university-fl--133650,23970,5785,17725,13299,10921,15269,18325,20332,high,0.5335,0.4958,17855,44349,0.2056,520,610,510,570,20,24,30.428504,-84.290226,FLY,2500
133669,Florida Atlantic University,Boca Raton,FL,1,23757,www.fau.edu/,www.fau.edu/finaid/other/cost-of-attendance/,21522,4879,17324,3022,4135,8106,14440,16854,medium,0.6257,0.6329,12500,56746,0.6613,530,610,510,590,21,26,26.372421,-80.102978,FLY,2500
133702,Florida State College at Jacksonville,Jacksonville,FL,1,19648,www.fscj.edu/,www.fscj.edu/admissions-aid/financial-aid/applying-for-aid/net-price-calculator,9323,2878,9992,2563,3202,5508,7897,9233,medium,0.3683,0.2978,8750,42244,,,,,,,,30.334918,-81.659901,FLY,2500
133711,Flagler College,Saint Augustine,FL,2,2391,https://www.flagler.edu/,https://www.flagler.edu/admissions--aid/tuition--fees/net-price-calculator/,45744,29900,29900,21733,23129,25521,29663,37909,critical,0.5598,0.5895,15000,49483,0.8076,510,620,450,570,19,25,29.892733,-81.314887,FLY,2500
133809,Florida College,Temple Terrace,FL,2,588,www.floridacollege.edu/,www.floridacollege.edu/admissions/financial-aid/net-price-calculator,34870,20360,20360,20494,19241,19530,25004,29396,critical,0.5404,0.3636,10000,43445,0.6966,480,630,450,590,19,25,28.034936,-82.383289,FLY,2500
133872,AdventHealth University,Orlando,FL,2,1361,www.ahu.edu/,npc.rewiretech.com/app/ahu,38408,21420,21420,28845,30782,27569,35158,33900,critical,0.3889,0.3256,18000,72282,,,,,,,,28.576142,-81.367687,FLY,2500
133881,Florida Institute of Technology,Melbourne,FL,2,3404,https://www.fit.edu/,https://www.fit.edu/financialaid/estimating-your-expenses/net-price-calculator/,62440,45900,45900,29108,29213,31311,36466,40649,critical,0.6354,0.5521,14049,43137,0.577,560,660,560,660,23,28,28.065773,-80.623123,FLY,2500
133951,Florida International University,Miami,FL,1,39508,www.fiu.edu/,tcc.ruffalonl.com/florida international university/freshman-students,21462,6565,18964,7003,7873,10925,14568,18200,medium,0.7443,0.7551,14246,60249,0.5466,550,640,520,620,21,27,25.75732,-80.373928,FLY,2500
133960,The College of the Florida Keys,Key West,FL,1,1012,https://www.cfk.edu/,https://www.cfk.edu/paying-for-college/financial-aid/,19667,3276,13162,10373,11077,15101,17635,17804,high,0.3413,0.359,8250,42508,,,,,,,,24.582748,-81.74446,FLY,2500
133979,Florida Memorial University,Miami Gardens,FL,2,1183,www.fmuniv.edu/,www.fmuniv.edu/admissions/financial-aid/tuition-and-fees/,35809,20174,20174,21882,22868,24425,26861,30076,critical,0.311,0.3133,16475,36624,0.8526,,,,,,,25.918278,-80.270753,FLY,2500
134079,Florida Southern College,Lakeland,FL,2,2656,www.flsouthern.edu/,https://www.flsouthern.edu/admissions/undergraduate/undergraduate-financial-aid/undergraduate-net-price-calculator,60768,44040,44040,23624,21385,25830,29044,33706,critical,0.7055,0.6667,19500,55294,0.6442,590,680,560,650,25,30,28.032443,-81.948203,FLY,2500
134097,Florida State University,Tallahassee,FL,1,32212,https://www.fsu.edu/,https://financialaid.fsu.edu/cost,25720,5656,18786,5938,6963,10496,14991,19239,medium,0.8561,0.83,16100,61675,0.2422,640,710,630,700,29,32,30.443147,-84.295064,FLY,2500
134130,University of Florida,Gainesville,FL,1,35629,https://www.ufl.edu/,https://npc.collegeboard.org/app/ufl,22523,6381,28659,1982,2768,7151,12905,16723,low,0.9112,0.8733,14000,71588,0.242,660,730,660,750,29,33,29.64629,-82.347911,FLY,2500
134291,George Stone Technical College,Pensacola,FL,1,561,https://gstc.escambiaschools.org/,www1.escambia.k12.fl.us/schscnts/gstone/netpricecalculator/npcalc.htm,,,,,,,,,,,,,35234,,,,,,,,30.487547,-87.290659,FLY,2500
134343,Gulf Coast State College,Panama City,FL,1,3934,https://gulfcoast.edu/,https://www.gulfcoast.edu/tuition-aid/financial-aid/net-price-calculator/index.html,14657,2370,8635,2915,4369,6483,9806,12071,medium,0.4346,0.3646,5500,38359,,,,,,,,30.185542,-85.727918,FLY,2500
134495,Hillsborough College,Tampa,FL,1,21472,https://www.hccfl.edu/,https://www.hccfl.edu/net-price-calculator,9924,2506,9111,3839,4395,5505,,9924,medium,0.3418,0.3169,6000,40782,,,,,,,,27.934888,-82.456253,FLY,2500
134510,Hobe Sound Bible College,Hobe Sound,FL,2,112,https://hsbc.edu/,https://hsbc.edu/finances/tuition-calculator/,18838,9068,9068,12148,11554,11554,14176,,high,0.5,0.6364,,39863,,,,,,,,27.066304,-80.13184,FLY,2500
134608,Indian River State College,Fort Pierce,FL,1,11822,www.irsc.edu/,https://irsc.edu/admissions/financial-assistance/net-price-calculator/,11576,2764,10201,2594,3525,5641,7285,10109,medium,0.4491,0.4332,5500,38315,,,,,,,,27.42416,-80.358682,FLY,2500
134945,Jacksonville University,Jacksonville,FL,2,2930,https://www.ju.edu/index.php,https://ju.studentaidcalculator.com/survey.aspx,63969,47830,47830,21893,19733,23974,27936,29653,critical,0.5065,0.4081,12803,68010,0.5694,580,660,520,620,22,27,30.353227,-81.60458,FLY,2500
135081,Keiser University-Ft Lauderdale,Fort Lauderdale,FL,2,17678,www.keiseruniversity.edu/,enroll.keiseruniversity.edu/npc,43251,25056,25056,29143,30272,32174,36495,36775,critical,0.6101,0.5861,13000,39696,0.9697,,,,,,,26.185869,-80.163959,FLY,2500
135160,Florida Gateway College,Lake City,FL,1,2301,https://www.fgc.edu/,https://www.fgc.edu/about-fgc/consumer-information/index.html,14388,3100,11747,3638,4529,6762,10221,11870,medium,0.5391,0.451,5500,37894,,,,,,,,30.175298,-82.5679,FLY,2500
135188,Lake-Sumter State College,Leesburg,FL,1,4177,https://www.lssc.edu/,https://www.lssc.edu/dept/financial-aid/resources/net-price-calculator/,12626,3292,13276,4127,5356,6952,10749,11484,medium,0.4836,0.4047,4500,39876,,,,,,,,28.828649,-81.797193,FLY,2500
135267,Fort Myers Technical College,Fort Myers,FL,1,737,www.fortmyerstech.edu/,https://www.fortmyerstech.edu/about-fmtc/financial-aid/,,,,,,,,,,,,,40082,,,,,,,,26.647517,-81.836596,FLY,2500
135276,Lively Technical College,Tallahassee,FL,1,762,www.livelytech.com/,www.livelytech.com/calculator/index.html,,,,10164,10506,11050,9723,,high,,,,30413,,,,,,,,30.448534,-84.339057,FLY,2500
135294,Lindsey Hopkins Technical College,Miami,FL,1,393,www.lindseyhopkins.edu/,www.lindseyhopkins.edu/?s=net+price+calculator,,,,6243,,,,,medium,,,,34107,,,,,,,,25.794676,-80.208154,FLY,2500
135364,Luther Rice College & Seminary,Lithonia,GA,2,165,www.lutherrice.edu/,www.lutherrice.edu/tuition-and-aid/financial-aid-calculators.cms,31680,11320,11320,27883,,,,,critical,,,16094,47003,0.9167,,,,,,,33.698126,-84.123179,FLY,2500
135391,State College of Florida-Manatee-Sarasota,Bradenton,FL,1,7379,www.scf.edu/,www.scf.edu/wp-content/npc.html,28709,3074,11595,22147,28157,26326,,,critical,0.3829,0.3444,5720,40318,,,,,,,,27.43804,-82.590887,FLY,2500
135407,Manatee Technical College,Bradenton,FL,1,1486,www.manateetech.edu/,https://www.manateetech.edu/admissions/net-price-calculator/,,,,974,2093,3193,,,low,,,,38129,,,,,,,,27.447894,-82.481088,FLY,2500
135522,Traviss Technical College,Lakeland,FL,1,460,https://techcolleges.polkschoolsfl.com/,nces.ed.gov/collegenavigator/,,,,,,,,,,,,,39813,,,,,,,,27.995822,-81.892381,FLY,2500
135647,Miami Lakes Educational Center and Technical College,Miami Lakes,FL,1,665,https://miamilakes.edu/,miamilakes.edu/wp-content/uploads/2019/10/index.html,,,,2878,2530,,,,medium,,,,35014,,,,,,,,25.915514,-80.294424,FLY,2500
135717,Miami Dade College,Miami,FL,1,46182,www.mdc.edu/,www.mdc.edu/netpricecalculator/npcalc.htm,13567,2838,9661,4822,5314,7613,9530,9180,medium,0.4594,0.4438,7500,40654,,,,,,,,25.777717,-80.190856,FLY,2500
135726,University of Miami,Coral Gables,FL,2,12913,www.miami.edu/,https://npc.collegeboard.org/app/miami,86078,62616,62616,15978,17941,21768,27982,50352,critical,0.8368,0.802,15250,75328,0.189,660,730,660,750,30,33,25.72126,-80.278662,FLY,2500
135735,Orange Technical College-South Campus,Orlando,FL,1,1124,www.orangetechcollege.net/,https://www.orangetechcollege.net/,,,,9073,7364,10564,,,high,,,,33350,,,,,,,,28.471695,-81.415996,FLY,2500
136145,North Florida College,Madison,FL,1,793,https://www.nfc.edu/,https://www.nfc.edu/admissions/paying-for-college/,9265,3054,11400,4,767,3223,5315,,low,0.5922,0.4828,,33929,,,,,,,,30.473841,-83.420732,FLY,2500
136172,University of North Florida,Jacksonville,FL,1,13359,https://www.unf.edu/,https://www.unf.edu/financialaid/calculator.html,20983,6389,20793,6647,6866,10000,13842,17730,medium,0.6921,0.6705,11750,56343,0.5324,550,650,520,620,19,25,30.27194,-81.509144,FLY,2500
136215,Nova Southeastern University,Fort Lauderdale,FL,2,7240,https://www.nova.edu/,https://www.nova.edu/npc/index.html,56692,38700,38700,26603,27048,29953,34277,35443,critical,0.6334,0.5629,16985,59209,0.7321,530,650,500,650,19,28,26.082288,-80.249891,FLY,2500
136233,Northwest Florida State College,Niceville,FL,1,3010,https://www.nwfsc.edu/,https://www.nwfsc.edu/students/financialaid/net-price-calculator/,12914,2583,10612,3683,4011,6628,8430,8717,medium,0.3888,0.3445,5500,39664,,,,,,,,30.540017,-86.47456,FLY,2500
136330,Palm Beach Atlantic University,West Palm Beach,FL,2,2603,https://www.pba.edu/,https://www.pba.edu/financial-aid/tuition-fees/net-price-calculator/index.html,53827,40650,40650,25570,25312,25619,26244,32786,critical,0.5534,0.4759,13816,49232,0.8199,500,620,450,600,18,26,26.7044,-80.05247,FLY,2500
136358,Palm Beach State College,Lake Worth,FL,1,21956,www.pbsc.edu/,https://smarternpc.com/widget/62e2e49049af7,16830,3050,10910,8131,8675,10862,13902,12013,high,0.4106,0.4024,5061,41923,,,,,,,,26.61256,-80.08653,FLY,2500
136400,Pasco-Hernando State College,New Port Richey,FL,1,6900,https://www.phsc.edu/,https://cpnta.phsc.edu/csrs/hlp/netpricecalc/npcalc.htm,11730,3155,12032,3533,4265,5860,8878,10754,medium,0.41,0.3344,7000,39903,,,,,,,,28.2751,-82.646727,FLY,2500
136473,Pensacola State College,Pensacola,FL,1,7538,www.pensacolastate.edu/,www.pensacolastate.edu/financialaid/netpricecalc/npcalc.htm,11894,2361,9460,3533,10286,10678,8978,11594,medium,0.3642,0.346,5500,36739,,,,,,,,30.479267,-87.200265,FLY,2500
136516,Polk State College,Winter Haven,FL,1,7180,www.polk.edu/,https://www.polk.edu/NetPriceCalculator/npcalc.htm,13451,2694,9817,9446,9203,9502,,7464,high,0.3534,0.3128,6500,40624,,,,,,,,28.032411,-81.711873,FLY,2500
136659,Radford M Locklin Technical College,Milton,FL,1,233,https://www.locklintech.com/,https://core-docs.s3.us-east-1.amazonaws.com/documents/asset/uploaded_file/5224/locklintech/5588581/net_price_calculator.html,,,,216,1743,1569,,,low,,,,35997,,,,,,,,30.648077,-87.09971,FLY,2500
136774,Ringling College of Art and Design,Sarasota,FL,2,1662,https://www.ringling.edu/,https://npc.collegeboard.org/student/app/ringling,80276,57900,57900,47261,48213,55121,59265,62609,critical,0.7207,0.709,27000,43325,0.6965,,,,,,,27.360931,-82.547803,FLY,2500
136826,Robert Morgan Educational Center and Technical College,Miami,FL,1,1045,www.robertmorgantech.edu/,https://www.robertmorgantech.edu/wp-content/uploads/2024/07/RBT.html,,,,12546,12976,14409,,,high,,,,37543,,,,,,,,25.599247,-80.390054,FLY,2500
136950,Rollins College,Winter Park,FL,2,2631,https://www.rollins.edu/,www.rollins.edu/scholarships-aid/net-price-calculator/,76108,60580,60580,27177,27965,30079,32393,41006,critical,0.7505,0.7143,21385,58295,0.4754,600,690,560,680,25,30,28.592787,-81.349239,FLY,2500
137032,Saint Leo University,Saint Leo,FL,2,6721,www.saintleo.edu/,https://www.saintleo.edu/net-price-calculator,45264,30000,30000,19602,17699,19823,23707,25780,critical,0.45,0.3597,14250,48364,0.784,,,,,,,28.336776,-82.257801,FLY,2500
137078,St Petersburg College,St. Petersburg,FL,1,18950,www.spcollege.edu/,www.spcollege.edu/financial-aid/tuition-and-fees/net-price-calculator-for-college,12885,2682,9286,-716,677,4005,8923,11943,low,0.3825,0.3371,11000,42557,,,,,,,,27.773264,-82.636587,FLY,2500
137096,Santa Fe College,Gainesville,FL,1,11122,www.sfcollege.edu/,https://www.sfcollege.edu/fa/get/net-price-calculator.html,14165,2563,9189,10268,10485,11608,12568,13201,high,0.5343,0.4575,7125,41631,,,,,,,,29.681037,-82.433143,FLY,2500
137120,Suncoast Technical College,Sarasota,FL,1,1116,www.sarasotacountyschools.net/o/stcsmc,https://www.sarasotacountyschools.net/o/stcsmc/page/net-price-calculator,,,,17328,15713,17648,,,critical,,,,40621,,,,,,,,27.285486,-82.500827,FLY,2500
137209,Seminole State College of Florida,Sanford,FL,1,12864,https://www.seminolestate.edu/,https://www.seminolestate.edu/financial-aid/resources/cost-estimator,14281,3122,11447,7038,7931,10355,12821,14242,medium,0.4129,0.3906,7704,41733,,,,,,,,28.745482,-81.308003,FLY,2500
137245,Sheridan Technical College,Hollywood,FL,1,1352,www.sheridantechnicalcollege.edu/,www.sheridantechnicalcollege.edu/net-price-calculator/,,,,6305,7170,7516,,7128,medium,,,,33166,,,,,,,,26.031736,-80.198024,FLY,2500
137281,Saint Johns River State College,Palatka,FL,1,4403,www.sjrstate.edu/,www.sjrstate.edu/netprice.html,12906,2591,9335,6157,4635,6860,,,medium,0.4888,0.4741,8323,41728,,,,,,,,29.647516,-81.681387,FLY,2500
137315,South Florida State College,Avon Park,FL,1,2045,www.southflorida.edu/,www.southflorida.edu/current-students/financial-aid-scholarships/net-price-calculator,10169,3165,11859,3480,3597,4758,6564,3698,medium,0.4764,0.4537,5387,39990,,,,,,,,27.56974,-81.508667,FLY,2500
137351,University of South Florida,Tampa,FL,1,37207,www.usf.edu/,https://tup-ofa.forest.usf.edu/npc,22859,6410,17324,4122,5444,9326,15224,18497,medium,0.7676,0.7551,14976,57743,0.4319,580,660,550,660,24,29,28.061458,-82.413232,FLY,2500
137476,St. Thomas University,Miami Gardens,FL,2,2214,www.stu.edu/,https://www.stu.edu/financial-aid/net-price-calculators/,51205,34770,34770,24657,26101,27122,29081,30098,critical,0.4806,0.4561,9500,54272,0.9791,,,,,,,25.922071,-80.253273,FLY,2500
137546,Stetson University,DeLand,FL,2,2297,https://www.stetson.edu/,https://www.stetson.edu/administration/financial-aid/net-price-calculator.php,72533,57410,57410,15931,14657,17327,22600,26904,critical,0.6229,0.5815,15000,51642,0.716,540,660,520,610,21,28,29.035475,-81.300746,FLY,2500
137564,Southeastern University,Lakeland,FL,2,4813,https://www.seu.edu/,https://www.seu.edu/admission/financial/cost-calculator/,49329,32950,32950,29498,29185,31185,34795,34482,critical,0.4255,0.367,12000,46744,0.5298,,,,,,,28.029733,-81.918382,FLY,2500
137713,Riveroak Technical College,Live Oak,FL,1,250,rtc.suwannee.k12.fl.us/o/rtc,rtc.suwannee.k12.fl.us/o/rtc/page/financial-aid,,,,10143,,,,,high,,,,31778,,,,,,,,30.281999,-82.992512,FLY,2500
137759,Tallahassee State College,Tallahassee,FL,1,11053,www.tsc.fl.edu/,www.tsc.fl.edu/admissions/financial-aid/students/net-price-calculator/?gad_source=1&gclid=CjwKCAjw2dG1BhB4EiwA998cqL6RPd3k0KYQUeY_FmDRi7XhGtAxBL6M8FbsxeGKLoGa9Nzh6EvGjRoCBnAQAvD_BwE,13378,2026,8062,6047,6268,8901,12150,13363,medium,0.3795,0.3276,5350,37561,,,,,,,,30.443866,-84.339,FLY,2500
137847,The University of Tampa,Tampa,FL,2,10572,https://www.ut.edu/,https://www.ut.edu/admissions/financial-aid/net-price-calculator,51614,34408,34408,30011,31513,31898,34691,37975,critical,0.637,0.5749,18750,59436,0.4034,,,,,,,27.948455,-82.46483,FLY,2500
137953,Trinity College of Jacksonville,Jacksonville,FL,2,386,www.tcj.edu/,media.tcj.edu/netpricecalculatord/npcalc.htm,26995,15100,15100,16686,18885,18174,21991,23223,critical,0.3418,0.2941,11500,37275,0.5328,408,483,370,523,16,20,30.311171,-81.79626,FLY,2500
137962,Trinity College of Florida,Trinity,FL,2,148,trinitycollege.edu/,www.trinitycollege.edu/npc/,24904,16300,16300,16224,21304,21584,22854,24304,critical,0,0,12000,32465,0.9189,,,,,,,28.194732,-82.678318,FLY,2500
138187,Valencia College,Orlando,FL,1,39486,valenciacollege.edu/,valenciacollege.edu/finaid/net-price-calculator/,18529,2664,9576,11453,11575,13901,15552,14781,high,0.478,0.4533,5840,40594,,,,,,,,28.520783,-81.464275,FLY,2500
138275,Warner University,Lake Wales,FL,2,756,www.warner.edu/,https://warner.edu/student-finances/net-price-calculator//,41044,29992,29992,17853,18884,21526,18958,23060,critical,0.4213,0.3413,13000,46086,0.4281,410,540,380,530,14,20,27.825751,-81.599972,FLY,2500
138293,Webber International University,Babson Park,FL,2,813,www.webber.edu/,https://npc.collegeboard.org/student/app/webber,50989,33770,33770,27801,25644,29924,33574,32673,critical,0.2796,0.1845,8750,45606,0.694,,,,,,,27.838778,-81.532315,FLY,2500
138354,University of West Florida,Pensacola,FL,1,9330,uwf.edu/,uwf.edu/offices/financial-aid/cost-of-attendance/true-cost-calculator/,19947,6360,19241,4815,6462,8077,12456,16620,medium,0.588,0.5378,13000,49137,0.5824,520,630,500,600,20,27,30.549076,-87.218511,FLY,2500
138372,Orange Technical College-West Campus,Ocoee,FL,1,677,https://www.orangetechcollege.net/west-campus,https://www.orangetechcollege.net/158267_3,,,,13617,13298,14021,16359,,high,,,,25145,,,,,,,,28.597903,-81.555585,FLY,2500
138479,William T McFatter Technical College,Davie,FL,1,697,www.mcfattertechnicalcollege.edu/,www.mcfattertechnicalcollege.edu/net-price-calculator/,,,,11888,12031,11924,,,high,,,,41656,,,,,,,,26.085022,-80.232201,FLY,2500
138488,Orange Technical College-East Campus,Orlando,FL,1,334,https://www.orangetechcollege.net/campuses/east_campus,https://www.orangetechcollege.net/cms/one.aspx?portalId=87003&pageId=1180959,,,,8052,13923,,,,high,,,,31858,,,,,,,,28.604386,-81.36174,FLY,2500
138497,Withlacoochee Technical College,Inverness,FL,1,278,www.wtcollege.org/,https://wtc.citrusschools.org/296909_2,,,,10347,10349,10350,,,high,,,,34279,,,,,,,,28.834861,-82.345563,FLY,2500
138558,Abraham Baldwin Agricultural College,Tifton,GA,1,3208,https://www.abac.edu/,https://tools.abac.edu/npc,13956,3268,10588,4323,4299,6824,10489,11026,medium,0.3615,0.3073,8750,34996,0.7572,440,560,420,520,17,22,31.481889,-83.528281,FLY,2500
138600,Agnes Scott College,Decatur,GA,2,836,www.agnesscott.edu/,https://www.collegeraptor.com/shopping/school/agnes-scott-college-ga--138600,63283,50604,50604,21467,21956,23697,25194,30054,critical,0.7068,0.6643,17750,56274,0.6215,620,695,540,635,25,31,33.769268,-84.295459,FLY,2500
138682,Albany Technical College,Albany,GA,1,2029,www.albanytech.edu/,https://www.albanytech.edu/uploads/files/29/1b/291bacf5baf6f6cc54480038eb27c9c2.html,14101,3364,5932,4308,3847,6209,9228,,medium,,,5681,30541,,,,,,,,31.55434,-84.174284,FLY,2500
138716,Albany State University,Albany,GA,1,5956,https://www.asurams.edu/,https://www.asurams.edu/enrollment-management/financial-aid/netpricecalculator.php,19333,5656,17008,10693,11147,13785,16419,17324,high,0.3105,0.3057,12000,40674,,,,,,,,31.56928,-84.141825,FLY,2500
138761,Andrew College,Cuthbert,GA,2,473,www.andrewcollege.edu/,https://www.andrewcollege.edu/net-price-calculator/,37612,19604,19604,19107,20082,22324,24861,26427,critical,0.3281,0.3291,9500,38475,0.4573,,,,,,,31.772321,-84.795021,FLY,2500
138840,Atlanta Technical College,Atlanta,GA,1,3875,https://atlantatech.edu/,https://atlantatech.edu/wp-content/uploads/nET-PRICE-cAL.html,9197,3382,5950,-1731,-1264,462,5413,7293,low,,,6334,30350,,,,,,,,33.712009,-84.404995,FLY,2500
138868,Point University,West Point,GA,2,1996,point.edu/,point.studentaidcalculator.com/survey.aspx,33564,24000,24000,23992,24000,25993,27437,26601,critical,0.3407,0.2511,14502,38740,0.4426,,,,,,,32.87912,-85.184931,FLY,2500
138901,Atlanta Metropolitan State College,Atlanta,GA,1,1228,https://www.atlm.edu/,https://www.atlm.edu/students/net-price-calculator/index.html,11740,3248,10400,4288,4184,8387,10270,11740,medium,0.1741,0.1771,6606,33252,,,,,,,,33.70893,-84.404659,FLY,2500
138947,Clark Atlanta University,Atlanta,GA,2,3603,www.cau.edu/,https://cau.clearcostcalculator.com/student/default/netpricecalculator/survey,43676,28310,28310,37356,39270,39009,39514,38680,critical,0.4902,0.4658,19500,42712,0.6422,,,,,,,33.747628,-84.412584,FLY,2500
138956,Augusta Technical College,Augusta,GA,1,3923,https://www.augustatech.edu/,https://www.augustatech.edu/netpricecalculator/index.html,19254,4282,7492,9952,9957,11759,12718,,high,,,5500,33523,,,,,,,,33.418992,-82.048439,FLY,2500
139144,Berry College,Mount Berry,GA,2,2245,https://www.berry.edu/,https://www.berry.edu/npc,56697,41686,41686,18189,16935,19283,20665,28116,critical,0.6949,0.6519,18900,53800,0.64,580,680,545,650,22,28,34.290414,-85.189202,FLY,2500
139153,Beulah Heights University,Atlanta,GA,2,138,www.beulah.edu/,www.beulah.edu/admissions/financial-aid-scholarships/,,8492,8492,,,,,,,0.3333,0.3333,38980,35236,,,,,,,,33.736993,-84.35768,FLY,2500
139199,Brenau University,Gainesville,GA,2,1029,https://www.brenau.edu/,https://tcc.ruffalonl.com/brenau university/freshman-students,46010,34027,34027,19481,17379,18420,18279,20426,critical,0.3291,0.2406,18425,54003,0.8778,500,620,430,580,18,22,34.303117,-83.821513,FLY,2500
139205,Brewton-Parker Christian University,Mount Vernon,GA,2,774,https://www.bpc.edu/,https://www.bpc.edu/admissions-aid/finances/net-price-calculator/,38918,20120,20120,24574,24633,27082,28590,29357,critical,0.2103,0.1951,8250,42009,0.9649,,,,,,,32.185718,-82.586136,FLY,2500
139250,College of Coastal Georgia,Brunswick,GA,1,2979,https://www.ccga.edu/,https://npc.ccga.edu/npc.html,21924,3616,10936,13298,13494,16022,18785,19646,high,0.2559,0.226,8250,39318,0.9813,465,570,410,530,17,22,31.181983,-81.486169,FLY,2500
139278,West Georgia Technical College,Waco,GA,1,5163,https://www.westgatech.edu/,https://www.westgatech.edu/admissions/getting-started/net-price-calculator/,11209,3410,5978,1311,1655,4394,7320,9102,low,,,5642,35479,,,,,,,,33.691657,-85.183666,FLY,2500
139311,Clayton  State University,Morrow,GA,1,4348,www.clayton.edu/,www.clayton.edu/financial-aid/docs/net-price-calculator-2023.html,17415,5180,16532,7405,7032,9755,12095,14161,medium,0.3986,0.3951,16750,49179,0.6845,450,558,410,520,15,19,33.594079,-84.328174,FLY,2500
139357,Columbus Technical College,Columbus,GA,1,2719,www.columbustech.edu/,www.columbustech.edu/students/student-right-to-know/,13144,4052,7262,3383,4543,6170,,,medium,,,7245,34238,,,,,,,,32.508076,-84.978551,FLY,2500
139366,Columbus State University,Columbus,GA,1,5625,www.columbusstate.edu/,https://columbusstate.edu/financial-aid/net-price.php,21676,5898,17610,11271,11873,13786,16542,18329,high,0.4176,0.3672,15000,44544,0.9912,440,530,360,530,16,22,32.50096,-84.94106,FLY,2500
139384,Georgia Northwestern Technical College,Rome,GA,1,4244,www.gntc.edu/,www.gntc.edu/npcalc/npcalc.htm,15096,3300,5868,5152,5011,6456,8563,14046,medium,,,3971,35759,,,,,,,,34.224673,-85.171361,FLY,2500
139393,Covenant College,Lookout Mountain,GA,2,939,www.covenant.edu/,https://portal.covenant.edu/forms/index/Net_Price_Calculator,57467,42040,42040,18310,15929,24606,24836,30172,critical,0.7149,0.6308,19000,50412,0.8651,600,710,560,670,23,30,34.965161,-85.375066,FLY,2500
139463,Dalton State College,Dalton,GA,1,4553,https://www.daltonstate.edu/,https://www.daltonstate.edu/admissions/financial-aid/net-price-calculator/,12719,3336,10656,3962,3788,6042,8114,10055,medium,0.2531,0.2484,7361,40251,,,,,,,,34.774221,-85.002775,FLY,2500
139621,East Georgia State College,Swainsboro,GA,1,1413,https://www.ega.edu/,https://www.ega.edu/netprice/index.html,15966,2900,9860,8278,8516,10720,13788,15214,high,0.1667,0.1496,6374,37174,,,,,,,,32.594944,-82.309021,FLY,2500
139630,Emmanuel University,Franklin Springs,GA,2,775,eu.edu/,eu.edu/admissions/aid/calculator/,37604,25500,25500,17735,17687,19817,20592,24674,critical,0.4228,0.3196,12000,38208,0.74,,,,,,,34.283641,-83.14822,FLY,2500
139658,Emory University,Atlanta,GA,2,7298,www.emory.edu/,https://npc.collegeboard.org/app/emory,83622,64280,64280,7363,9220,11237,13821,53018,medium,0.9109,0.9161,16750,80137,0.1065,720,760,750,790,32,35,33.790183,-84.325512,FLY,2500
139700,Georgia Highlands College,Rome,GA,1,4761,www.highlands.edu/,sites.highlands.edu/office-of-finance-and-administration/business-office/bursars-office-student-accounts/net-price-calculator/,13389,3120,10080,5473,5989,7827,10618,12363,medium,0.2066,0.2037,6750,43184,,,,,,,,34.169791,-85.207356,FLY,2500
139719,Fort Valley State University,Fort Valley,GA,1,2684,www.fvsu.edu/,www.fvsu.edu/financialaid,19879,5526,16932,9017,9021,11502,15571,16914,high,0.4111,0.4091,19000,36666,0.6587,480,560,450,510,19,24,32.537595,-83.89537,FLY,2500
139755,Georgia Institute of Technology-Main Campus,Atlanta,GA,1,18785,www.gatech.edu/,https://admission.gatech.edu/npc_2024/,28167,12058,34484,7666,7209,10818,15088,17396,high,0.9402,0.8642,20000,102772,0.1407,680,750,690,790,30,34,33.77242,-84.394832,FLY,2500
139764,Georgia Southwestern State University,Americus,GA,1,2424,https://gsw.edu/,https://gsw.edu/financial-aid/files/netpricecalc2023,20484,5220,16572,10477,10935,13508,16373,15415,high,0.4064,0.3944,11000,48757,0.7517,460,570,430,540,16,22,32.054662,-84.217738,FLY,2500
139861,Georgia College & State University,Milledgeville,GA,1,5947,www.gcsu.edu/,irout.gcsu.edu/cc/,30258,9186,29512,15396,16772,19179,22294,23216,critical,0.6361,0.6388,16018,58140,0.7823,550,630,520,600,22,26,33.082787,-83.231962,FLY,2500
139931,Georgia Southern University,Statesboro,GA,1,21790,www.georgiasouthern.edu/,georgiasouthern.clearcostcalculator.com/student/default/netpricecalculator/survey,24430,6022,17734,12162,12564,14965,18408,19789,high,0.549,0.4962,15250,53236,0.8789,528,583,458,550,18,23,32.426153,-81.784045,FLY,2500
139940,Georgia State University,Atlanta,GA,1,26623,www.gsu.edu/,admissions.gsu.edu/cost-calculator/,28241,8664,24840,13787,14430,16656,19390,20305,high,0.5306,0.5142,11750,47384,0.5544,480,590,460,590,19,26,33.7527,-84.38667,FLY,2500
139959,University of Georgia,Athens,GA,1,32137,www.uga.edu/,https://osfa.uga.edu/sites/default/files/npcalc.htm,27993,11450,31688,8085,8686,13096,16942,18079,high,0.8969,0.8526,16666,68726,0.377,640,730,630,750,29,34,33.956262,-83.374039,FLY,2500
139968,Gordon State College,Barnesville,GA,1,2544,https://www.gordonstate.edu/,https://www.gordonstate.edu/netpricecalculator/,14771,3628,10948,6912,6817,9435,12326,12615,medium,0.2043,0.1576,8750,37871,0.859,450,590,440,540,15,24,33.04571,-84.154508,FLY,2500
139986,Southern Crescent Technical College,Griffin,GA,1,4098,www.sctech.edu/,www.sctech.edu/npc/npcalc.htm,16430,3516,6084,4265,5034,8589,9872,14117,medium,,,6334,36104,,,,,,,,33.255438,-84.291662,FLY,2500
139995,Gupton Jones College of Funeral Service,Decatur,GA,2,338,www.gupton-jones.edu/,www.gupton-jones.edu/admissions/general-info,31921,20950,20950,28697,29350,30536,,,critical,,,9500,42636,,,,,,,,33.710709,-84.179775,FLY,2500
140012,Gwinnett Technical College,Lawrenceville,GA,1,8728,https://www.gwinnetttech.edu/,https://www.gwinnetttech.edu/about/oire/net-price-calculator/,15322,3524,6092,5171,5064,7652,10620,13777,medium,,,7056,45025,,,,,,,,33.962763,-84.066224,FLY,2500
140234,LaGrange College,Lagrange,GA,2,636,https://www.lagrange.edu/,https://www.lagrange.edu/ADMISSIONS/cost-and-aid/net-price-calculator.html,49681,35400,35400,20764,19322,18718,18707,24549,critical,0.4692,0.3871,15750,51745,0.6209,,,,,,,33.038564,-85.043113,FLY,2500
140243,Lanier Technical College,Gainesville,GA,1,4613,https://www.laniertech.edu/,https://laniertech.smartcatalogiq.com/en/2025-2026/catalog/financial-aid-information/net-price-calculator,15935,3980,7190,7307,6870,9371,10844,14862,medium,,,,37623,,,,,,,,34.330323,-83.778107,FLY,2500
140252,Life University,Marietta,GA,2,893,www.life.edu/,www.life.edu/admissions-pages/cost-of-attendance/,41295,15036,15036,28151,28136,30263,33995,30883,critical,0.3793,0.3625,9500,47397,0.9303,480,590,440,540,17,20,33.932781,-84.514729,FLY,2500
140331,Chattahoochee Technical College,Marietta,GA,1,8727,www.chattahoocheetech.edu/,https://www.chattahoocheetech.edu/NetPrice/,12532,3540,6108,2561,2622,5697,7410,10158,medium,,,,37138,,,,,,,,33.929092,-84.553722,FLY,2500
140340,Herzing University-Atlanta,Atlanta,GA,2,387,https://www.herzing.edu/,https://www.herzing.edu/tuition-financial-aid/net-price-calculator,27007,13450,13450,21612,22285,,,,critical,0.1395,0.0833,11756,36909,0.9375,,,,,,,33.754218,-84.387251,FLY,2500
140447,Mercer University,Macon,GA,2,4500,https://www.mercer.edu/,https://mercer.studentaidcalculator.com/survey.aspx,58204,42312,42312,19817,21484,22533,25184,26770,critical,0.6962,0.6263,17655,58354,0.6889,590,680,570,670,25,31,32.829134,-83.649392,FLY,2500
140553,Morehouse College,Atlanta,GA,2,2844,www.morehouse.edu/,https://morehouse.clearcostcalculator.com/student/default/netpricecalculator/survey,51433,32893,32893,36359,36534,40092,41179,42723,critical,0.5944,0.5208,18500,52889,0.4396,,,,,18,25,33.745982,-84.414917,FLY,2500
140571,Morris Brown College,Atlanta,GA,2,432,https://www.morrisbrown.edu/,https://morrisbrown.edu/financial-aid/,31968,9558,9558,23264,21593,28167,31968,28568,critical,0.25,,,,,,,,,,,33.753707,-84.407668,FLY,2500
140678,North Georgia Technical College,Clarkesville,GA,1,1910,https://northgatech.edu/,https://intranet.northgatech.edu/financial-aid/net-price-calculator,13085,3330,5898,3525,2893,5769,8459,,medium,,,5657,32932,,,,,,,,34.639721,-83.530118,FLY,2500
140696,Oglethorpe University,Atlanta,GA,2,1352,https://oglethorpe.edu/,https://oglethorpe.edu/admission/cost-calculator/,60581,47590,47590,16207,17558,18745,23924,22055,critical,0.541,0.8258,14750,55232,0.8845,550,660,540,650,22,31,33.875441,-84.333687,FLY,2500
140720,Paine College,Augusta,GA,2,388,www.paine.edu/,https://www.collegeraptor.com/Shopping/School/Paine-College-GA--140720,27431,14596,14596,15322,14959,17233,23604,20388,critical,0.1443,0.151,11000,33338,0.9543,,,,,,,33.469545,-81.993225,FLY,2500
140818,Piedmont University,Demorest,GA,2,1117,https://www.piedmont.edu/,https://www.piedmont.edu/admission-aid/financial-aid/net-price-calculator,46801,31700,31700,15416,17618,19085,24161,25622,critical,0.4741,0.4091,18108,49130,0.9328,528,625,510,620,18,25,34.566042,-83.542126,FLY,2500
140872,Reinhardt University,Waleska,GA,2,1066,https://www.reinhardt.edu/,https://www.reinhardt.edu/admissions-aid/tuition-and-fees/net-price-calculator/,46386,30074,30074,21877,21977,23758,28296,26816,critical,0.4357,0.3615,13156,46541,0.6154,,,,,,,34.319756,-84.554264,FLY,2500
140942,Savannah Technical College,Savannah,GA,1,3366,www.savannahtech.edu/,www.savannahtech.edu/financial-aid/net-price-calculator/,15431,3330,5898,5093,6633,7769,9695,,medium,,,3466,33018,,,,,,,,32.023211,-81.114753,FLY,2500
140951,Savannah College of Art and Design,Savannah,GA,2,15243,www.scad.edu/,www.scad.edu/admission/financial-aid-and-scholarships/financial-aid/budget-planning-guide/net-price-calculator,63627,41630,41630,44858,45198,48668,51558,52147,critical,0.6941,0.5761,15500,45954,0.8298,540,660,490,610,21,28,32.072964,-81.09395,FLY,2500
140960,Savannah State University,Savannah,GA,1,2833,https://www.savannahstate.edu/,https://simba.savannahstate.edu/students/netpricecalculator/,17191,5750,19043,6739,7033,9882,12694,12597,medium,0.2804,0.2742,16500,37981,,,,,,,,32.024781,-81.063377,FLY,2500
140988,Shorter University,Rome,GA,2,1028,https://www.shorter.edu/,https://www.shoppingsheet.com/Shopping/Landing/shorter,35726,24630,24630,15929,21482,22944,21292,18898,critical,0.3769,0.3185,12500,44604,0.9646,530,620,510,580,18,25,34.257543,-85.196529,FLY,2500
141006,South Georgia Technical College,Americus,GA,1,1407,www.southgatech.edu/,www.southgatech.edu/admissions/financial-aid/net-price-calculator/,14281,3992,7202,388,780,4620,3464,,low,,,,30364,,,,,,,,32.116663,-84.188321,FLY,2500
141060,Spelman College,Atlanta,GA,2,3414,www.spelman.edu/,https://www.spelman.edu/financial-aid/net-price-calculator.html,50952,31556,31556,32923,34108,36602,38640,44529,critical,0.7846,0.7597,21750,59993,0.2487,590,680,518,640,22,29,33.745279,-84.411527,FLY,2500
141167,Thomas University,Thomasville,GA,2,998,www.thomasu.edu/,https://www.thomasu.edu/,23079,11640,11640,15640,19546,19923,19934,20059,critical,0.2754,0.4063,15000,49716,0.383,500,620,490,600,20,24,30.815576,-83.963587,FLY,2500
141185,Toccoa Falls College,Toccoa Falls,GA,2,875,https://tfc.edu/,https://tfc.edu/admissions/financial-aid/net-price-calculator/,37561,23950,23950,20825,18982,20262,22762,24766,critical,0.4366,0.4128,11067,36630,0.6596,520,650,490,580,18,24,34.593414,-83.357617,FLY,2500
141237,Truett McConnell University,Cleveland,GA,2,744,https://truett.edu/,https://tcc.ruffalonl.com/truett mcconnell university/net price calculator,39152,26792,26792,21274,18953,20984,22134,24560,critical,0.3781,0.3023,12000,46700,0.7826,,,,,,,34.596306,-83.748911,FLY,2500
141255,Wiregrass Georgia Technical College,Valdosta,GA,1,2887,https://www.wiregrass.edu/,www.wiregrass.edu/financial-aid/net-price-calculator,11034,3480,6048,-12,-258,2355,5629,,low,,,2438,30864,,,,,,,,30.889221,-83.35381,FLY,2500
141264,Valdosta State University,Valdosta,GA,1,6622,www.valdosta.edu/,www.valdosta.edu/administration/finance-admin/financial-services/students/net-price-calculator.php,20801,6124,17836,9378,9541,11877,14906,15905,high,0.4236,0.3998,13750,49361,0.7229,480,570,440,530,16,22,30.847402,-83.289282,FLY,2500
141325,Wesleyan College,Macon,GA,2,400,https://www.wesleyancollege.edu/,https://wesportal.wesleyancollege.edu/ics/net_price_calculator/,40721,27650,27650,11045,13317,12943,9287,22726,high,0.4452,0.4433,15000,44317,0.591,518,573,450,543,20,24,32.876037,-83.715417,FLY,2500
141334,University of West Georgia,Carrollton,GA,1,7520,www.westga.edu/,https://www.westga.edu/student-services/financialaid/npcalc.html,21981,6088,17800,10339,10523,12957,15471,16810,high,0.4349,0.4063,15000,49587,0.5161,490,590,460,550,17,22,33.573621,-85.097762,FLY,2500
141361,Young Harris College,Young Harris,GA,2,755,www.yhc.edu/,npc.collegeboard.org/app/yhc,48301,32305,32305,19721,17986,20095,22992,25053,critical,0.4175,0.3491,12000,47195,0.6264,,,,,,,34.933523,-83.84587,FLY,2500
141486,Chaminade University of Honolulu,Honolulu,HI,2,1672,https://www.chaminade.edu/,https://chaminade.studentaidcalculator.com/survey.aspx,45798,30874,30874,31589,21591,25597,28054,29306,critical,0.554,0.5,17932,52343,0.9143,490,625,480,625,,,21.28995,-157.807851,FLY,2500
141565,University of Hawaii at Hilo,Hilo,HI,1,2160,https://hilo.hawaii.edu/,https://hilo.hawaii.edu/financialaid/netprice/,21173,7838,20798,8983,9243,11535,14734,17403,high,0.4837,0.3833,12500,47856,0.6063,490,610,455,565,15,22,19.701189,-155.080847,FLY,2500
141574,University of Hawaii at Manoa,Honolulu,HI,1,15029,https://manoa.hawaii.edu/,https://manoa.hawaii.edu/fas/basics/npcalc.htm,26433,12186,34218,10675,12246,14469,18760,22562,high,0.6429,0.6384,13099,57624,0.866,548,653,533,640,17,25,21.298598,-157.818979,FLY,2500
141644,Hawaii Pacific University,Honolulu,HI,2,2392,https://www.hpu.edu/,https://www.hpu.edu/financial-aid/netprice-calc.html,50674,34392,34392,25758,24413,28979,30450,33540,critical,0.3489,0.3214,12000,59593,0.8587,510,610,488,590,19,27,21.310306,-157.859645,FLY,2500
141680,Honolulu Community College,Honolulu,HI,1,1897,https://www.honolulu.hawaii.edu/,https://www.honolulu.hawaii.edu/downloads/web/paying-for-college/npcalc.htm,13151,3174,8310,6672,5990,8768,9031,12959,medium,,,5995,45105,,,,,,,,21.321785,-157.87,FLY,2500
141796,Kapiolani Community College,Honolulu,HI,1,3910,https://www.kapiolani.hawaii.edu/,https://www.kapiolani.hawaii.edu/pay-for-college/cost-of-attendance/net-price-calculator/,11992,3284,8420,4068,5369,6367,7820,10591,medium,,,6352,44599,,,,,,,,21.27148,-157.800213,FLY,2500
141802,Kauai Community College,Lihue,HI,1,716,https://www.kauai.hawaii.edu/,https://app.meadowfi.com/kauai.hawaii,18742,3252,8388,10495,9324,11850,9500,,high,,,7000,36868,,,,,,,,21.968887,-159.395883,FLY,2500
141811,Leeward Community College,Pearl City,HI,1,3438,www.leeward.hawaii.edu/,www.leeward.hawaii.edu/files/netpricecalculator/,12507,3214,8350,4156,4596,5206,7798,11554,medium,,,5500,39899,,,,,,,,21.39267,-157.983771,FLY,2500
141839,University of Hawaii Maui College,Kahului,HI,1,1700,maui.hawaii.edu/,maui.hawaii.edu/netpricecalculator/,14937,3284,8420,7386,6194,9388,9119,14937,medium,0.2775,0.2925,9500,34453,,,,,,,,20.88956,-156.477252,FLY,2500
141981,University of Hawaii-West Oahu,Kapolei,HI,1,2519,https://westoahu.hawaii.edu/,https://westoahu.hawaii.edu/financial-aid/net-price-calculator/,18410,7584,20544,7674,7077,10247,13155,17718,high,0.4955,0.5263,11848,52075,0.9534,473,575,458,528,15,21,21.35531,-158.056403,FLY,2500
141990,Windward Community College,Kaneohe,HI,1,1159,https://windward.hawaii.edu/,https://windward.hawaii.edu/paying-for-college/financial-aid/net-price-calculator/,15522,3194,8330,6750,8123,9900,10873,13794,medium,,,7175,38439,,,,,,,,21.407051,-157.813307,FLY,2500
142115,Boise State University,Boise,ID,1,17674,https://www.boisestate.edu/,https://fs.boisestate.edu/financialaid/net+price+calculator.html,28224,9048,27788,18165,17974,20731,23573,25893,critical,0.602,0.4964,14000,51658,0.8721,,,,,,,43.604284,-116.203301,FLY,2500
142179,College of Eastern Idaho,Idaho Falls,ID,1,1478,www.cei.edu/,www.cei.edu/npcalc/index.html,13947,3390,6750,6387,8582,8249,10918,12269,medium,,,7953,42057,,,,,,,,43.486041,-111.985519,FLY,2500
142276,Idaho State University,Pocatello,ID,1,7583,www.isu.edu/,https://www.isu.edu/financialaid/consumer-information/net-price-calculator/,21527,8610,27720,10593,10011,11538,14483,16288,high,0.3939,0.3439,12500,45608,,,,,,,,42.863832,-112.432312,FLY,2500
142285,University of Idaho,Moscow,ID,1,7747,www.uidaho.edu/,www.uidaho.edu/financial-aid/cost-of-attendance,23738,9084,28320,11270,11193,13374,17130,18791,high,0.5728,0.4928,15784,54670,0.7553,500,630,490,600,20,26,46.727406,-117.014167,FLY,2500
142294,The College of Idaho,Caldwell,ID,2,1041,www.collegeofidaho.edu/,https://www.collegeofidaho.edu/admission-aid/cost/net-price-calculator,50542,37845,37845,14026,16218,17773,19729,23095,high,0.6254,0.5714,17000,48473,0.491,540,650,530,630,23,31,43.652284,-116.677992,FLY,2500
142328,Lewis-Clark State College,Lewiston,ID,1,2385,https://www.lcsc.edu/,https://app.meadowfi.com/lcsc,21925,7610,22028,13080,14044,15127,17934,19004,high,0.4017,0.3565,10989,46001,0.8769,,,,,,,46.412199,-117.024875,FLY,2500
142443,North Idaho College,Coeur d'Alene,ID,1,2619,https://www.nic.edu/,https://www.nic.edu/financialaid/your-right-to-know/net-price-calculator/,18333,3396,8736,7775,9741,10577,14496,15845,high,,,5500,40081,,,,,,,,47.67569,-116.798905,FLY,2500
142461,Northwest Nazarene University,Nampa,ID,2,1024,https://www.nnu.edu/,https://tcc.ruffalonl.com/northwest nazarene university/freshman students,55163,40794,40794,28732,30626,35166,33413,34800,critical,0.7076,0.6373,16826,51719,0.6474,515,630,490,610,22,27,43.562411,-116.565783,FLY,2500
142522,Brigham Young University-Idaho,Rexburg,ID,2,44397,https://www.byui.edu/,https://www.byui.edu/financial-aid/net-price-calculator,15246,4800,4800,4378,4579,5854,8986,13764,medium,0.5548,0.5537,8750,53406,0.9575,490,610,480,590,20,26,43.818408,-111.782431,FLY,2500
142559,College of Southern Idaho,Twin Falls,ID,1,3810,https://www.csi.edu/,https://csi.clearcostcalculator.com/student/default/netpricecalculator/survey,12803,3360,6840,4749,5108,7017,9209,7520,medium,0.3316,0.341,5500,40916,,,,,,,,42.579837,-114.473901,FLY,2500
143048,School of the Art Institute of Chicago,Chicago,IL,2,2805,www.saic.edu/,https://www.shoppingsheet.com/shopping/landing/143048,75625,56420,56420,43798,39845,46708,49595,55790,critical,0.6699,0.5741,19000,40151,0.7747,,,,,,,41.88105,-87.625758,FLY,2500
143084,Augustana College,Rock Island,IL,2,2490,www.augustana.edu/,https://tcc.noellevitz.com/(S(2tzw1svr3ikxoegcvlbpwpef))/Augustana College/Freshman Students,63553,51598,51598,15787,16525,16865,22405,28086,critical,0.7286,0.6447,26000,62971,0.6268,520,630,510,640,21,29,41.502365,-90.55057,FLY,2500
143118,Aurora University,Aurora,IL,2,3974,https://aurora.edu/,https://aurora.edu/admission/financialaid/calculator,40625,29170,29170,14525,14089,15431,19300,24595,high,0.6032,0.5707,15500,58709,0.8085,470,580,430,570,21,29,41.753631,-88.349023,FLY,2500
143215,Southwestern Illinois College,Belleville,IL,1,5675,https://www.swic.edu/,https://www.swic.edu/students/services/financial-aid/net-price-calculator/,16249,3960,6720,9136,8769,11473,14512,15587,high,,,4000,36884,,,,,,,,38.516406,-89.924466,FLY,2500
143279,Black Hawk College,Moline,IL,1,2354,www.bhc.edu/,www.bhc.edu/paying-for-college/tuition-and-payments/,12291,4920,8100,4369,5450,7220,10496,12253,medium,,,5302,37253,,,,,,,,41.477283,-90.447799,FLY,2500
143288,Blackburn College,Carlinville,IL,2,471,www.blackburn.edu/,https://blackburn.edu/admissions-aid/financial-aid/net-price-calculator/,37916,28149,28149,16838,14781,12329,23013,23305,critical,0.5749,0.5634,14770,46802,0.6319,,,,,,,39.287896,-89.870241,FLY,2500
143297,Blessing Rieman College of Nursing and Health Sciences,Quincy,IL,2,176,www.brcn.edu/,nces.ed.gov/collegenavigator/?q=Blessing-Rieman+College+of+Nursing&s=all&id=143297,,,,,,,,,,,,11250,72430,,,,,,,,39.949641,-91.357497,FLY,2500
143358,Bradley University,Peoria,IL,2,3574,www.bradley.edu/,https://admissions.bradley.edu/ssl/estimator,54730,42160,42160,17269,16539,18609,22954,30008,critical,0.7617,0.697,23250,66852,0.7676,,,,,,,40.696896,-89.616786,FLY,2500
143613,Carl Sandburg College,Galesburg,IL,1,1051,www.sandburg.edu/,apps.sandburg.edu/netpricecalculator/index.html,11563,5390,8900,1014,3025,5074,5162,6012,low,,,3500,35274,,,,,,,,40.98128,-90.408203,FLY,2500
144005,Chicago State University,Chicago,IL,1,1384,www.csu.edu/,www.csu.edu/financialaid/netpricecalculator.htm,29764,12754,12754,9073,9550,11334,13899,28427,high,0.1549,0.1261,21500,42778,0.4326,,,,,,,41.718446,-87.609384,FLY,2500
144050,University of Chicago,Chicago,IL,2,7569,www.uchicago.edu/,https://financialaid.uchicago.edu/undergraduate/resources-and-tools/net-price-calculator/,90360,70662,70662,-1264,914,226,12602,48524,low,0.9585,0.9167,13368,91885,0.0448,740,780,770,800,34,35,41.787994,-87.599539,FLY,2500
144157,City Colleges of Chicago-Kennedy-King College,Chicago,IL,1,1777,www.ccc.edu/colleges/kennedy/pages/default.aspx,www.ccc.edu/kennedy/departments/financial-aid/,16256,4590,15150,9332,9053,11310,11530,,high,,,4994,28467,,,,,,,,41.780253,-87.643425,FLY,2500
144166,City Colleges of Chicago-Malcolm X College,Chicago,IL,1,6409,www.ccc.edu/colleges/malcolm-x/pages/default.aspx,www.ccc.edu/colleges/malcolm-x/services/pages/find-out-how-much-college-will-cost.aspx,14355,4590,15150,6712,6871,8591,10176,14355,medium,,,6100,32427,,,,,,,,41.878092,-87.675321,FLY,2500
144175,City Colleges of Chicago-Olive-Harvey College,Chicago,IL,1,1661,www.ccc.edu/colleges/olive-harvey/pages/default.aspx,www.ccc.edu/olive-harvey/services/Find-Out-How-Much-College-Will-Cost/,16126,4590,15150,8527,7373,10607,14177,10119,high,,,5250,31114,,,,,,,,41.709997,-87.589249,FLY,2500
144184,City Colleges of Chicago-Harry S Truman College,Chicago,IL,1,2505,www.ccc.edu/colleges/truman/Pages/default.aspx,www.ccc.edu/truman/services/find-out-how-much-college-will-cost/,15063,4590,15150,7362,8214,8859,12094,11489,medium,,,5524,36484,,,,,,,,41.964502,-87.659107,FLY,2500
144193,City Colleges of Chicago-Richard J Daley College,Chicago,IL,1,2789,www.ccc.edu/colleges/daley/pages/default.aspx,www.ccc.edu/colleges/daley/services/Pages/Find-Out-How-Much-College-Will-Cost.aspx,14086,4590,15150,6925,7224,10110,11415,,medium,,,3500,37962,,,,,,,,41.755955,-87.723981,FLY,2500
144209,City Colleges of Chicago-Harold Washington College,Chicago,IL,1,4207,www.ccc.edu/colleges/washington/Pages/default.aspx,www.ccc.edu/colleges/washington/services/Pages/Find-Out-How-Much-College-Will-Cost.aspx,14726,4590,15150,6911,6728,9347,9922,11657,medium,,,4537,36531,,,,,,,,41.886067,-87.626596,FLY,2500
144218,City Colleges of Chicago-Wilbur Wright College,Chicago,IL,1,4372,www.ccc.edu/colleges/wright/pages/default.aspx,www.ccc.edu/colleges/wright/services/Pages/Find-Out-How-Much-College-Will-Cost.aspx,13762,4590,15150,5645,5916,7930,9691,,medium,,,4370,41625,,,,,,,,41.958774,-87.787868,FLY,2500
144281,Columbia College Chicago,Chicago,IL,2,5368,www.colum.edu/,https://colum.studentaidcalculator.com/survey.aspx,51889,34088,34088,20924,21423,25590,31677,36436,critical,0.5155,0.465,16500,42195,0.8946,,,,,,,41.874261,-87.624667,FLY,2500
144351,Concordia University-Chicago,River Forest,IL,2,1323,https://www.cuchicago.edu/,https://www.cuchicago.edu/admission-aid/undergraduate-admission-aid/net-price-calculator/,45383,37488,37488,16795,16397,15768,20046,23907,critical,0.3646,0.2982,14000,54089,0.9279,,,,,,,41.898696,-87.809482,FLY,2500
144564,Danville Area Community College,Danville,IL,1,1508,https://dacc.edu/,https://dacc.edu/net-price-calculator,10822,4440,7440,3725,2243,6870,7426,10822,medium,,,3975,34867,,,,,,,,40.127539,-87.587884,FLY,2500
144740,DePaul University,Chicago,IL,2,14090,https://www.depaul.edu/,https://collegepricecalculator.com/DepaulUniversity,63052,45999,45999,27359,25950,28687,31057,37092,critical,0.678,0.6278,19383,68751,0.7589,580,670,560,660,25,31,41.877618,-87.62724,FLY,2500
144865,College of DuPage,Glen Ellyn,IL,1,16114,www.cod.edu/,https://www.cod.edu/about/administration/consumer-legal-information/net-price-calculator/index.html,15554,4560,12750,4032,4390,8431,12717,15308,medium,,,5500,46909,,,,,,,,41.841577,-88.071635,FLY,2500
144883,East-West University,Chicago,IL,2,468,www.eastwest.edu/,https://www.eastwest.edu/financial-aid/,32606,25395,25395,19168,26636,29284,30852,,critical,0.1556,0.1563,7334,29963,,,,,,,,41.871309,-87.624793,FLY,2500
144892,Eastern Illinois University,Charleston,IL,1,4188,https://www.eiu.edu/,www.eiu.edu/finaid/calculator.php,26996,13679,16217,9828,8619,11412,15665,21027,high,0.4736,0.4027,15722,51989,0.6535,460,560,420,530,,,39.479843,-88.175658,FLY,2500
144944,Elgin Community College,Elgin,IL,1,6648,www.elgin.edu/,elgin.edu/collegecostcalculator,10408,3252,9516,5089,5006,6816,8562,9083,medium,,,4790,45516,,,,,,,,42.018066,-88.32194,FLY,2500
144962,Elmhurst University,Elmhurst,IL,2,3006,www.elmhurst.edu/,www.elmhurst.edu/admission/financial-aid/tuition-fees/net-price-calculator/,54679,42955,42955,17892,18377,23098,25419,30232,critical,0.7,0.7303,15000,61462,0.7364,510,640,480,620,23,30,41.897164,-87.945369,FLY,2500
144971,Eureka College,Eureka,IL,2,522,www.eureka.edu/,https://www.eureka.edu/net-pricing-calculator,39578,29096,29096,13711,14527,14602,21458,23482,high,0.4161,0.3443,15000,51641,0.8499,,,,,,,40.71482,-89.269624,FLY,2500
145336,Governors State University,University Park,IL,1,2556,https://www.govst.edu/,https://www.govst.edu/netprice.htm,24227,12004,12004,9563,10933,11705,16741,22076,high,0.2211,0.1948,14000,58169,0.4827,,,,,,,41.449103,-87.716441,FLY,2500
145372,Greenville University,Greenville,IL,2,955,www.greenville.edu/,www.greenville.edu/tuition-aid/tuition-aid-resources/net-price-calculator,45091,32200,32200,19181,15313,13988,20650,24903,critical,0.3982,0.3548,15000,46827,0.975,406,615,365,615,16,28,38.894162,-89.40824,FLY,2500
145521,Highland Community College,Freeport,IL,1,931,www.highland.edu/,www.highland.edu/net-price-calculator,13161,4936,7360,3598,5256,6045,10242,13161,medium,,,5500,37928,,,,,,,,42.283344,-89.67342,FLY,2500
145600,University of Illinois Chicago,Chicago,IL,1,22170,www.uic.edu/,https://financialaid.uic.edu/cost/cost-attendance-coa/,27521,14338,29884,7529,8119,10921,16185,25047,high,0.6162,0.5938,13657,68740,0.7735,570,670,560,680,25,31,41.871837,-87.650503,FLY,2500
145619,Benedictine University,Lisle,IL,2,1942,https://ben.edu/,https://ben.edu/net-price-calculator-lisle/,46713,35940,35940,20168,17869,18628,23517,27454,critical,0.5033,0.4264,17500,63446,0.9523,,,,,,,41.777569,-88.097307,FLY,2500
145637,University of Illinois Urbana-Champaign,Champaign,IL,1,36258,www.illinois.edu/,secure.osfa.illinois.edu/npc/npc.asp,33642,16004,35124,2038,5373,7982,15152,28761,low,0.8513,0.7695,16500,81054,0.4237,650,740,660,780,30,34,40.104718,-88.229114,FLY,2500
145646,Illinois Wesleyan University,Bloomington,IL,2,1582,www.iwu.edu/,https://www.iwu.edu/financial-aid/calculators.html,70700,57704,57704,17732,19057,23152,27396,37104,critical,0.747,0.7733,23221,70871,0.3931,550,670,570,670,25,30,40.489901,-88.992014,FLY,2500
145682,Illinois Central College,East Peoria,IL,1,5052,icc.edu/,https://icc.edu/net-price-calculator/,18938,4800,12150,10000,10437,13386,17255,18325,high,,,5500,37366,,,,,,,,40.707235,-89.52485,FLY,2500
145691,Illinois College,Jacksonville,IL,2,930,www.ic.edu/,www.ic.edu/npc,48955,38676,38676,12487,10910,12569,16826,25788,high,0.6382,0.5692,14746,52575,0.7819,450,590,433,590,19,26,39.7313,-90.246171,FLY,2500
145707,Illinois Eastern Community Colleges,Olney,IL,1,1634,https://www.iecc.edu/,https://www.iecc.edu/netpricecalculator,17333,5260,12460,9365,8716,10864,12053,12874,high,,,5500,37533,,,,,,,,38.729684,-88.081976,FLY,2500
145725,Illinois Institute of Technology,Chicago,IL,2,2833,https://www.iit.edu/,https://www.iit.edu/admissions-aid/tuition-and-aid/undergraduate-costs-and-aid/net-price-calculator,68164,52386,52386,12964,13415,17217,21858,29950,high,0.7521,0.7283,20687,82592,0.5493,590,720,590,720,26,32,41.8313,-87.627321,FLY,2500
145813,Illinois State University,Normal,IL,1,19057,illinoisstate.edu/,financialaid.illinoisstate.edu/paying,34309,16144,28210,11568,12301,16348,23865,28224,high,0.6454,0.5201,15750,62117,0.8815,500,620,490,590,21,27,40.509403,-88.990058,FLY,2500
145831,Illinois Valley Community College,Oglesby,IL,1,2040,https://www.ivcc.edu/,https://www.ivcc.edu/financialaid/net-price-calculator.php,11067,4200,16385,191,866,4431,7839,7864,low,,,6500,40810,,,,,,,,41.30744,-89.100887,FLY,2500
146205,John A Logan College,Carterville,IL,1,2016,https://www.jalc.edu/,https://www.jalc.edu/net-price-calculator/,13596,4630,7540,4813,4145,8112,7810,10151,medium,,,3500,34096,,,,,,,,37.747453,-89.09021,FLY,2500
146278,John Wood Community College,Quincy,IL,1,1371,www.jwcc.edu/,https://studentaid.gov/aid-estimator/,15845,5700,9300,5899,6580,8900,10777,,medium,,,5500,38631,,,,,,,,39.913741,-91.335828,FLY,2500
146296,Joliet Junior College,Joliet,IL,1,9306,https://www.jjc.edu/,https://jjc.edu/about-jjc/institutional-research-effectiveness/net-price-calculator,9452,4530,13800,890,220,2824,3835,4556,low,,,5500,42889,,,,,,,,41.500535,-88.180985,FLY,2500
146339,Judson University,Elgin,IL,2,708,www.judsonu.edu/,https://www.shoppingsheet.com/shopping/landing/judsonu,43137,31360,31360,15701,18010,17079,21124,21515,critical,0.5987,0.6491,14000,56313,0.4759,423,550,393,568,16,24,42.061754,-88.291336,FLY,2500
146348,Kankakee Community College,Kankakee,IL,1,1985,https://www.kcc.edu/,https://www.kcc.edu/tuition-and-aid/net-price-calculator,11612,5220,25830,4061,2781,5449,7610,10603,medium,,,5500,38767,,,,,,,,41.098178,-87.851047,FLY,2500
146366,Kaskaskia College,Centralia,IL,1,1920,https://www.kaskaskia.edu/,https://www.kaskaskia.edu/admissions/financial-aid/net-price-calculator/,11819,4800,12570,5636,5509,7626,8457,8121,medium,,,3500,38801,,,,,,,,38.562112,-89.191974,FLY,2500
146418,Kishwaukee College,Malta,IL,1,1936,www.kish.edu/,www.kish.edu/netpricecalc/index.html,13901,4560,13680,2477,2548,5979,9324,13337,low,,,6542,39657,,,,,,,,41.938234,-88.880524,FLY,2500
146427,Knox College,Galesburg,IL,2,1127,https://www.knox.edu/,www.knox.edu/admission/cost-and-financial-aid/scholarship-and-cost-estimator,68134,57903,57903,17134,17363,23844,25402,31983,critical,0.6773,0.6378,23852,54820,0.7079,600,680,580,760,21,32,40.943064,-90.373165,FLY,2500
146472,College of Lake County,Grayslake,IL,1,9420,https://www.clcillinois.edu/,https://www.clcillinois.edu/get-started/tuition-and-fees,12694,4788,14400,6096,6786,8678,,11025,medium,,,5376,43424,,,,,,,,42.354164,-88.012291,FLY,2500
146481,Lake Forest College,Lake Forest,IL,2,1813,www.lakeforest.edu/,www.lakeforest.edu/admissions/financial-aid/financial-aid-for-new-students/net-price-calculator,70655,56402,56402,19605,20210,21481,26055,35341,critical,0.7778,0.7622,21500,61825,0.5681,600,713,590,680,28,32,42.249574,-87.827454,FLY,2500
146506,Lake Land College,Mattoon,IL,1,2448,www.lakelandcollege.edu/,www.lakelandcollege.edu/financialaid/net-price-calculator/,10276,4415,14301,979,232,4181,5828,8381,low,,,3970,38877,,,,,,,,39.416969,-88.380835,FLY,2500
146603,Lewis and Clark Community College,Godfrey,IL,1,2487,www.lc.edu/,https://www.lc.edu/pay-for-college/calculator.html,9592,4340,7840,721,1461,4651,6522,8517,low,,,5500,37724,,,,,,,,38.951624,-90.194405,FLY,2500
146612,Lewis University,Romeoville,IL,2,4015,www.lewisu.edu/,www.lewisu.edu/admissions/finaid/scholarshipcalculator.htm,47313,39200,39200,10382,11712,12178,19908,25035,high,0.6661,0.65,18750,66099,0.7129,490,600,470,610,20,27,41.605432,-88.079032,FLY,2500
146685,Lincoln Land Community College,Springfield,IL,1,3976,www.llcc.edu/,https://forms.llcc.edu/Calc/,12379,3744,10464,1079,2209,5103,9345,11452,low,,,6500,38479,,,,,,,,39.721211,-89.611249,FLY,2500
146719,Loyola University Chicago,Chicago,IL,2,11737,https://www.luc.edu/,https://www.luc.edu/undergrad/tuitionandfinancialaid/netpricecalculator/,67408,53710,53710,28992,28663,32432,36853,42346,critical,0.7304,0.6353,20500,71530,0.816,600,690,570,670,27,32,42.000765,-87.656872,FLY,2500
146816,Generations College,Chicago,IL,2,310,https://www.generations.edu/,https://www.generations.edu/financing-your-education/tuition-policy-and-fees/,25660,12700,12700,18723,19710,,,,critical,,,19000,34706,,,,,,,,41.881773,-87.626675,FLY,2500
147004,McHenry County College,Crystal Lake,IL,1,4691,www.mchenry.edu/,www.mchenry.edu/netprice,12345,4162,14399,5609,6383,7761,10497,12345,medium,,,5297,45143,,,,,,,,42.259111,-88.368956,FLY,2500
147013,McKendree University,Lebanon,IL,2,1752,https://www.mckendree.edu/,https://mckendree.studentaidcalculator.com/survey.aspx,48845,34740,34740,21928,21432,21041,28333,29066,critical,0.5333,0.3592,16240,58572,0.7172,,,,,,,38.608154,-89.816822,FLY,2500
147129,Methodist College,Peoria,IL,2,245,www.methodistcol.edu/,https://www.methodistcol.edu/net-price-calculator.aspx,46874,18008,18008,,,,41787,,,0.2,1,27000,69800,0.3889,,,,,,,40.7804,-89.682864,FLY,2500
147244,Millikin University,Decatur,IL,2,1382,https://millikin.edu/,https://tcc.ruffalonl.com/Millikin University/First-Year-Students,57475,26892,26892,18659,15629,23053,24622,27524,critical,0.5494,0.4108,19000,51262,0.6668,440,570,420,560,18,25,39.842612,-88.976298,FLY,2500
147341,Monmouth College,Monmouth,IL,2,702,https://www.monmouthcollege.edu/,https://www.monmouthcollege.edu/offices/student-financial-planning/cost-calculator/,57157,44922,44922,12483,12400,14782,18057,21678,high,0.6461,0.5506,20000,51110,0.9093,500,620,500,590,20,27,40.914824,-90.63731,FLY,2500
147369,Moody Bible Institute,Chicago,IL,2,1510,https://www.moody.edu/,https://www.moody.edu/siteassets/website_assets/files/financial-aid/net-price-calculator/npcalc-chicago.html,34327,15786,15786,21293,23057,20599,25676,22897,critical,0.6233,0.4375,12000,45399,0.8269,,,,,,,41.897822,-87.633459,FLY,2500
147378,Moraine Valley Community College,Palos Hills,IL,1,7490,www.morainevalley.edu/,https://netcalc.apps.morainevalley.edu/,13971,3822,9846,2710,11590,13971,,13971,medium,,,5500,43892,,,,,,,,41.694613,-87.836915,FLY,2500
147411,Morton College,Cicero,IL,1,2640,www.morton.edu/,https://www.morton.edu/net-price-calculator/,12801,5502,12414,4006,4347,7763,9356,,medium,,,5500,42406,,,,,,,,41.824303,-87.762306,FLY,2500
147536,National Louis University,Chicago,IL,2,4406,https://www.nl.edu/,https://www.nl.edu/tuition-and-aid/tuition-and-fees/net-price-calculator/,24154,12705,12705,12462,11567,12996,15447,17956,high,0.3014,0.2878,12500,45799,0.9505,,,,,,,41.880093,-87.624699,FLY,2500
147660,North Central College,Naperville,IL,2,2428,northcentralcollege.edu/,northcentralcollege.edu/financial-aid/estimate,57219,45726,45726,12507,13486,16362,20590,26961,high,0.64,0.5819,18750,60123,0.7733,530,650,525,660,24,29,41.77576,-88.14279,FLY,2500
147679,North Park University,Chicago,IL,2,1818,www.northpark.edu/,www.northpark.edu/Financial-Aid/Undergraduate/Cost/Net-Price-Calculator,44172,36710,36710,14845,14843,16067,19208,22964,high,0.5772,0.5342,19875,59572,0.6851,,,,,,,41.975268,-87.709948,FLY,2500
147703,Northern Illinois University,Dekalb,IL,1,11301,www.niu.edu/,www.niu.edu/bursar/tuition/estimator.shtml,28851,13248,13248,10126,9854,12797,17612,21834,high,0.4866,0.3627,16250,57808,0.6979,,,,,,,41.933869,-88.766428,FLY,2500
147767,Northwestern University,Evanston,IL,2,9201,www.northwestern.edu/,https://npc.collegeboard.org/student/app/northwestern,91250,68322,68322,1764,6099,7898,18282,48777,low,0.9513,0.937,14000,89363,0.0769,740,770,770,800,33,35,42.050356,-87.679858,FLY,2500
147776,Northeastern Illinois University,Chicago,IL,1,3982,www.neiu.edu/,www.neiu.edu/financial-aid/financing-your-education/calculating-your-net-cost,26960,12383,22726,13709,12824,15077,20464,25001,high,0.2165,0.2162,11969,52234,0.746,,,,,,,41.980399,-87.718983,FLY,2500
147800,Oakton College,Des Plaines,IL,1,6072,www.oakton.edu/,https://npc.collegeboard.org/app/oakton,11431,3985,12462,3847,5084,7235,9496,11431,medium,,,3500,47852,,,,,,,,42.061893,-87.880644,FLY,2500
147828,Olivet Nazarene University,Bourbonnais,IL,2,2603,https://www.olivet.edu/,https://olivet.clearcostcalculator.com/student/default/netpricecalculator/survey,51981,38900,38900,17232,15056,18019,23218,25580,critical,0.6084,0.5265,19313,53213,0.5586,490,620,460,600,19,26,41.155237,-87.875165,FLY,2500
147916,Parkland College,Champaign,IL,1,3348,https://www.parkland.edu/,https://web.parkland.edu/netpricecalculator/,14995,4284,13266,7659,6888,10408,14299,14995,high,,,5250,38320,,,,,,,,40.131963,-88.290359,FLY,2500
148007,Prairie State College,Chicago Heights,IL,1,2443,prairiestate.edu/,prairiestate.edu/apply-reg-pay/financial-aid-calculator/net-price-calculator/index.aspx,13908,4176,11064,3546,3013,7839,11127,13908,medium,,,8000,36696,,,,,,,,41.525316,-87.638943,FLY,2500
148016,Principia College,Elsah,IL,2,339,www.principiacollege.edu/,npc.collegeboard.org/app/principia,,34680,34680,,,,,,,0.7426,,,,,,,,,,,38.948835,-90.350285,FLY,2500
148131,Quincy University,Quincy,IL,2,1010,https://www.quincy.edu/,https://www.quincy.edu/admissions/net-price-calculator/,50091,37140,37140,16502,13561,17804,12825,25231,critical,0.4504,0.3186,13000,50369,0.5093,490,600,510,600,20,25,39.938898,-91.385975,FLY,2500
148256,Rend Lake College,Ina,IL,1,1175,rlc.edu/,https://rlc.edu/tuition-costs,16731,4500,7800,8424,8653,10818,11858,,high,,,4475,35775,,,,,,,,38.131481,-88.918283,FLY,2500
148292,Richland Community College,Decatur,IL,1,1346,https://www.richland.edu/,https://jics.richland.edu/webfiles/financialaid/netprice/npcalc.htm,11483,4680,17070,3303,1709,6746,3446,7683,medium,,,4500,38793,,,,,,,,39.883887,-88.894125,FLY,2500
148380,Rock Valley College,Rockford,IL,1,4359,www.rockvalleycollege.edu/,apps.rockvalleycollege.edu/assets/NetPriceCalc/npcalc.htm,11920,4334,7379,3409,4228,6756,8615,11568,medium,,,5500,39158,,,,,,,,42.306174,-88.993544,FLY,2500
148405,Rockford University,Rockford,IL,2,972,www.rockford.edu/,https://tcc.ruffalonl.com/Rockford University/Freshman-Students,49169,37780,37780,20877,20841,22987,21229,27097,critical,0.472,0.5581,15000,54794,0.9291,450,535,400,535,17,23,42.270639,-89.019536,FLY,2500
148487,Roosevelt University,Chicago,IL,2,2849,www.roosevelt.edu/,https://www.roosevelt.edu/tuition-aid/net-price-calculator,35332,21315,21315,18018,18280,20266,24944,27157,critical,0.3514,0.3152,14667,48712,0.9716,465,600,430,575,18,26,41.876055,-87.624952,FLY,2500
148496,Dominican University,River Forest,IL,2,2561,https://www.dom.edu/,https://www.dom.edu/admission/office-financial-aid/net-price-calculator,43891,38978,38978,9759,9014,11891,16851,17963,high,0.5526,0.51,18750,60327,0.9032,460,560,420,540,16,26,41.902678,-87.823003,FLY,2500
148511,Rush University,Chicago,IL,2,138,www.rushu.rush.edu/,,,,,,,,,,,,,19273,75194,,,,,,,,41.874742,-87.668581,FLY,2500
148575,Saint Francis Medical Center College of Nursing,Peoria,IL,2,273,www.sfmccon.edu/,www.osfhealthcare.org/sfmccon/students/financial-aid/net-price-calculator/,,,,,,,,,,,,15000,72850,,,,,,,,40.701241,-89.590322,FLY,2500
148584,University of St Francis,Joliet,IL,2,1223,https://www.stfrancis.edu/,https://www.stfrancis.edu/admissions-aid/financial-aid-services/net-price-calculator/,46239,38110,38110,8547,5584,10749,11311,20192,high,0.6682,0.6076,16500,63926,0.6529,520,610,510,610,20,32,41.532225,-88.096057,FLY,2500
148593,St. John's College,Springfield,IL,2,126,https://www.hshs.org/stjohnscollege/,https://webapps1.hshs.org/CostCalculator/NPC 20232024v09222025.html,,,,,,,,,,,,15000,86331,,,,,,,,39.807602,-89.64532,FLY,2500
148627,Saint Xavier University,Chicago,IL,2,3096,https://www.sxu.edu/,https://www.sxu.edu/tuition-aid/calculator.html,43244,37940,37940,7572,7702,9715,15132,17864,high,0.5661,0.5109,16699,58656,0.843,,,,,,,41.707199,-87.714749,FLY,2500
148654,University of Illinois Springfield,Springfield,IL,1,2263,www.uis.edu/,www.uis.edu/sites/default/files/calculator/npcalc.htm,25521,12252,22017,5778,5915,9520,12349,16544,medium,0.5321,0.456,14000,57103,0.8588,480,610,460,590,21,27,39.729524,-89.616796,FLY,2500
148672,Sauk Valley Community College,Dixon,IL,1,1158,www.svcc.edu/,https://www.svcc.edu/students/finaid/consumer/net-price.html,15273,5340,12900,5027,7182,8884,12524,14155,medium,,,5500,40458,,,,,,,,41.817659,-89.596483,FLY,2500
148821,Shawnee Community College,Ullin,IL,1,698,https://shawneecc.edu/,https://shawneecc.edu/financial-aid/net-price-calculator,13497,4650,7500,3792,3214,4516,7466,8912,medium,,,,32999,,,,,,,,37.270198,-89.03352,FLY,2500
148937,Southeastern Illinois College,Harrisburg,IL,1,680,www.sic.edu/,www.sic.edu/financial-aid/cost-calculator,16113,4560,6780,10895,11337,12999,12731,12908,high,,,,33763,,,,,,,,37.75174,-88.436631,FLY,2500
148991,Spoon River College,Canton,IL,1,774,www.src.edu/,www.src.edu/services/financial-aid/Pages/NetPriceCalculator/npcalc.htm,12217,6090,13500,1915,1060,4710,8919,11892,low,,,6750,38386,,,,,,,,40.527991,-90.07233,FLY,2500
149028,Saint Anthony College of Nursing,Rockford,IL,2,172,https://www.sacn.edu/,https://www.osfhealthcare.org/sacn/admissions/resources/financial-aid/net-price-calculator/,,27811,27811,,,,,,,,,18750,77709,,,,,,,,42.310147,-88.991968,FLY,2500
149222,Southern Illinois University-Carbondale,Carbondale,IL,1,8494,https://siu.edu/,https://siu.studentaidcalculator.com/survey.aspx,28329,13334,13334,9415,8497,10308,17724,23254,high,0.6241,0.4494,17750,53390,0.8688,470,590,430,570,18,25,37.714193,-89.217273,FLY,2500
149231,Southern Illinois University Edwardsville,Edwardsville,IL,1,8750,www.siue.edu/,siue.studentaidcalculator.com/welcome.aspx,28919,12922,12922,8483,8587,11116,19351,24684,high,0.5697,0.4431,15500,56346,0.975,490,600,460,590,20,27,38.793949,-89.997779,FLY,2500
149365,South Suburban College,South Holland,IL,1,2042,https://www.ssc.edu/,https://www.ssc.edu/compliance/fa/net_price_calculator/npcalc.htm,10834,5093,12683,2722,1767,5371,7583,,medium,,,,33680,,,,,,,,41.606427,-87.619123,FLY,2500
149505,Trinity Christian College,Palos Heights,IL,2,820,www.trnty.edu/,www.trnty.edu/finaid/mm-npcfs.html,35012,20605,20605,12891,13587,15592,18846,23986,high,0.5752,0.9851,21358,55700,0.8492,510,660,540,660,20,25,41.667687,-87.783973,FLY,2500
149532,Triton College,River Grove,IL,1,6902,https://www.triton.edu/,https://online2.triton.edu/netpricecalculator/,12235,5070,15330,2397,3722,5959,8611,12235,low,,,5500,41728,,,,,,,,41.916082,-87.841056,FLY,2500
149727,Waubonsee Community College,Sugar Grove,IL,1,5721,https://www.waubonsee.edu/,https://www.waubonsee.edu/admissions/costs-and-payments/net-price-calculator,19336,3504,10477,7360,8641,11806,16173,18171,medium,,,4500,44788,,,,,,,,41.795955,-88.459925,FLY,2500
149772,Western Illinois University,Macomb,IL,1,4410,www.wiu.edu/,www.wiu.edu/student_success/financial_aid/netPriceCalculator.php,28254,15264,15264,6941,8787,12062,16294,19701,medium,0.4522,0.3585,19762,54163,0.7118,,,,,,,40.468086,-90.686899,FLY,2500
149781,Wheaton College,Wheaton,IL,2,2121,www.wheaton.edu/,www.wheaton.edu/admissions-and-aid/cost-and-financial-aid/student-financial-services/cost/net-price-calculator/,59263,45546,45546,20001,18587,20553,24176,33435,critical,0.8475,0.8356,20000,63756,0.874,650,740,610,730,28,32,41.870176,-88.099643,FLY,2500
149842,William Rainey Harper College,Palatine,IL,1,9313,https://www.harpercollege.edu/index.php,https://www.harpercollege.edu/gov/financialaid/netpricecalculator/index.html,19288,3894,11874,9446,10501,13426,16866,18676,high,,,6230,48071,,,,,,,,42.081829,-88.072811,FLY,2500
150066,Anderson University,Anderson,IN,2,1057,https://anderson.edu/,https://anderson.edu/admissions/financial-aid/net-calculator/,51585,37240,37240,23119,21044,22418,26139,29375,critical,0.5379,0.4194,19500,48899,0.7934,450,580,450,570,17,24,40.112768,-85.664315,FLY,2500
150136,Ball State University,Muncie,IN,1,13988,https://www.bsu.edu/,https://bsu.studentaidcalculator.com/survey.aspx,26146,11082,29630,7834,9848,14333,19567,23479,high,0.6234,0.5273,16904,51833,0.855,550,640,530,620,20,24,40.203431,-85.409043,FLY,2500
150145,Bethel University,Mishawaka,IN,2,1008,https://betheluniversity.edu/,https://betheluniversity.edu/admissions-aid/scholarships-and-aid/net-price-calculator/,43885,34600,34600,17580,12572,12673,18645,25871,critical,0.5322,0.4468,19293,48860,0.9766,460,580,440,570,16,24,41.678399,-86.194686,FLY,2500
150163,Butler University,Indianapolis,IN,2,4317,www.butler.edu/,https://app.meadowfi.com/butler,65970,47560,47560,25278,25696,32679,36778,41134,critical,0.8038,0.7292,22238,77235,0.8508,590,680,570,670,26,31,39.8374,-86.172167,FLY,2500
150172,Calumet College of Saint Joseph,Whiting,IN,2,529,www.ccsj.edu/,https://www.ccsj.edu/admissions/financial-aid/,32968,23850,23850,21381,22931,22877,23358,24970,critical,0.2286,0.193,9500,46945,,,,,,,,41.671008,-87.494123,FLY,2500
150400,DePauw University,Greencastle,IN,2,1905,www.depauw.edu/,app.meadowfi.com/depauw,74320,59070,59070,11820,13957,12979,21774,31225,high,0.7469,0.7258,24733,70527,0.5719,600,690,600,720,28,32,39.640904,-86.860363,FLY,2500
150455,Earlham College,Richmond,IN,2,670,https://earlham.edu/,https://www.shoppingsheet.com/Shopping/School/150455,67684,53930,53930,17178,15658,19768,26136,31058,critical,0.69,0.5571,19500,50797,0.7311,570,660,540,630,24,33,39.823431,-84.915037,FLY,2500
150534,University of Evansville,Evansville,IN,2,1539,https://www.evansville.edu/,https://www.evansville.edu/student-financial-services/net-price-calculator.cfm,57451,44172,44172,14451,12347,13711,20735,24936,high,0.6446,0.5882,19000,53770,0.776,,,,,,,37.971549,-87.531644,FLY,2500
150604,Franklin College,Franklin,IN,2,900,www.franklincollege.edu/,www.franklincollege.edu/admissions-aid/tuition-and-financial-aid/tuition-and-costs/#section3,54178,38710,38710,14790,15822,20093,23439,30316,high,0.603,0.5897,18998,55376,0.698,540,620,520,620,20,26,39.478298,-86.047182,FLY,2500
150668,Goshen College,Goshen,IN,2,773,www.goshen.edu/,https://www.goshen.edu/admissions-aid/financial-aid/calculator,48449,38890,38890,12761,6947,15163,17413,19447,high,0.65,0.5833,13750,51943,0.8407,440,550,440,560,,,41.563582,-85.827795,FLY,2500
150677,Grace College and Theological Seminary,Winona Lake,IN,2,1464,www.grace.edu/,https://www.grace.edu/admissions/undergraduate-admissions/financial-aid-scholarships/net-price-calculator/,41838,31200,31200,10998,12459,17103,22963,26884,high,0.6877,0.6293,16750,45411,0.8215,510,610,490,590,21,27,41.22595,-85.814228,FLY,2500
150756,Hanover College,Hanover,IN,2,1031,www.hanover.edu/,https://bigfuture.collegeboard.org/pay-for-college/get-started/net-price-calculator,58821,44638,44638,16832,18773,16944,23824,27030,critical,0.6713,0.5772,19500,53957,0.837,560,650,550,630,23,29,38.715642,-85.460051,FLY,2500
150774,Holy Cross College,Notre Dame,IN,2,639,www.hcc-nd.edu/,www.hcc-nd.edu/net-price-calculator/,50881,36600,36600,15377,13673,17036,22701,35603,critical,0.7289,0.6154,11904,50416,0.7518,,,,,,,41.698996,-86.253822,FLY,2500
150941,Huntington University,Huntington,IN,2,1082,www.huntington.edu/,https://www.huntington.edu/financial-aid,42157,31870,31870,10796,13006,14899,23155,27226,high,0.636,0.5432,18127,46672,0.7564,470,580,460,570,18,26,40.898152,-85.497317,FLY,2500
150987,Ivy Tech Community College,Indianapolis,IN,1,58267,www.ivytech.edu/,www.ivytech.edu/financial-aid/estimator.html,15370,5154,9935,5532,5727,8489,11793,14385,medium,,,5835,37186,,,,,,,,39.803753,-86.158213,FLY,2500
151102,Purdue University Fort Wayne,Fort Wayne,IN,1,5484,www.pfw.edu/,www.pfw.edu/admissions-financial-aid/financial-aid/net-price-calculator,22183,9532,22887,8306,8703,12444,18430,20224,high,0.3627,0.3128,10556,45872,0.8389,490,610,480,610,22,29,41.117278,-85.108962,FLY,2500
151111,Indiana University-Indianapolis,Indianapolis,IN,1,13830,https://indianapolis.iu.edu/,https://indianapolis.iu.edu/cost-aid/cost-of-attendance/net-price-calculator.html,23316,10762,34891,5701,5995,11038,18056,20680,medium,0.5445,0.4766,13337,55198,0.7637,520,630,510,610,21,29,39.772948,-86.172217,FLY,2500
151263,University of Indianapolis,Indianapolis,IN,2,3005,https://uindy.edu/,https://www.shoppingsheet.com/shopping/landing/151263,52590,37200,37200,15346,17863,21262,23855,28004,critical,0.5582,0.4507,18714,53610,0.665,,,,,,,39.709571,-86.133969,FLY,2500
151290,Indiana Institute of Technology,Fort Wayne,IN,2,1441,www.indianatech.edu/,financialservices.indianatech.edu/costs/net-price-calculators/,45879,31361,31361,19524,17194,21077,27042,27828,critical,0.4779,0.3682,12564,47327,0.7039,,,,,,,41.078365,-85.116479,FLY,2500
151306,University of Southern Indiana,Evansville,IN,1,5292,www.usi.edu/,https://usi.studentaidcalculator.com/survey.aspx,22383,10066,22907,7484,7818,12748,17720,18777,medium,0.4818,0.3744,13236,47605,0.9581,520,620,510,620,21,27,37.962374,-87.677214,FLY,2500
151324,Indiana State University,Terre Haute,IN,1,6188,https://indianastate.edu/,https://indianastate.edu/costs-aid/net-price-calculator,24535,10258,22322,6455,6571,9317,15450,19345,medium,0.4288,0.3277,14574,48387,0.8077,,,,,,,39.469073,-87.407846,FLY,2500
151333,Indiana University-Kokomo,Kokomo,IN,1,2352,https://kokomo.iu.edu/,https://iuia.iu.edu/compliance-reports/campus-net-price-calc/index.html,11837,8424,22811,-583,-541,2375,9025,10593,low,0.4561,0.4109,10000,49917,0.8648,490,580,470,570,21,27,40.460062,-86.132048,FLY,2500
151342,Indiana University-South Bend,South Bend,IN,1,3933,https://southbend.iu.edu/,https://iuia.iu.edu/compliance-reports/campus-net-price-calc/index.html,17364,8424,22811,4637,4926,8195,13968,15825,medium,0.4009,0.3468,12000,44947,0.8384,480,610,470,580,21,23,41.665324,-86.221991,FLY,2500
151351,Indiana University-Bloomington,Bloomington,IN,1,37806,https://bloomington.iu.edu/,https://studentcentral.indiana.edu/cost-of-iu/index.html,28801,12144,41891,6324,7610,12154,20204,25128,medium,0.8021,0.6989,15519,63742,0.7821,590,690,580,710,27,33,39.16609,-86.526559,FLY,2500
151360,Indiana University-Northwest,Gary,IN,1,2661,https://northwest.iu.edu/,https://iuia.iu.edu/compliance-reports/campus-net-price-calc/index.html,13989,8424,22811,1419,331,5159,10047,13042,low,0.3738,0.3227,12478,43361,0.7339,460,600,450,580,18,26,41.557324,-87.337249,FLY,2500
151379,Indiana University-Southeast,New Albany,IN,1,3170,https://southeast.iu.edu/,https://iuia.iu.edu/compliance-reports/campus-net-price-calc/index.html,16411,8424,22811,3782,4978,7046,11730,14276,medium,0.3919,0.2993,11650,47596,0.8446,490,610,480,570,20,25,38.345191,-85.819985,FLY,2500
151388,Indiana University-East,Richmond,IN,1,2589,https://east.iu.edu/,https://iuia.iu.edu/compliance-reports/campus-net-price-calc/index.html,16954,8424,22811,5154,5454,7100,13260,16067,medium,0.3958,0.3943,12000,47156,0.6722,490,600,470,570,19,24,39.868707,-84.881923,FLY,2500
151777,Manchester University,North Manchester,IN,2,936,https://www.manchester.edu/,https://www.manchester.edu/admissions-aid/tuition-fees/student-financial-services/,49993,37135,37135,13875,16109,16607,21075,26151,high,0.4608,0.3457,12250,51504,0.7106,,,,,,,41.01154,-85.762249,FLY,2500
151786,Marian University,Indianapolis,IN,2,2266,https://www.marian.edu/,https://www.marian.edu/admissions/tuition-and-fees,56258,40664,40664,23195,19896,21690,26092,26671,critical,0.6722,0.5663,20000,58759,0.9546,,,,,,,39.813233,-86.202643,FLY,2500
151801,Indiana Wesleyan University-Marion,Marion,IN,2,1974,https://www.indwes.edu/,https://indwes.aidcalc.cloud/,44776,32352,32352,19793,14896,18313,22336,27265,critical,0.6671,0.5656,14335,59986,0.8894,480,600,480,580,19,28,40.517937,-85.667503,FLY,2500
151962,Mid-America College of Funeral Service,Jeffersonville,IN,2,279,www.mid-america.edu/,https://www.mid-america.edu/admissions/net-price-calculator/,35453,19000,19000,29894,32971,29041,35453,,critical,0.3214,0.3333,11625,44505,,,,,,,,38.31209,-85.744696,FLY,2500
152080,University of Notre Dame,Notre Dame,IN,2,8818,www.nd.edu/,financialaid.nd.edu/,83271,65025,65025,7244,7254,11432,18670,45321,medium,0.9517,0.9282,19000,99980,0.1127,720,770,735,790,33,35,41.703058,-86.238959,FLY,2500
152099,Oakland City University,Oakland City,IN,2,499,www.oak.edu/,www.oak.edu/admissions/tuition-and-aid/net-price-calculator/,42441,27900,27900,13980,15781,13637,16005,18550,high,0.6552,1,12174,43283,0.8251,,,,,,,38.340891,-87.35144,FLY,2500
152318,Rose-Hulman Institute of Technology,Terre Haute,IN,2,2309,https://www.rose-hulman.edu/,tiny.cc/rhit_npc,77890,58649,58649,36843,33742,37396,38843,45994,critical,0.7816,0.6522,21751,101253,0.7686,650,730,670,770,29,34,39.483602,-87.326749,FLY,2500
152336,University of Saint Francis-Fort Wayne,Fort Wayne,IN,2,1567,https://www.sf.edu/,https://www.sf.edu/netpricecalculator/,47223,36460,36460,12720,12392,15525,21248,24373,high,0.5497,0.482,18750,55362,0.9597,440,540,430,530,17,24,41.087205,-85.177246,FLY,2500
152381,Saint Mary-of-the-Woods College,Saint Mary of the Woods,IN,2,853,www.smwc.edu/,https://www.smwc.edu/offices-resources/offices/financial-aid/net-price-calculator/,49512,35270,35270,33513,36071,31036,32724,26604,critical,0.4663,0.4158,13600,43845,0.7239,,,,,,,39.508546,-87.463791,FLY,2500
152390,Saint Mary's College,Notre Dame,IN,2,1458,https://www.saintmarys.edu/,https://www.saintmarys.edu/financial-aid/tools/net-price-calculator,66478,53230,53230,16760,18152,21014,23680,30443,critical,0.6933,0.5714,23199,59354,0.7597,580,680,550,645,26,30,41.707274,-86.256947,FLY,2500
152497,Saint Elizabeth School of Nursing,Lafayette,IN,2,145,https://www.steson.org/,https://steson.org/calculator/,32407,20208,20208,,8762,23034,21156,28157,,,,19500,65230,0.8889,,,,,,,40.427401,-86.88083,FLY,2500
152530,Taylor University,Upland,IN,2,2025,https://www.taylor.edu/,https://www.taylor.edu/admissions/tuition-funding/net-price-calculator,53405,40490,40490,16143,17262,18100,23504,30050,critical,0.7381,0.5963,15500,52198,0.7353,540,670,530,660,24,31,40.456246,-85.497034,FLY,2500
152567,Trine University,Angola,IN,2,2324,www.trine.edu/,www.trine.edu/admission-aid/tuition-aid/trine-net-price-calculator.aspx,51109,36560,36560,19661,20470,19463,24031,29066,critical,0.6438,0.5342,18500,57165,0.8548,,,,,,,41.632502,-85.008009,FLY,2500
152600,Valparaiso University,Valparaiso,IN,2,2083,https://www.valpo.edu/,https://www.valpo.edu/aid/tuition/,58437,48450,48450,11043,12055,15279,22311,24780,high,0.7037,0.5872,22133,63191,0.8943,540,640,520,640,23,31,41.462239,-87.040172,FLY,2500
152637,Vincennes University,Vincennes,IN,1,3657,https://www.vinu.edu/,www.vinu.edu/financial-services/net-price-calculator.html,21310,7126,16858,7146,7982,11884,16398,17228,medium,0.3892,0.3017,9227,41110,,,,,,,,38.686318,-87.523407,FLY,2500
152673,Wabash College,Crawfordsville,IN,2,866,www.wabash.edu/,https://www.wabash.edu/admissions/finances/npc,65144,50800,50800,16586,13526,18175,18681,30511,critical,0.7701,0.7368,24855,69952,0.633,520,620,540,650,23,28,40.037588,-86.906,FLY,2500
152798,Allen College,Waterloo,IA,2,261,www.allencollege.edu/,www.allencollege.edu/cost-calculator/index.html,,,,,,,,,,,,15000,71261,,,,,,,,42.530084,-92.340148,FLY,2500
152992,Briar Cliff University,Sioux City,IA,2,624,www.briarcliff.edu/,https://www.briarcliff.edu/filesimages/future chargers/financial aid/costs and financial aid/net-price-calculator.html,51493,36956,36956,17764,14604,25516,30156,27328,critical,0.4751,0.5357,15506,54475,,,,,,,,42.526443,-96.428444,FLY,2500
153001,Buena Vista University,Storm Lake,IA,2,1366,https://www.bvu.edu/,https://www.bvu.edu/admissions/financial-assistance/calculator,54222,41798,41798,12901,14838,18094,19571,24967,high,0.6169,0.5455,17500,49156,0.7761,,,,,19,26,42.642255,-95.208529,FLY,2500
153108,Central College,Pella,IA,2,1070,www.central.edu/,www.central.edu/financial-aid/net-price-calculator/,37773,20988,20988,16231,16237,19532,21936,27165,critical,0.6619,0.5918,20815,54317,0.8617,528,560,528,560,20,26,41.401539,-92.922199,FLY,2500
153126,Clarke University,Dubuque,IA,2,742,www.clarke.edu/,https://www.clarke.edu/wp-content/uploads/npcalc.htm,55782,40910,40910,23405,22543,22645,27890,24784,critical,0.5612,0.56,19500,55396,0.7183,430,570,470,590,16,24,42.509475,-90.690487,FLY,2500
153144,Coe College,Cedar Rapids,IA,2,1164,www.coe.edu/,https://www.coe.edu/admission/financial-aid-scholarships/resources/net-price-calculator,67372,54666,54666,11479,11523,14475,20223,27167,high,0.659,0.5976,20496,57125,0.6404,540,640,530,650,23,29,41.988263,-91.658192,FLY,2500
153162,Cornell College,Mount Vernon,IA,2,1086,https://www.cornellcollege.edu/,https://www.cornellcollege.edu/financial-assistance/net-price-calculator/index.shtml,66249,52660,52660,16409,18513,20177,22944,29298,critical,0.6182,0.5176,21500,53460,0.799,575,655,545,630,23,30,41.924554,-91.423741,FLY,2500
153214,Des Moines Area Community College,Ankeny,IA,1,10446,https://www.dmacc.edu/,https://www.dmacc.edu/financial-aid/npcalc/,16204,5790,6690,9132,9175,11130,13455,15534,high,,,6500,41018,,,,,,,,41.707348,-93.611597,FLY,2500
153250,Dordt University,Sioux Center,IA,2,1597,https://www.dordt.edu/,https://www.dordt.edu/admissions-and-aid/cost/net-price-calculator,51733,37050,37050,22597,21083,24079,25113,29940,critical,0.7014,0.6947,17500,52559,0.6847,540,670,530,660,21,29,43.082527,-96.166562,FLY,2500
153269,Drake University,Des Moines,IA,2,2543,www.drake.edu/,https://www.drake.edu/admission/first-yearstudents/costsfinancialaid/netpricecalculator/,64835,52130,52130,25824,23275,25171,27408,33126,critical,0.7403,0.6129,19500,71901,0.6385,580,680,530,670,24,29,41.60129,-93.652163,FLY,2500
153278,University of Dubuque,Dubuque,IA,2,1440,www.dbq.edu/,https://www.dbq.edu/admissionaid/financialaid/netpricecalculator/netpricecalculator.html,53806,42095,42095,18106,19318,19480,24660,25908,critical,0.4008,0.2997,17070,51190,0.8863,490,610,490,610,18,24,42.49726,-90.693428,FLY,2500
153296,Ellsworth Community College,Iowa Falls,IA,1,499,https://ecc.iavalley.edu/,https://ecc.iavalley.edu/admissions/financial-aid/tuition-and-fees/,18804,5496,6504,9121,8203,12486,13685,14742,high,,,6158,40562,,,,,,,,42.527524,-93.265853,FLY,2500
153302,Emmaus Bible College,Dubuque,IA,2,224,https://www.emmaus.edu/,https://www.emmaus.edu/npc/npcalc.htm,30971,20800,20800,11199,10179,10844,11741,23888,high,0.8298,0.75,9350,42631,0.5979,570,690,550,630,21,30,42.508307,-90.706011,FLY,2500
153311,Eastern Iowa Community College District,Davenport,IA,1,3520,www.eicc.edu/,www.eicc.edu/future-students/financial-aid/net-price-calculator.aspx,19170,4848,6456,11841,12804,14703,17260,19014,high,,,7970,39060,,,,,,,,41.522179,-90.574459,FLY,2500
153320,Faith Baptist Bible College and Theological Seminary,Ankeny,IA,2,405,https://faith.edu/,https://faith.edu/net-price-calculator/,32722,20270,20270,14121,14439,16036,17612,19580,high,0.6753,0.5789,8750,40650,0.6752,500,610,490,580,19,26,41.737082,-93.624422,FLY,2500
153366,Graceland University-Lamoni,Lamoni,IA,2,798,www.graceland.edu/,www.graceland.edu/admissions-aid/tuition-financial-aid/tuition-and-fees/net-price-calculator/,48294,20950,20950,15875,16390,20883,18345,21560,critical,0.4195,0.3212,14209,47361,0.8083,,,,,,,40.615966,-93.924893,FLY,2500
153375,Grand View University,Des Moines,IA,2,1486,www.grandview.edu/,https://www.grandview.edu/admissions/financial-aid/net-price-calculator,48522,34762,34762,18512,18773,20254,23414,24601,critical,0.5399,0.3664,15097,52824,0.9909,,,,,,,41.620039,-93.600954,FLY,2500
153384,Grinnell College,Grinnell,IA,2,1729,www.grinnell.edu/,https://npc.collegeboard.org/student/app/grinnell,83440,68106,68106,9970,7789,9669,19348,37725,high,0.8812,0.9,14151,62830,0.1451,700,750,710,790,31,34,41.747952,-92.722094,FLY,2500
153445,Hawkeye Community College,Waterloo,IA,1,2626,www.hawkeyecollege.edu/,www.hawkeyecollege.edu/financial-aid/net-price-calculator,14901,6525,6612,7443,8151,8859,10316,13016,medium,,,8750,42849,,,,,,,,42.430003,-92.330633,FLY,2500
153472,Indian Hills Community College,Ottumwa,IA,1,1495,https://www.indianhills.edu/,https://www.indianhills.edu/payingforcollege/netprice/npcalc.htm,17791,5040,6120,9561,8407,10960,12515,15397,high,,,7125,40507,,,,,,,,41.045105,-92.394736,FLY,2500
153524,Iowa Central Community College,Fort Dodge,IA,1,3103,www.iowacentral.edu/,www.iowacentral.edu/results.asp?q=Net+price+calculator,15222,5496,7788,7837,7865,8948,12252,12424,high,,,8000,42046,,,,,,,,42.490067,-94.20299,FLY,2500
153533,Iowa Lakes Community College,Estherville,IA,1,941,www.iowalakes.edu/,https://www.iowalakes.edu/paying-for-college/net-price-calculator/,20120,7392,7872,11420,11764,13097,16461,17325,high,,,7242,43108,,,,,,,,43.401376,-94.835661,FLY,2500
153603,Iowa State University,Ames,IA,1,25367,https://www.iastate.edu/,https://www.financialaid.iastate.edu/getting-started/cost/net-price-calculator/,24018,10787,28881,10582,11506,15463,19605,22496,high,0.7532,0.6887,18750,63386,0.8866,560,670,560,690,21,28,42.026212,-93.648504,FLY,2500
153630,Iowa Western Community College,Council Bluffs,IA,1,2916,www.iwcc.edu/,www.iwcc.edu/financial-aid/npcalc/,18978,6930,7080,13099,12217,14706,17225,18209,high,,,8098,42793,,,,,,,,41.272168,-95.797975,FLY,2500
153658,University of Iowa,Iowa City,IA,1,22264,https://uiowa.edu/,https://admissions.uiowa.edu/finances/net-price-calculator,28596,11283,33371,15316,15489,19930,23811,26266,critical,0.7463,0.6531,18207,64762,0.8362,570,670,560,660,21,28,41.661935,-91.536425,FLY,2500
153737,Kirkwood Community College,Cedar Rapids,IA,1,7591,www.kirkwood.edu/,https://www.kirkwood.edu/get-started/paying-for-college/tuition-costs,15579,6176,8220,6967,7084,9514,12106,14091,medium,,,7591,41016,,,,,,,,41.911268,-91.651172,FLY,2500
153825,Loras College,Dubuque,IA,2,1083,https://www.loras.edu/,https://www.loras.edu/financial-aid/netpricecalculator,50537,39824,39824,20479,17033,15624,20233,23039,critical,0.676,0.5517,19500,58289,0.9986,,,,,,,42.503908,-90.679023,FLY,2500
153834,Luther College,Decorah,IA,2,1379,https://www.luther.edu/,https://luther.edu/admission-aid/cost-financial-aid/net-price-calculator,65461,52120,52120,12517,12835,19351,22204,29376,high,0.7112,0.5818,22200,59850,0.7154,550,668,528,738,22,29,43.312304,-91.802809,FLY,2500
153861,Maharishi International University,Fairfield,IA,2,922,https://www.miu.edu/,https://www.miu.edu/consumer-information/financial-aid-information/federal-net-price-calculator/,27892,16530,16530,14269,16585,14066,18954,,high,0.5,0.4286,11558,27981,0.957,,,,,,,41.017781,-91.967306,FLY,2500
153922,Marshalltown Community College,Marshalltown,IA,1,788,https://mcc.iavalley.edu/,https://mcc.iavalley.edu/admissions/financial-aid/tuition-fees/,14425,5496,6504,6393,6482,7797,10546,11686,medium,,,5500,41010,,,,,,,,42.00065,-92.909411,FLY,2500
153977,Mercy College of Health Sciences,Des Moines,IA,2,867,https://www.mchs.edu/,https://www.mchs.edu/wp-content/uploads/2024/03/index.html,34398,17664,17664,24171,27533,29193,26615,29953,critical,0.6552,0.7,12500,62234,0.9971,,,,,16,21,41.594559,-93.626238,FLY,2500
154004,Morningside University,Sioux City,IA,2,1163,https://www.morningside.edu/,https://www.morningside.edu/about-morningside/consumer-information/,52577,39660,39660,33738,21201,19124,20575,41981,critical,0.5014,0.4254,15750,55494,0.7104,,,,,,,42.473891,-96.359464,FLY,2500
154013,Mount Mercy University,Cedar Rapids,IA,2,1107,www.mtmercy.edu/,https://www.mtmercy.edu/admissions-aid/financial-aid/net-price-calculator,55054,40878,40878,17070,15294,16883,20311,25244,critical,0.5774,0.494,18500,60787,0.8252,,,,,,,42.001931,-91.650991,FLY,2500
154022,The University of Arizona Global Campus,Chandler,AZ,1,20152,www.uagc.edu/,https://app.meadowfi.com/azglobal,37594,11960,11960,,,,,,,0.1068,0.1086,9500,35404,,,,,,,,32.8273,-117.141961,FLY,2500
154059,North Iowa Area Community College,Mason City,IA,1,1320,www.niacc.edu/,https://www.niacc.edu/admissions/finance-your-education/financial-aid/calculator/,17040,6653,9551,8471,7723,9644,12376,13705,high,,,6000,43462,,,,,,,,43.157169,-93.13126,FLY,2500
154095,University of Northern Iowa,Cedar Falls,IA,1,7529,https://www.uni.edu/,https://admissions.uni.edu/financial-aid/resources/net-price-calculator,22278,9936,21712,10863,11751,14099,17740,18706,high,0.6792,0.5797,16486,55177,0.9274,520,650,500,630,19,26,42.514923,-92.459703,FLY,2500
154101,Northwestern College,Orange City,IA,2,1175,https://www.nwciowa.edu/,https://www.nwciowa.edu/aid-calculator,49783,36710,36710,27059,19503,20572,24265,29539,critical,0.6605,0.5974,16791,49802,0.8036,,,,,,,42.999007,-96.058772,FLY,2500
154110,Northeast Iowa Community College,Calmar,IA,1,1697,https://www.nicc.edu/,https://www.nicc.edu/admissions/tuition-and-fees/,17838,6780,7770,9137,8176,12225,15390,16353,high,,,8284,41306,,,,,,,,43.17523,-91.867105,FLY,2500
154129,Northwest Iowa Community College,Sheldon,IA,1,864,www.nwicc.edu/,files.nwicc.edu/files/portal/netpricecalculator/npcalc.htm,20414,7350,7650,10368,11253,13263,16573,19325,high,,,7000,50776,,,,,,,,43.184701,-95.880639,FLY,2500
154235,Saint Ambrose University,Davenport,IA,2,1916,www.sau.edu/,sau.edu/tuition-financial-aid/net-price-calculator,51141,36658,36658,22037,21729,22408,24776,27807,critical,0.6103,0.4236,19500,59531,0.7733,490,580,440,590,20,25,41.54065,-90.579854,FLY,2500
154262,St Luke's College,Sioux City,IA,2,167,www.stlukescollege.edu/,www.stlukescollege.edu/net-price-calculator.aspx,27647,24175,24175,,,15602,,26147,,1,1,13000,61033,0.8,,,,,17,23,42.520081,-96.404724,FLY,2500
154350,Simpson College,Indianola,IA,2,1227,simpson.edu/,simpson.edu/financial-aid/net-price-calculator/,61227,47656,47656,17941,15764,19176,22468,26586,critical,0.6333,0.5587,20262,59274,0.8622,,,,,31,33,41.365503,-93.563471,FLY,2500
154378,Southeastern Community College,West Burlington,IA,1,1699,www.scciowa.edu/,https://www.scciowa.edu/paying/aid/net-price-calculator.aspx,17371,6420,6570,11012,10249,12194,15178,16122,high,,,7398,36882,,,,,,,,40.814496,-91.171881,FLY,2500
154396,Southwestern Community College,Creston,IA,1,729,www.swcciowa.edu/,www.swcciowa.edu/net-price-calculator/,16951,8064,8316,7137,8440,10118,12444,14449,medium,,,7418,40129,,,,,,,,41.073437,-94.380906,FLY,2500
154493,Upper Iowa University,Fayette,IA,2,1994,https://www.uiu.edu/,https://uiu.edu/financial-aid/net-price-calculator.html,34022,19475,19475,17715,22774,18720,20041,23805,critical,0.3389,0.2817,18000,52766,0.9646,,,,,17,23,42.838283,-91.799543,FLY,2500
154518,Waldorf University,Forest City,IA,2,1827,www.waldorf.edu/,https://shoppingsheet.com/shopping/landing/waldorf,39675,25978,25978,16448,18378,23045,21244,23667,critical,0.2114,0.1765,12025,51165,0.7698,,,,,,,43.262923,-93.641714,FLY,2500
154527,Wartburg College,Waverly,IA,2,1452,https://www.wartburg.edu/,https://vip.wartburg.edu/finaid/npc.html,64359,26250,26250,21688,20751,27056,28873,38864,critical,0.643,0.4962,19500,56201,0.7584,470,620,460,580,21,27,42.7277,-92.483387,FLY,2500
154572,Western Iowa Tech Community College,Sioux City,IA,1,2647,https://www.witcc.edu/,https://www.witcc.edu/financial-aid/net-price-calculator/,14894,5186,5330,7662,7636,8887,10033,12955,high,,,7000,40473,,,,,,,,42.482953,-96.348874,FLY,2500
154590,William Penn University,Oskaloosa,IA,2,1301,https://www.wmpenn.edu/,https://www.wmpenn.edu/admissions-aid/net-price-calculator/,42874,29750,29750,20608,19378,20560,24245,25916,critical,0.3262,0.244,12000,48936,0.5188,450,570,430,540,16,22,41.310111,-92.647095,FLY,2500
154642,Allen County Community College,Iola,KS,1,810,https://www.allencc.edu/,web.allencc.edu/portal/netpricecalc/index.html,14024,4260,4860,8454,11888,12024,,,high,,,5021,40059,,,,,,,,37.938038,-95.396377,FLY,2500
154688,Baker University,Baldwin City,KS,2,1100,https://www.bakeru.edu/,https://www.bakeru.edu/fa-calculator/npcalc.htm,50918,35300,35300,21057,18530,23470,27166,30800,critical,0.5779,0.4535,18530,63855,0.9419,,,,,,,38.778712,-95.187346,FLY,2500
154697,Barton County Community College,Great Bend,KS,1,2455,https://www.bartonccc.edu/,https://bartonccc.edu/financialaid/studentconsumerinfo/netpricecalc,15356,3680,4960,10020,8027,10270,11117,11147,high,,,6250,40428,,,,,,,,38.403529,-98.731648,FLY,2500
154712,Benedictine College,Atchison,KS,2,2272,www.benedictine.edu/,www.benedictine.edu/calculator,52206,36350,36350,22032,22678,21893,27231,30832,critical,0.6158,0.5,18570,53175,0.9812,570,690,570,690,22,29,39.573079,-95.113858,FLY,2500
154721,Bethany College,Lindsborg,KS,2,569,https://www.bethanylb.edu/,https://www.bethanylb.edu/net-price-calculator,53738,33000,33000,22561,24432,27302,30580,33313,critical,0.3574,0.3353,9500,49694,0.56,,,,,,,38.580598,-97.67367,FLY,2500
154749,Bethel College-North Newton,North Newton,KS,2,504,www.bethelks.edu/,https://www.bethelks.edu/admissions/affordability/net-price-calculator/,52193,35014,35014,35147,32633,33019,31293,32270,critical,0.4112,0.2558,12000,49898,0.935,,,,,,,38.075169,-97.343256,FLY,2500
154800,Butler Community College,El Dorado,KS,1,5104,www.butlercc.edu/,https://butlercc.clearcostcalculator.com/student/default/netpricecalculator/survey,21295,3541,6271,13485,16423,16840,17258,20810,high,,,6680,41206,,,,,,,,37.806699,-96.882987,FLY,2500
154855,Central Christian College of Kansas,McPherson,KS,2,380,https://www.centralchristian.edu/,https://www.centralchristian.edu/net-price-calculator/,33327,21000,21000,11689,5816,10941,17373,15113,high,0.2697,0.1667,15750,44468,0.5271,,,,,,,38.357978,-97.668597,FLY,2500
154907,Cloud County Community College,Concordia,KS,1,762,https://www.cloud.edu/,https://www.cloud.edu/Admissions/Covering-the-Cost/Cost-Calculator/index,17584,3540,4500,9990,10171,11798,14565,15947,high,,,6326,39883,,,,,,,,39.554199,-97.664147,FLY,2500
154925,Coffeyville Community College,Coffeyville,KS,1,850,www.coffeyville.edu/,https://access.coffeyville.edu/netprice/npcalc.htm,11863,3600,4680,2793,4425,5860,9049,9592,medium,,,5500,35246,,,,,,,,37.033814,-95.621374,FLY,2500
154934,Colby Community College,Colby,KS,1,838,www.colbycc.edu/,nces.ed.gov/ipeds/netpricecalculator/,13160,4140,5830,7707,13160,13160,,,high,,,6206,41889,,,,,,,,39.377601,-101.052744,FLY,2500
154952,Cowley County Community College,Arkansas City,KS,1,1543,www.cowley.edu/,https://www.cowley.edu/finaid/calc/index.html,13534,4800,6600,6305,5566,8017,8589,9632,medium,,,5250,37723,,,,,,,,37.061668,-97.043075,FLY,2500
154998,Dodge City Community College,Dodge City,KS,1,1106,https://dc3.edu/,https://dc3.edu/about/disclosures/net-price-calculator/,10189,4650,5850,2072,3747,4490,8617,9120,low,,,5451,45427,,,,,,,,37.776891,-100.037481,FLY,2500
155007,Donnelly College,Kansas City,KS,2,395,www.donnelly.edu/,https://www.donnelly.edu/admissions/aid/files/netprice/index.htm,21659,10440,10440,10542,11463,12484,12907,,high,0.4583,0.4444,8747,35715,,,,,,,,39.112346,-94.649827,FLY,2500
155025,Emporia State University,Emporia,KS,1,2239,www.emporia.edu/,www.emporia.edu/financial-aid/financial-information-consumers/net-price-calculator-tool/,21967,7106,15419,11452,11905,14229,18994,19531,high,0.561,0.4797,14000,47601,0.9771,,,,,18,24,38.414784,-96.179021,FLY,2500
155052,Flint Hills Technical College,Emporia,KS,1,352,https://fhtc.edu/,https://fhtc.edu/net-price-calculator/npcalc.html,20965,6400,6400,16611,14227,16464,18242,15165,critical,,,6365,47007,,,,,,,,38.41888,-96.224141,FLY,2500
155061,Fort Hays State University,Hays,KS,1,9733,www.fhsu.edu/,https://www.fhsu.edu/admissions/tuition/calculateexpenses,19909,5923,17741,7661,9776,11941,14266,16641,high,0.477,0.4051,14250,48928,0.9026,500,580,470,560,18,24,38.872156,-99.342503,FLY,2500
155070,Barclay College,Haviland,KS,2,168,www.barclaycollege.edu/,www.barclaycollege.edu//admissions/campus/financial-assistance/,42890,24590,24590,27180,28851,29302,41190,25631,critical,0.3226,0,24320,36355,0.5098,,,,,,,37.62012,-99.105351,FLY,2500
155089,Friends University,Wichita,KS,2,1048,www.friends.edu/,https://app.meadowfi.com/friends,50482,34192,34192,21714,23992,25517,29377,31471,critical,0.4335,0.3377,17413,52113,0.5522,500,530,460,560,15,28,37.678459,-97.367048,FLY,2500
155098,Fort Scott Community College,Fort Scott,KS,1,693,www.fortscott.edu/,www.fortscott.edu/NetPriceCalculator,12669,3390,3840,3140,2629,5555,10083,9416,medium,,,5500,37213,,,,,,,,37.816206,-94.715334,FLY,2500
155104,Garden City Community College,Garden City,KS,1,1474,www.gcccks.edu/,https://www.gcccks.edu/about_gccc/net_price_calculator.html,15071,3690,4320,6672,7191,9191,10633,12430,medium,,,5200,41704,,,,,,,,37.970514,-100.84916,FLY,2500
155140,Haskell Indian Nations University,Lawrence,KS,1,978,www.haskell.edu/,www.haskell.edu/financial-aid/calculator/,9581,600,600,3007,3648,3061,3112,3054,medium,0.1795,0.0769,,37043,0.9036,,,,,,,38.938834,-95.232879,FLY,2500
155177,Hesston College,Hesston,KS,2,372,www.hesston.edu/,https://hesston.edu/admissions/cost-of-attendance/price-calculator/,47450,32936,32936,20762,19140,27809,36239,26267,critical,0.6061,0.5854,12000,47495,,,,,,,,38.134558,-97.433883,FLY,2500
155186,Highland Community College,Highland,KS,1,1279,www.highlandcc.edu/,https://highlandcc.edu/pages/net-price-calculator,17914,4080,4080,7552,9253,11455,13798,14818,high,,,5500,41291,,,,,,,,39.859987,-95.271539,FLY,2500
155195,Hutchinson Community College,Hutchinson,KS,1,3039,www.hutchcc.edu/,www.hutchcc.edu/cost-and-fees,14858,3540,4770,5584,5642,7156,10758,12772,medium,,,6500,43470,,,,,,,,38.068035,-97.92135,FLY,2500
155201,Independence Community College,Independence,KS,1,486,www.indycc.edu/,https://www.indycc.edu/financial_aid/netpricecalc.html,8824,4560,4950,2934,3435,1685,6220,,medium,,,4750,34941,,,,,,,,37.195614,-95.720518,FLY,2500
155210,Johnson County Community College,Overland Park,KS,1,11332,www.jccc.edu/,www.jccc.edu/admissions/financial-aid/net-price-calculator/npcalc-050318.htm,19785,2424,5688,12403,13057,15386,17514,19363,high,,,4500,45387,,,,,,,,38.924125,-94.727798,FLY,2500
155292,Kansas City Kansas Community College,Kansas City,KS,1,3319,www.kckcc.edu/,www.kckcc.edu/admissions/financial-aid/netprice/npcalc.htm,19855,3210,6945,16375,16358,17518,17987,,critical,,,5750,40795,,,,,,,,39.121911,-94.748061,FLY,2500
155308,Kansas Christian College,Overland Park,KS,2,143,https://www.kansaschristian.edu/,https://kansaschristian.edu/price-calculation.html,20997,11720,11720,13652,16799,,17586,,high,0.098,0.1111,7859,,,,,,,,,38.994848,-94.666878,FLY,2500
155317,University of Kansas,Lawrence,KS,1,21217,https://ku.edu/,https://admissions.ku.edu/afford/,26751,12102,30432,12544,12942,15154,19169,22544,high,0.6881,0.5776,15500,61945,0.9348,540,650,530,650,20,28,38.958549,-95.247567,FLY,2500
155335,Newman University,Wichita,KS,2,851,www.newmanu.edu/,newmanu.edu/admissions/financial-aid/net-price-calculator,46489,35500,35500,18060,16366,21234,17142,21774,critical,0.5281,0.4032,15240,55041,0.7398,,,,,,,37.672643,-97.37768,FLY,2500
155399,Kansas State University,Manhattan,KS,1,15142,www.k-state.edu/,www.k-state.edu/sfa/cost/net-price-calculator/,27402,11221,28568,13178,14143,15369,20110,23665,high,0.7108,0.591,17294,57262,0.8169,550,640,510,620,20,27,39.188648,-96.581077,FLY,2500
155414,Kansas Wesleyan University,Salina,KS,2,956,www.kwu.edu/,www.kwu.edu/admissions/net-price-calculator,47437,34630,34630,18192,22442,20857,24189,25113,critical,0.4863,0.4118,15000,51152,0.719,,,,,,,38.813795,-97.607973,FLY,2500
155423,Washburn Institute of Technology,Topeka,KS,1,615,www.washburntech.edu/,www.washburntech.edu/net-price-calculator/npcalc.htm,14251,8880,8880,7114,9496,8645,10082,14051,medium,,,12500,49774,,,,,,,,39.04497,-95.751158,FLY,2500
155450,Labette Community College,Parsons,KS,1,801,www.labette.edu/,www.labette.edu/financialaid/netprice/index.html,13364,4064,4864,4578,3927,7168,8737,11507,medium,,,6500,37818,,,,,,,,37.339062,-95.255368,FLY,2500
155487,Manhattan Area Technical College,Manhattan,KS,1,342,https://manhattantech.edu/,https://manhattantech.edu/net-price-calculator,19407,9844,9844,12767,11430,7939,10991,8984,high,,,7601,51864,,,,,,,,39.197774,-96.615672,FLY,2500
155496,Manhattan Christian College,Manhattan,KS,2,146,www.mccks.edu/,https://mccks.edu/net-price-calculator.html,34466,19126,19126,23218,19496,24125,26489,24466,critical,0.4429,0.3333,13000,48860,1,,,,,18,24,39.184806,-96.579383,FLY,2500
155511,McPherson College,McPherson,KS,2,872,www.mcpherson.edu/,www.mcpherson.edu/admissions/financial-aid/net-price-calculator/,50611,37310,37310,22587,20939,28655,28737,31043,critical,0.3392,0.2576,13833,52084,0.7676,470,620,490,580,18,23,38.371422,-97.642996,FLY,2500
155520,MidAmerica Nazarene University,Olathe,KS,2,983,https://www.mnu.edu/,https://www.mnu.edu/admissions/financial-aid/,57355,37174,37174,28842,27294,30183,31398,37571,critical,0.5361,0.4262,12912,62972,0.788,460,540,490,550,17,23,38.875244,-94.781526,FLY,2500
155566,Neosho County Community College,Chanute,KS,1,862,www.neosho.edu/,https://www.neosho.edu/Portals/0/netpricecalculator/npcalc.htm,16790,5780,5780,8273,8960,10018,13675,14111,high,,,5500,45966,,,,,,,,37.670672,-95.464976,FLY,2500
155593,Fort Hays Tech North Central,Beloit,KS,1,441,www.fhtechnc.edu/,https://www.fhtechnc.edu/admissions/net-price-calculator,21454,7350,7350,9386,11999,12948,12975,16530,high,,,6850,46928,,,,,,,,39.482419,-98.110826,FLY,2500
155618,Fort Hays State University-Northwest Kansas Technical College,Goodland,KS,1,315,www.fhnw.edu/,www.fhnw.edu/net-price-calculator,,,,11447,12702,11812,21340,17840,high,,,8717,38616,,,,,,,,39.346424,-101.70022,FLY,2500
155627,Ottawa University-Ottawa,Ottawa,KS,2,870,www.ottawa.edu/,https://www.ottawa.edu/ouks/admissions/financial-aid,51856,35880,35880,22449,22912,25525,30199,30771,critical,0.279,0.2091,12500,55552,0.8296,420,500,330,500,16,22,38.603173,-95.264187,FLY,2500
155636,Ottawa University-Kansas City,Overland Park,KS,2,219,www.ottawa.edu/,https://www.ottawa.edu/professional-and-online/tuition-and-financial-aid/financial-aid,,,,,,,,,,,,12500,55552,,,,,,,,38.932055,-94.635461,FLY,2500
155681,Pittsburg State University,Pittsburg,KS,1,4210,https://www.pittstate.edu/,https://www.pittstate.edu/financial-aid/npc/index.html,22099,8400,19744,11968,11453,14676,18873,20237,high,0.5659,0.456,14000,50579,0.8942,,,,,17,24,37.392071,-94.702473,FLY,2500
155715,Pratt Community College,Pratt,KS,1,579,www.prattcc.edu/,prattcc.edu/sites/default/files/net-price-calculator/npcalc.htm,19780,4256,4936,8836,9181,10404,9314,11229,high,,,5500,51892,,,,,,,,37.654451,-98.714538,FLY,2500
155812,University of Saint Mary,Leavenworth,KS,2,925,www.stmary.edu/,www.stmary.edu/Admissions/Net-Price-Calculator.aspx,48728,35380,35380,21899,16474,17722,21597,26595,critical,0.4776,0.4211,14817,59483,0.8663,378,518,428,510,17,24,39.279396,-94.906743,FLY,2500
155830,Salina Area Technical College,Salina,KS,1,330,www.salinatech.edu/,www.salinatech.edu/admissions/financial-aid/net-price-calculator/,14642,7128,7128,6078,5602,5958,6061,12188,medium,,,5500,42175,,,,,,,,38.793582,-97.636892,FLY,2500
155858,Seward County Community College,Liberal,KS,1,1166,https://sccc.edu/,https://web-live2.sccc.edu/import_from_HTML/NetPriceCalculator/index.html,12629,4032,5408,6581,9065,8979,,,medium,,,5000,41445,,,,,,,,37.059807,-100.917695,FLY,2500
155900,Southwestern College,Winfield,KS,2,924,https://www.sckans.edu/,https://www.sckans.edu/other/net-price-calculator/,58432,39822,39822,26294,28688,30032,31315,32739,critical,0.3568,0.25,12500,55646,0.7555,,,,,,,37.248608,-96.975405,FLY,2500
155937,Sterling College,Sterling,KS,2,538,www.sterling.edu/,www.sterling.edu/admissions/tuition-expenses,47185,33700,33700,19068,19236,21975,23525,26602,critical,0.4129,0.4156,12000,45846,0.4817,,,,,,,38.219937,-98.208644,FLY,2500
155973,Tabor College,Hillsboro,KS,2,494,tabor.edu/,tabor.edu/wp-content/npcalc/npcalc.htm,50350,36200,36200,17884,17213,16986,19304,24561,critical,0.3374,0.2742,14000,54058,0.6458,,,,,,,38.34858,-97.199773,FLY,2500
156082,Washburn University,Topeka,KS,1,4562,www.washburn.edu/,https://www.washburn.edu/netpricecalculator,21512,9945,20949,20310,9693,10758,13922,15472,critical,0.5296,0.4429,12500,49774,,,,,,,,39.033778,-95.702222,FLY,2500
156107,Wichita State University-Campus of Applied Sciences and Technology,Wichita,KS,1,2828,www.wsutech.edu/,wsutech.edu/about/consumer-information/net-price-calculators/,17592,7238,7238,8043,8290,8880,12099,12016,high,,,6650,38679,,,,,,,,37.75764,-97.224151,FLY,2500
156125,Wichita State University,Wichita,KS,1,10780,www.wichita.edu/,webapps.wichita.edu/netprice/,21780,9684,19869,9734,9696,13564,16893,19184,high,0.5103,0.4707,14700,51532,0.9395,470,610,435,630,17,25,37.718882,-97.292361,FLY,2500
156189,Alice Lloyd College,Pippa Passes,KY,2,558,www.alc.edu/,https://www.alc.edu/wp-content/uploads/2025/06/index.html,31200,13960,13960,17444,16447,17715,21757,19349,critical,0.3892,0.3445,7990,40573,0.7523,380,500,330,460,16,22,37.335087,-82.875068,FLY,2500
156213,Asbury University,Wilmore,KY,2,1420,https://www.asbury.edu/,https://www.asbury.edu/net-price-calculator,47459,33640,33640,18455,18280,18724,21296,25958,critical,0.6498,0.5248,17500,42368,0.634,,,,,,,37.862029,-84.662606,FLY,2500
156231,Ashland Community and Technical College,Ashland,KY,1,1631,https://ashland.kctcs.edu/,https://ashland.kctcs.edu/affording-college/net-price-calculator,14374,4728,6432,4881,5068,6629,8806,11667,medium,,,8000,34504,,,,,,,,38.469201,-82.650664,FLY,2500
156286,Bellarmine University,Louisville,KY,2,2161,https://www.bellarmine.edu/,https://www.shoppingsheet.com/shopping/landing/bellarmine,61691,48770,48770,18430,19358,17391,21987,29194,critical,0.6436,0.505,20000,62069,0.8611,510,630,520,620,23,28,38.219279,-85.704997,FLY,2500
156295,Berea College,Berea,KY,2,1513,https://www.berea.edu/,https://berea.studentaidcalculator.com/survey.aspx,60718,51658,51658,5428,4598,8132,7570,13700,medium,0.5822,0.5609,3516,43150,0.1934,588,680,568,655,23,28,37.57202,-84.292893,FLY,2500
156338,Southcentral Kentucky Community and Technical College,Bowling Green,KY,1,3308,https://southcentral.kctcs.edu/,https://southcentral.kctcs.edu/affording-college/net-price-calculator/index.aspx,13993,4728,6432,3152,2580,3531,7119,9801,medium,,,7600,34242,,,,,,,,36.984827,-86.476717,FLY,2500
156356,Brescia University,Owensboro,KY,2,545,www.brescia.edu/,www.brescia.edu/net-price-calculator/,44328,31550,31550,8977,9343,12984,8910,5548,high,0.5371,0.8793,20185,45500,0.3524,,,,,,,37.769041,-87.111639,FLY,2500
156365,Campbellsville University,Campbellsville,KY,2,2840,https://www.campbellsville.edu/,https://campbellsville.aidcalculator.com/,42603,27998,27998,17880,17936,18476,19291,23105,critical,0.4201,0.3343,9500,41583,0.7974,,,,,,,37.343342,-85.348943,FLY,2500
156392,Bluegrass Community and Technical College,Lexington,KY,1,8244,https://bluegrass.kctcs.edu/,https://bluegrass.kctcs.edu/affording-college/net-price-calculator/index.aspx,13902,4808,6512,4728,4978,7019,9157,11513,medium,,,6755,36343,,,,,,,,38.061375,-84.499928,FLY,2500
156408,Centre College,Danville,KY,2,1400,https://www.centre.edu/,https://centre.studentaidcalculator.com/survey.aspx,67787,52820,52820,11364,10388,15847,18920,30571,high,0.8067,0.8026,25125,66240,0.5436,590,720,570,730,25,32,37.645709,-84.779392,FLY,2500
156417,Clear Creek Baptist Bible College,Pineville,KY,2,159,https://ccbbc.edu/,ccbbc.edu/admissions/financial,21040,10720,10720,11401,,,8237,,high,0.3846,0.2727,,41623,,,,,,,,36.725236,-83.727702,FLY,2500
156541,University of the Cumberlands,Williamsburg,KY,2,6941,www.ucumberlands.edu/,https://www.ucumberlands.edu/npc,25567,9875,9875,10736,11147,12572,16441,18846,high,0.5043,0.7667,8592,45036,0.9881,,,,,,,36.737048,-84.161646,FLY,2500
156620,Eastern Kentucky University,Richmond,KY,1,12318,https://www.eku.edu/,https://application.eku.edu/register/sai_npc,23735,10320,21230,8591,8005,10382,14384,17009,high,0.5004,0.4087,14929,45795,0.7761,440,530,440,550,19,25,37.740845,-84.300796,FLY,2500
156648,Elizabethtown Community and Technical College,Elizabethtown,KY,1,4088,https://elizabethtown.kctcs.edu/,https://elizabethtown.kctcs.edu/affording-college/net-price-calculator/index.aspx,14212,4728,6432,4080,4317,5794,8385,11336,medium,,,5975,36143,,,,,,,,37.692858,-85.879927,FLY,2500
156745,Georgetown College,Georgetown,KY,2,1097,www.georgetowncollege.edu/,https://admissions.georgetowncollege.edu/register/npc,56886,42840,42840,9777,7834,9797,16577,20207,high,0.4885,0.3684,13000,52074,0.9106,500,590,460,570,20,25,38.207615,-84.553767,FLY,2500
156790,Hazard Community and Technical College,Hazard,KY,1,1506,https://hazard.kctcs.edu/,https://hazard.kctcs.edu/affording-college/net-price-calculator,12520,4728,6432,2426,3204,4702,5330,,low,,,7000,29868,,,,,,,,37.234897,-83.175644,FLY,2500
156851,Henderson Community College,Henderson,KY,1,880,https://henderson.kctcs.edu/,https://henderson.kctcs.edu/affording-college/net-price-calculator/index.aspx,13540,4728,6432,3040,2199,5753,7346,11877,medium,,,7457,35714,,,,,,,,37.797687,-87.650091,FLY,2500
156860,Hopkinsville Community College,Hopkinsville,KY,1,1630,https://hopkinsville.kctcs.edu/index.aspx,https://hopkinsville.kctcs.edu/affording-college/net-price-calculator/index.aspx,14469,4728,6432,5402,5352,6107,8405,13608,medium,,,6999,36323,,,,,,,,36.882654,-87.488297,FLY,2500
156921,Jefferson Community and Technical College,Louisville,KY,1,7744,https://jefferson.kctcs.edu/,https://jefferson.kctcs.edu/affording-college/net-price-calculator/index.aspx,14457,4808,6512,5441,5839,7516,9879,12227,medium,,,6989,38171,,,,,,,,38.246027,-85.753615,FLY,2500
157058,Kentucky State University,Frankfort,KY,1,1309,www.kysu.edu/,https://kysu.studentaidcalculator.com/survey.aspx,21727,9387,13658,10225,6739,5256,1958,,high,0.319,0.297,12250,36382,0.9608,,,,,14,17,38.201427,-84.855402,FLY,2500
157076,Kentucky Wesleyan College,Owensboro,KY,2,842,https://kwc.edu/,https://kwc.edu/net-price-calculator/,46203,34673,34673,13951,13701,15062,19306,22888,high,0.468,0.376,11000,46747,0.716,440,560,450,570,16,23,37.744489,-87.119658,FLY,2500
157085,University of Kentucky,Lexington,KY,1,24763,https://www.uky.edu/,https://uky.clearcostcalculator.com/student/default/netpricecalculator/survey,34391,13502,34140,12182,12119,16313,21192,26781,high,0.7142,0.5692,16750,59025,0.9294,540,650,530,640,21,28,38.038911,-84.504747,FLY,2500
157100,Kentucky Christian University,Grayson,KY,2,429,www.kcu.edu/,https://www.kcu.edu/campus-offices/financial-aid/net-price-calculator/,40168,26625,26625,23241,24618,24031,24420,24116,critical,0.3667,0.241,8510,42375,0.6091,,,,,18,24,38.338805,-82.945561,FLY,2500
157216,Lindsey Wilson University,Columbia,KY,2,1585,https://www.lindsey.edu/,https://app.meadowfi.com/lindsey,40879,27808,27808,14745,10966,16066,17208,18182,high,0.4406,0.3981,11514,41129,,,,,,,,37.101502,-85.299997,FLY,2500
157289,University of Louisville,Louisville,KY,1,14727,www.louisville.edu/,https://louisville.edu/financialaid/estimate-my-costs-calculators,32941,13136,29482,15138,14601,16419,20995,25186,critical,0.6123,0.5225,13750,53899,0.7941,530,640,510,630,19,27,38.216862,-85.760412,FLY,2500
157304,Madisonville Community College,Madisonville,KY,1,1841,https://madisonville.kctcs.edu/,https://madisonville.kctcs.edu/affording-college/net-price-calculator/index.aspx,13911,4728,6432,3843,4862,6972,8078,11435,medium,,,5853,35733,,,,,,,,37.362661,-87.512137,FLY,2500
157331,Maysville Community and Technical College,Maysville,KY,1,2284,https://maysville.kctcs.edu/,https://maysville.kctcs.edu/affording-college/net-price-calculator/,13222,4728,6432,3965,4648,5825,7535,10610,medium,,,8047,32194,,,,,,,,38.626607,-83.806786,FLY,2500
157377,Midway University,Midway,KY,2,1262,www.midway.edu/,www.midway.edu/admissions-aid/cost-aid/net-price-calculator/,48805,27220,27220,27206,23405,28160,32406,34166,critical,0.4069,0.3617,12470,44246,0.9514,570,590,530,580,20,25,38.146126,-84.678142,FLY,2500
157386,Morehead State University,Morehead,KY,1,4578,https://www.moreheadstate.edu/,https://tcc.ruffalonl.com/morehead state university/npc,21961,10024,14980,7150,7057,8874,13341,15164,medium,0.5219,0.4507,14705,43197,0.7721,,,,,,,38.186768,-83.434021,FLY,2500
157401,Murray State University,Murray,KY,1,6688,www.murraystate.edu/,https://www.murraystate.edu/admissions/BursarsOffice/net-price.aspx,23485,9900,19836,6242,6347,8104,12811,15450,medium,0.6132,0.4943,15000,44737,0.8568,480,600,460,570,19,26,36.612419,-88.323629,FLY,2500
157438,Gateway Community and Technical College,Florence,KY,1,3167,https://gateway.kctcs.edu/index.aspx,https://gateway.kctcs.edu/affording-college/net-price-calculator/index.aspx,14075,4728,6432,4932,5080,6942,8486,11269,medium,,,8000,36147,,,,,,,,38.960638,-84.633478,FLY,2500
157447,Northern Kentucky University,Highland Heights,KY,1,8246,www.nku.edu/,https://nku.studentaidcalculator.com/welcome.aspx,19725,11088,21912,2603,3630,6761,12679,14522,medium,0.5224,0.4313,15159,50220,0.6765,473,590,480,560,18,25,39.029714,-84.463483,FLY,2500
157483,West Kentucky Community and Technical College,Paducah,KY,1,2851,https://westkentucky.kctcs.edu/,https://westkentucky.kctcs.edu/affording-college/net-price-calculator/index.aspx,14084,4728,6432,4345,4561,6414,9291,12695,medium,,,6158,34891,,,,,,,,37.054081,-88.658762,FLY,2500
157535,University of Pikeville,Pikeville,KY,2,1135,www.upike.edu/,https://www.upike.edu/undergraduate/financial-aid/net-price-calculator/,33420,24850,24850,13115,18160,23075,24065,25755,high,0.4167,0.4,12467,48231,,,,,,,,37.479232,-82.521063,FLY,2500
157553,Big Sandy Community and Technical College,Prestonsburg,KY,1,1604,https://bigsandy.kctcs.edu/,https://bigsandy.kctcs.edu/affording-college/net-price-calculator/index.aspx,13047,4728,6432,3198,3432,6409,8776,7877,medium,,,6911,32954,,,,,,,,37.688248,-82.778847,FLY,2500
157711,Somerset Community College,Somerset,KY,1,4166,https://somerset.kctcs.edu/,https://somerset.kctcs.edu/affording-college/net-price-calculator/index.aspx,12959,4728,6432,3671,3524,5103,7596,9860,medium,,,8000,30787,,,,,,,,37.059599,-84.617546,FLY,2500
157739,Southeast Kentucky Community & Technical College,Cumberland,KY,1,1721,https://southeast.kctcs.edu/,https://southeast.kctcs.edu/affording-college/net-price-calculator/,12699,4728,6432,2963,3368,6079,7573,12699,medium,,,5500,29482,,,,,,,,36.966051,-82.997661,FLY,2500
157748,The Southern Baptist Theological Seminary,Louisville,KY,2,848,www.sbts.edu/,boycecollege.com/admissions/financial-aid/,,11046,11046,,,,,,,0.4025,,,,0.5587,520,640,490,590,19,27,38.248216,-85.687649,FLY,2500
157757,Spalding University,Louisville,KY,2,583,https://www.spalding.edu/,https://npc.spalding.edu/,45530,29200,29200,20509,22475,24378,28122,29278,critical,0.5167,0.413,20500,49438,0.9945,440,513,435,525,15,22,38.242407,-85.757725,FLY,2500
157809,Thomas More University,Crestview Hills,KY,2,1293,https://www.thomasmore.edu/,https://www2.thomasmore.edu/financial_aid/netprice_introduction.cfm,49452,39800,39800,15841,17955,18429,23815,25267,critical,0.405,0.3028,14376,59384,0.9035,510,610,520,620,21,27,39.022963,-84.568923,FLY,2500
157818,Transylvania University,Lexington,KY,2,1005,https://www.transy.edu/,https://tcc.ruffalonl.com/Transylvania University/Freshmen Students,60993,46870,46870,14551,14555,19272,22155,29312,high,0.7148,0.6471,20000,54705,0.8655,580,690,540,690,24,30,38.052983,-84.493202,FLY,2500
157863,Union Commonwealth University,Barbourville,KY,2,746,https://www.unionky.edu/,https://www.unionky.edu/admissions-aid/cost-aid,44322,30946,30946,12214,14368,15774,44322,44322,high,0.3213,0.2905,14250,42002,0.6315,,,,,15,22,36.870875,-83.888477,FLY,2500
157951,Western Kentucky University,Bowling Green,KY,1,12155,https://www.wku.edu/,https://tcc.ruffalonl.com/Western Kentucky University/Freshman-Students,24188,11652,27000,7087,6871,9765,14049,17653,medium,0.5556,0.4178,14702,43889,0.9387,420,530,420,520,16,21,36.985035,-86.456828,FLY,2500
158088,Central Louisiana Technical Community College,Alexandria,LA,1,1078,www.cltcc.edu/,https://www.cltcc.edu/financial-aid/files/net-price-calculator/index.html,12172,4099,4099,5683,5393,8092,4927,,medium,,,7000,29558,,,,,,,,31.310461,-92.446693,FLY,2500
158325,Baton Rouge General Medical Center School of Nursing & School of Radiologic Technology,Baton Rouge,LA,2,135,www.brgeneral.org/medical-education/school-of-nursing/ OR school of radiologic technology,scripts.brgeneral.org/netcalc/son,,,,,,,,,,,,13000,75071,,,,,,,,30.447919,-91.152502,FLY,2500
158431,Bossier Parish Community College,Bossier City,LA,1,4935,https://www.bpcc.edu/,https://www.bpcc.edu/admissions/financial-aid/net-price-calculator,17111,4283,4283,10066,9543,12040,14456,15240,high,,,9500,34502,,,,,,,,32.539551,-93.646881,FLY,2500
158477,Centenary College of Louisiana,Shreveport,LA,2,685,www.centenary.edu/,https://www.centenary.edu/admission/tuition-aid/net-price-calculator/,60620,41200,41200,19493,19831,20942,25412,29862,critical,0.5621,0.6129,15250,50330,0.5574,530,600,530,610,20,25,32.483335,-93.730834,FLY,2500
158662,Delgado Community College,New Orleans,LA,1,11668,https://www.dcc.edu/,https://www.dcc.edu/student-services/financial-aid/resources/delgado-npc.html,18568,4279,4279,8734,8880,12578,15908,17285,high,,,9500,33305,,,,,,,,29.985149,-90.103962,FLY,2500
158802,Dillard University,New Orleans,LA,2,1063,https://www.dillard.edu/,dillard.edu/netpricecalc/,39202,23918,23918,19819,21094,23224,26032,27019,critical,0.4328,0.3901,23048,39196,0.4186,480,640,488,562,18,22,29.996587,-90.06464,FLY,2500
158884,Nunez Community College,Chalmette,LA,1,1520,www.nunez.edu/,https://www.nunez.edu/financial-aid/files/net-price-calculator/index.html,18175,4255,4255,11846,11736,12879,16088,16831,high,,,8250,35343,,,,,,,,29.95419,-89.95888,FLY,2500
159009,Grambling State University,Grambling,LA,1,4164,www.gram.edu/,https://goingto.gram.edu/register/npc,25367,7683,16706,18666,19007,21743,24525,25310,critical,0.3616,0.343,24500,41109,0.4486,490,570,430,510,15,19,32.523797,-92.713245,FLY,2500
159373,Louisiana State University Health Sciences Center-New Orleans,New Orleans,LA,1,862,www.lsuhsc.edu/,www.lsuhsc.edu/tuition/,,,,,,,,,,,,18500,78495,,,,,,,,29.957272,-90.083145,FLY,2500
159382,Louisiana State University at Alexandria,Alexandria,LA,1,5632,www.lsua.edu/,https://apps.lsua.edu/calculators/netcost,15550,7050,14650,5008,5075,7524,10794,11941,medium,0.3422,0.2442,10500,42205,0.9208,490,610,480,610,17,22,31.178616,-92.414409,FLY,2500
159391,Louisiana State University and Agricultural & Mechanical College,Baton Rouge,LA,1,30594,www.lsu.edu/,https://www.lsu.edu/financialaid/cost/net_price_calculator.php,34705,11954,28631,13056,15696,20223,23878,26489,high,0.6881,0.5757,12956,61251,0.7333,600,680,580,660,24,30,30.414986,-91.178921,FLY,2500
159407,Louisiana State University-Eunice,Eunice,LA,1,2826,https://www.lsue.edu/,https://www.lsue.edu/financialaid/npcalc.html,17346,4730,10094,8863,7994,9962,13045,14418,high,,,6989,36498,,,,,,,,30.473292,-92.434523,FLY,2500
159416,Louisiana State University-Shreveport,Shreveport,LA,1,2153,www.lsus.edu/,https://www.lsus.edu/costs-and-aid/net-price-calculator,19461,7518,7518,5680,4836,5969,10359,15599,medium,0.3754,0.2837,15000,47477,0.5055,515,605,485,590,18,24,32.428465,-93.70561,FLY,2500
159568,Louisiana Christian University,Pineville,LA,2,672,www.lcuniversity.edu/,https://lcuniversity.edu/campus-life/financial-aid/net-price-calculator/,33791,20266,20266,13203,14619,14775,17347,6343,high,0.4387,0.4628,11000,51700,0.7719,,,,,,,31.324528,-92.425973,FLY,2500
159647,Louisiana Tech University,Ruston,LA,1,8312,https://www.latech.edu/,https://www.latech.edu/current-students/financial-aid/resources/net-price-calculator/#content,24280,10125,16866,7676,8619,11146,15674,16207,high,0.6382,0.483,15000,52279,0.864,550,630,550,680,21,27,32.528297,-92.649963,FLY,2500
159656,Loyola University New Orleans,New Orleans,LA,2,2812,www.loyno.edu/,www.loyno.edu/admissions/tuition-financial-aid/net-price-calculator,64157,49440,49440,20131,21956,22042,25584,29072,critical,0.5903,0.5292,18500,52927,0.9305,,,,,,,29.936141,-90.120417,FLY,2500
159717,McNeese State University,Lake Charles,LA,1,5005,www.mcneese.edu/,https://www.mcneese.edu/ire/net_price_calculator,22810,8489,9989,10482,11067,11640,16190,18250,high,0.4704,0.3759,13000,46453,0.7827,490,610,450,588,18,23,30.178187,-93.217222,FLY,2500
159939,University of New Orleans,New Orleans,LA,1,4638,new.uno.edu/,www.uno.edu/financial-aid/cost-of-education/net-price-calculator,23431,9172,14008,11532,10506,13222,16942,17504,high,0.3799,0.3533,11000,47872,0.7431,480,616,455,625,17,23,30.027704,-90.067142,FLY,2500
159948,New Orleans Baptist Theological Seminary,New Orleans,LA,2,865,www.nobts.edu/,www.nobts.edu/financial-aid/default.html,21660,12468,12468,10829,,,,,high,0.7391,,,,,,,,,,,30.004336,-90.043439,FLY,2500
159966,Nicholls State University,Thibodaux,LA,1,4737,www.nicholls.edu/,https://www.nicholls.edu/net-price-calculator/,23481,8149,9242,10714,10527,12139,16784,17954,high,0.538,0.4571,13156,45454,0.908,472,608,462,588,19,24,29.794486,-90.801571,FLY,2500
159993,University of Louisiana at Monroe,Monroe,LA,1,5022,www.ulm.edu/,https://webservices.ulm.edu/price_calculator/npcalc.htm,24932,9190,21290,11490,11553,12647,17003,18642,high,0.542,0.4638,15000,46769,0.8475,540,630,620,730,18,24,32.527748,-92.07374,FLY,2500
160010,Northwest Louisiana Technical Community College,Minden,LA,1,866,www.nltcc.edu/,www.nltcc.edu/financial-aid/net-price-calculator,16807,4109,4109,9103,9690,9833,11662,,high,,,,32503,,,,,,,,32.586037,-93.26302,FLY,2500
160038,Northwestern State University of Louisiana,Natchitoches,LA,1,5519,https://www.nsula.edu/,https://www.nsula.edu/netpricecalculator.html,25431,8864,19652,11693,12261,12549,17777,19077,high,0.432,0.3827,15000,47021,0.9254,448,610,418,553,18,24,31.750666,-93.097797,FLY,2500
160065,University of Holy Cross,New Orleans,LA,2,471,uhcno.edu/,https://selfservice.uhcno.edu/calculator/,27541,16576,16576,14202,15215,15314,19073,16087,high,0.4857,0.3659,19500,49316,0.7366,,,,,,,29.912003,-89.99445,FLY,2500
160074,Franciscan Missionaries of Our Lady University,Baton Rouge,LA,2,821,www.franu.edu/,www.franu.edu/offices-services/office-of-financial-aid/true-cost-calculator,28490,18310,18310,17014,18008,16370,16488,23539,critical,0.4545,0.4074,16669,59419,0.987,,,,,,,30.401379,-91.110587,FLY,2500
160481,Fletcher Technical Community College,Schriever,LA,1,2136,www.fletcher.edu/,www.fletcher.edu/financial-aid/files/documents/index.html,17452,4219,4219,10049,9803,11575,15160,15041,high,,,7500,32189,,,,,,,,29.690884,-90.811707,FLY,2500
160524,Remington College-Lafayette Campus,Lafayette,LA,2,230,https://www.remingtoncollege.edu/locations/lafayette-louisiana/,https://www.remingtoncollege.edu/net-price-calculator/,35661,16312,16312,29259,31617,31948,32378,,critical,,,9500,31349,,,,,,,,30.166882,-92.059734,FLY,2500
160579,SOWELA Technical Community College,Lake Charles,LA,1,2966,www.sowela.edu/,www.sowela.edu/admissions/financial-aid/price-calculator/,15578,4305,4305,7439,6864,8411,8407,,medium,,,4250,32303,,,,,,,,30.217331,-93.16252,FLY,2500
160612,Southeastern Louisiana University,Hammond,LA,1,9514,https://www.southeastern.edu/,https://www.southeastern.edu/admin/fin_aid/cost/net_price_calculator/index.html,23604,8373,20851,10507,10309,12380,16672,18184,high,0.4541,0.3762,11077,46482,0.9931,,,,,18,24,30.514652,-90.468676,FLY,2500
160621,Southern University and A & M College,Baton Rouge,LA,1,5519,www.subr.edu/,www.subr.edu/page/net-price-calculator,26341,9922,17272,19047,19395,22288,25292,26069,critical,0.2709,0.2369,15455,43371,0.3512,410,530,380,490,15,19,30.524558,-91.190105,FLY,2500
160630,Southern University at New Orleans,New Orleans,LA,1,1055,www.suno.edu/,www.suno.edu/page/net-price-calculator,23905,8054,16954,14771,,,19360,,high,0.1311,0.1257,19500,34042,0.789,410,540,410,510,15,20,30.026162,-90.044912,FLY,2500
160649,Southern University at Shreveport,Shreveport,LA,1,1910,www.susla.edu/,www.susla.edu/page/net-price-calculator,17017,4958,4958,10478,11359,12785,15943,16311,high,,,7500,33099,,,,,,,,32.545632,-93.834559,FLY,2500
160658,University of Louisiana at Lafayette,Lafayette,LA,1,12428,www.louisiana.edu/,louisiana.edu/admissions-aid/costs-financial-aid,24884,10418,24146,11157,11283,13692,17079,18562,high,0.5263,0.4427,14991,47089,0.8701,570,630,550,610,23,28,30.212191,-92.020165,FLY,2500
160667,Northshore Technical Community College,Lacombe,LA,1,2505,northshorecollege.edu/,www.northshorecollege.edu/financial-aid/files/net-price-calculator/index.html,17553,4299,4299,9584,10300,12568,15072,16668,high,,,7772,29734,,,,,,,,30.379147,-89.899196,FLY,2500
160755,Tulane University of Louisiana,New Orleans,LA,2,7767,https://tulane.edu/,https://admission.tulane.edu/tuition-aid/net-price-calculator,87004,68678,68678,16126,18041,20149,28207,56667,critical,0.8614,0.8284,19250,63268,0.1398,700,750,700,770,31,34,29.940069,-90.122144,FLY,2500
160904,Xavier University of Louisiana,New Orleans,LA,2,2628,https://www.xula.edu/,https://xula.clearcostcalculator.com/student/default/netpricecalculator/survey,40434,28733,28733,14405,15094,17836,19118,24096,high,0.4855,0.4008,14000,52184,0.6904,500,560,450,553,19,24,29.964162,-90.107307,FLY,2500
160959,College of the Atlantic,Bar Harbor,ME,2,353,https://www.coa.edu/,https://npc.collegeboard.org/app/atlantic,58266,47997,47997,20415,13942,16650,26266,34684,critical,0.6829,0.6667,17723,40264,0.7017,660,730,580,700,,,44.395258,-68.221517,DRIVE,1500
160977,Bates College,Lewiston,ME,2,1760,www.bates.edu/,https://npc.collegeboard.org/app/bates,83532,66590,66590,2397,8958,11336,19468,45886,low,0.8969,0.9574,12442,69498,0.1332,710,750,710,780,31,34,44.105299,-70.203333,DRIVE,1500
161004,Bowdoin College,Brunswick,ME,2,1873,https://www.bowdoin.edu/,https://npc.collegeboard.org/app/bowdoin,85100,67832,67832,3145,2800,9007,13801,35196,medium,0.9528,0.9259,12000,82735,0.0713,730,770,740,780,33,35,43.907134,-69.963942,DRIVE,1500
161022,Maine College of Health Professions,Lewiston,ME,2,239,www.mchp.edu/,www.mchp.edu/net-price-calculator,26827,20952,20952,26054,26827,,,,critical,0.6667,1,12000,79840,0.7143,,,,,,,44.100458,-70.21732,DRIVE,1500
161077,Central Maine Community College,Auburn,ME,1,2952,https://www.cmcc.edu/,https://www.cmcc.edu/npc/npcalc.htm,15063,4140,7020,5470,5970,8105,9482,11672,medium,,,6568,42448,,,,,,,,44.134346,-70.235498,DRIVE,1500
161086,Colby College,Waterville,ME,2,2407,www.colby.edu/,https://npc.collegeboard.org/app/colby,85420,69600,69600,4049,1251,3666,12106,46511,medium,0.8879,0.8434,15000,80490,0.0709,720,760,740,790,32,34,44.564211,-69.66337,DRIVE,1500
161138,Eastern Maine Community College,Bangor,ME,1,1840,https://www.emcc.edu/,https://www.emcc.edu/wp-content/uploads/2023/02/index.html,16791,4156,7036,7818,8034,9273,12294,12359,high,,,7833,41704,,,,,,,,44.826048,-68.74445,DRIVE,1500
161192,Kennebec Valley Community College,Fairfield,ME,1,1597,www.kvcc.me.edu/,https://my.kvcc.me.edu/ICS/Finances/Finances_Homepage.jnz?portlet=Net_Price_Calculator,12149,4156,7036,3361,3863,4146,6145,9291,medium,,,9500,36035,,,,,,,,44.594149,-69.61157,DRIVE,1500
161217,University of Maine at Augusta,Augusta,ME,1,2659,www.uma.edu/,www.uma.edu/financial/costs/net-cost-calculator/,19052,8888,22178,9421,9175,11228,14037,15371,high,0.2698,0.2593,13215,40342,,,,,,,,44.337746,-69.796396,DRIVE,1500
161226,University of Maine at Farmington,Farmington,ME,1,1140,https://www.umf.maine.edu/,https://www.umf.maine.edu/admissions-aid/umf-net-price-calculator/,25822,11308,23878,13301,13590,15088,19179,22368,high,0.5154,0.439,16722,44433,0.9672,485,605,510,640,,,44.666911,-70.147121,DRIVE,1500
161235,University of Maine at Fort Kent,Fort Kent,ME,1,599,www.umfk.maine.edu/,https://www.umfk.edu/admissions/financialaid/basics/,18703,9420,14880,8163,6130,4122,10020,11661,high,0.3944,0.321,12778,51077,0.9792,,,,,,,47.250389,-68.589319,DRIVE,1500
161253,University of Maine,Orono,ME,1,8496,www.umaine.edu/,https://go.umaine.edu/netpricecalculator/,27328,13326,36756,12642,13280,14631,18508,22018,high,0.5494,0.4168,16750,48653,0.9664,,,,,,,44.899257,-68.669332,DRIVE,1500
161299,Maine Maritime Academy,Castine,ME,1,942,https://mainemaritime.edu/,https://npc.collegeboard.org/app/mainemaritime,31046,15158,31102,9511,21690,21162,24372,25021,high,0.5818,0.473,26812,89964,0.5414,565,625,530,635,21,26,44.389654,-68.804347,DRIVE,1500
161341,University of Maine at Presque Isle,Presque Isle,ME,1,1913,www.umpi.edu/,www.umpi.edu/app/tuition-fees-estimator/,19113,9402,14862,5934,4492,6564,10229,9758,medium,0.5155,0.2198,8275,40956,0.9987,,,,,,,46.672285,-68.016343,DRIVE,1500
161457,University of New England,Biddeford,ME,2,2135,https://www.une.edu/,https://www.une.edu/sfs/undergraduate/costs,63245,44210,44210,31371,32046,32348,36237,41991,critical,0.6835,0.6087,20000,55921,0.9163,,,,,,,43.458591,-70.38535,DRIVE,1500
161484,Northern Maine Community College,Presque Isle,ME,1,638,www.nmcc.edu/,www2.nmcc.edu/npc/,15918,4156,7036,6750,5629,8214,10220,13068,medium,,,8225,43348,,,,,,,,46.694668,-68.034796,DRIVE,1500
161509,Maine College of Art & Design,Portland,ME,2,415,www.meca.edu/,meca.edu/admissions/net-price-calculator/,60128,42942,42942,31589,33075,35283,40992,42001,critical,0.5155,0.3659,19000,40778,0.7606,,,,,,,43.655743,-70.261015,DRIVE,1500
161518,Saint Joseph's College of Maine,Standish,ME,2,964,www.sjcme.edu/,https://www.sjcme.edu/admissions/oncampus/costs-and-billing/calculators/,59782,44420,44420,20728,20376,24886,28819,32613,critical,0.6574,0.4375,19576,59045,0.8351,500,590,460,560,,,43.826314,-70.483373,DRIVE,1500
161545,Southern Maine Community College,South Portland,ME,1,5675,https://www.smccme.edu/,https://www.smccme.edu/about/consumer-info/net-price-calculator/,18531,4156,7036,9654,10090,11666,12946,14660,high,,,6046,41661,,,,,,,,43.646649,-70.229182,DRIVE,1500
161554,University of Southern Maine,Portland,ME,1,4222,usm.maine.edu/,usm.maine.edu/student-financial-services/net-price-calculator,23717,11284,27944,9999,10847,12550,16750,19180,high,0.4035,0.3672,12887,49958,0.7923,500,650,490,600,24,28,43.662863,-70.274247,DRIVE,1500
161563,Thomas College,Waterville,ME,2,647,www.thomas.edu/,https://www.thomas.edu/admissions-aid/tuition-fees/net-price-calculator/,47198,31824,31824,12655,11904,16227,18145,26770,high,0.5369,0.456,20000,44991,0.963,,,,,,,44.524909,-69.664734,DRIVE,1500
161572,Unity Environmental University,New Gloucester,ME,2,6483,https://unity.edu/,https://app.meadowfi.com/unity,21931,12640,12640,18370,19288,20079,21408,21931,critical,0.2867,0.2653,4752,37852,,,,,,,,43.905745,-70.257277,DRIVE,1500
161581,Washington County Community College,Calais,ME,1,443,https://www.wccc.me.edu/,https://www.wccc.me.edu/npcalc/npcalc.htm,13731,4156,7036,4232,4748,7228,5910,8933,medium,,,5500,34407,,,,,,,,45.165537,-67.243306,DRIVE,1500
161688,Allegany College of Maryland,Cumberland,MD,1,1831,www.allegany.edu/,services.allegany.edu/netprice/,16170,4938,12618,7807,8826,9654,11982,11948,high,,,8250,38476,,,,,,,,39.652152,-78.730398,DRIVE,1000
161767,Anne Arundel Community College,Arnold,MD,1,8997,www.aacc.edu/,webapps.aacc.edu/sp/NetPriceCal/npcalc.htm,19841,4322,11522,12789,14003,15170,17116,18358,high,,,6250,46219,,,,,,,,39.049813,-76.512223,DRIVE,1000
161864,Baltimore City Community College,Baltimore,MD,1,3700,www.bccc.edu/,https://www.bccc.edu/cms/lib/MD02000050/Centricity/domain/1112/net price calculator/Net Price Calculator.html,22790,3314,7394,15978,13995,16528,18845,,critical,,,,36025,,,,,,,,39.319978,-76.662878,DRIVE,1000
161873,University of Baltimore,Baltimore,MD,1,1133,www.ubalt.edu/,https://www.ubalt.edu/admission-and-aid/financial-aid/policies/net-price.cfm,26406,9992,23984,11680,14337,17472,,19406,high,0.3816,0.3243,18972,61335,0.7874,370,650,370,680,,,39.305834,-76.616591,DRIVE,1000
162007,Bowie State University,Bowie,MD,1,5043,www.bowiestate.edu/,npc.collegeboard.org/app/bowiestate,25220,9218,19938,17071,16646,19163,22808,24919,critical,0.382,0.3427,12861,54537,0.7241,,,,,,,39.018185,-76.759721,DRIVE,1000
162061,Capitol Technology University,Laurel,MD,2,315,www.captechu.edu/,https://mycapitol.captechu.edu/ICS/College_Offices/Financial_Aid_Office/Net_Price_Calculator.jnz,42471,27592,27592,19682,17134,15161,27961,25778,critical,0.4268,0.3462,12000,85035,0.7435,,,,,,,39.046673,-76.850231,DRIVE,1000
162104,Cecil College,North East,MD,1,1363,www.cecil.edu/,https://www.cecil.edu/wp-content/documents/net-price-calculator/npcalc.htm,14700,5640,10830,7850,9601,9102,12875,13157,high,,,8250,43952,,,,,,,,39.642225,-75.955949,DRIVE,1000
162122,College of Southern Maryland,La Plata,MD,1,4512,www.csmd.edu/,directory.csmd.edu/misc/netPriceCalc/,13681,4200,10050,4798,5287,7895,10120,12180,medium,,,5500,44435,,,,,,,,38.55895,-77.009245,DRIVE,1000
162168,Chesapeake College,Wye Mills,MD,1,1320,https://www.chesapeake.edu/,https://www.chesapeake.edu/wp-content/uploads/2024/11/npc-index.html,10751,4274,8768,4668,4152,6884,8052,,medium,,,,36301,,,,,,,,38.952193,-76.083668,DRIVE,1000
162210,Washington Adventist University,Takoma Park,MD,2,452,https://www.wau.edu/,https://www.wau.edu/future-students/admission/financial-aid/net-price-calculator/,34309,26604,26604,17534,15160,19311,22090,21480,critical,0.2865,0.3158,22750,64249,0.4618,450,580,410,550,,,38.986349,-77.000608,DRIVE,1000
162283,Coppin State University,Baltimore,MD,1,1844,www.coppin.edu/,https://www.coppin.edu/financialaid/calculator,23748,7100,14024,7714,9135,12636,17141,15578,high,0.2622,0.2664,15606,46490,0.4583,460,510,420,510,,,39.311258,-76.658687,DRIVE,1000
162557,Frederick Community College,Frederick,MD,1,4203,https://www.frederick.edu/,https://apps.frederick.edu/pages/NetPriceCalculator/npcalc.htm,14798,3849,10042,6640,7893,9519,12341,13919,medium,,,5500,46449,,,,,,,,39.452241,-77.417849,DRIVE,1000
162584,Frostburg State University,Frostburg,MD,1,2909,www.frostburg.edu/,https://www.frostburg.edu/admissions-and-cost/financial-aid/cost-of-attendance/cost-calculators.php,27056,10220,25814,12129,12240,15709,19727,23297,high,0.4966,0.4495,14867,55493,0.8918,,,,,,,39.650918,-78.934293,DRIVE,1000
162609,Garrett College,McHenry,MD,1,411,www.garrettcollege.edu/index.php,www.garrettcollege.edu/NPC/,14342,4144,12040,7387,7231,10686,12624,13398,medium,,,6560,35823,,,,,,,,39.560493,-79.342923,DRIVE,1000
162654,Goucher College,Baltimore,MD,2,964,www.goucher.edu/,www.goucher.edu/financial-aid/tuition-and-fees/net-price-calculator,70544,53350,53350,13471,18066,20403,24781,32220,high,0.5734,0.5433,17882,53023,0.7771,560,680,530,645,27,30,39.410175,-76.594843,DRIVE,1000
162690,Hagerstown Community College,Hagerstown,MD,1,2948,https://www.hagerstowncc.edu/,https://hcc-webapps.hagerstowncc.edu/Forms/calcs/netpricecalc.html,12747,4320,8190,6093,6266,7728,8736,10814,medium,,,6500,41615,,,,,,,,39.631009,-77.667379,DRIVE,1000
162706,Harford Community College,Bel Air,MD,1,3696,https://www.harford.edu/,https://hccweb1.harford.edu/Finance/Net_Price_Calc/,13821,4032,8832,7272,7528,9632,11592,13240,medium,,,7241,44608,,,,,,,,39.56131,-76.282845,DRIVE,1000
162760,Hood College,Frederick,MD,2,1194,www.hood.edu/,https://www.hood.edu/net-price-calculator,61219,47700,47700,12424,14454,19837,23638,29078,high,0.569,0.4792,18185,57089,0.7777,,,,,,,39.420631,-77.419049,DRIVE,1000
162779,Howard Community College,Columbia,MD,1,6649,www.howardcc.edu/,https://www.howardcc.edu/admissions-aid/pay-for-college/financial-aid/net-price-calculator/,16774,4080,9624,9714,9924,12198,14104,15881,high,,,8250,49020,,,,,,,,39.213636,-76.877964,DRIVE,1000
162928,Johns Hopkins University,Baltimore,MD,2,5693,www.jhu.edu/,https://npc.collegeboard.org/student/app/jhu,85947,65230,65230,428,-213,4179,14591,37774,low,0.9378,0.9358,9000,87555,0.0644,740,770,780,800,34,36,39.328977,-76.621595,DRIVE,1000
163046,Loyola University Maryland,Baltimore,MD,2,3869,https://www.loyola.edu/,https://collegepricecalculator.com/loyolauniversitymaryland,74055,57150,57150,20549,23462,27419,27939,35338,critical,0.7919,0.6852,23882,82652,0.7549,620,690,580,680,28,32,39.346358,-76.621872,DRIVE,1000
163204,University of Maryland Global Campus,Adelphi,MD,1,49664,www.umgc.edu/,www.umgc.edu/tuition-financial-assistance/tuition/undergraduate-net-price-calculator,25400,8136,12336,21830,24400,24400,,,critical,0.3333,0.2647,10500,65287,,,,,,,,38.912706,-76.847584,DRIVE,1000
163259,University of Maryland Baltimore,Baltimore,MD,1,958,www.umaryland.edu/,www.umaryland.edu/oac/student-right-to-know/,,,,,,,,,,,,15000,88174,,,,,,,,39.286864,-76.623983,DRIVE,1000
163268,University of Maryland-Baltimore County,Baltimore,MD,1,10701,umbc.edu/,ofas.umbc.edu/netprice/,28576,13256,31275,5087,10714,16543,22172,25439,medium,0.7001,0.6779,15750,69960,0.7243,630,700,610,720,25,31,39.256686,-76.711607,DRIVE,1000
163286,University of Maryland-College Park,College Park,MD,1,30760,www.umd.edu/,https://financialaid.umd.edu/resources-policies/net-price-calculator,29299,11809,41186,2962,6051,10273,18250,26691,medium,0.8859,0.8414,17000,82860,0.4479,690,750,710,780,32,35,38.988178,-76.944721,DRIVE,1000
163295,Maryland Institute College of Art,Baltimore,MD,2,1189,www.mica.edu/,https://www.mica.edu/admissions/financial-aid/undergraduate-financial-aid/net-price-calculator/,76860,56800,56800,32389,35223,45071,45906,50918,critical,0.7224,0.6556,16250,45212,0.7679,570,670,508,635,25,33,39.308792,-76.621033,DRIVE,1000
163338,University of Maryland Eastern Shore,Princess Anne,MD,1,2391,wwwcp.umes.edu/,www.umes.edu/NetPriceCalculator/npcalc.htm,25941,9076,20122,9914,11858,13910,17847,20757,high,0.3533,0.2918,18500,47697,0.9641,,,,,,,38.207386,-75.686852,DRIVE,1000
163426,Montgomery College,Rockville,MD,1,13773,www.montgomerycollege.edu/,appserv.montgomerycollege.edu/netprice/netpricecalculator/npcalc.htm,15298,5394,14250,6932,7163,8558,10862,14146,medium,,,7000,50159,,,,,,,,39.098656,-77.15929,DRIVE,1000
163453,Morgan State University,Baltimore,MD,1,9019,https://www.morgan.edu/,https://www.morgan.edu/office-of-financial-aid/resources/morgan-state-universitys-new-student-undergraduate-net-price-calculator,25413,8229,19124,9585,13420,16147,19981,21323,high,0.4087,0.3811,19500,50698,0.8223,400,520,440,550,16,21,39.344161,-76.585565,DRIVE,1000
163462,Mount St. Mary's University,Emmitsburg,MD,2,1768,https://msmary.edu/,https://msmary.edu/admissions/financial-aid/net-price-calculator.html,63731,48630,48630,11603,20067,21942,27170,31330,high,0.6539,0.5658,15000,64072,0.7381,543,660,503,620,19,27,39.681705,-77.351887,DRIVE,1000
163532,Ner Israel Rabbinical College,Pikesville,MD,2,280,https://nirc.edu/,https://nirc.edu/net-price-calculator/,26750,10600,10600,,12626,13018,10550,20150,,0.2353,0.2222,,66330,0.6566,,,,,,,39.388021,-76.753526,DRIVE,1000
163578,Notre Dame of Maryland University,Baltimore,MD,2,709,www.ndm.edu/,www.ndm.edu/admissions-aid/financial-aid/financial-aid-calculator,59320,43360,43360,11843,17637,17882,21409,24990,high,0.5,0.4409,17990,65344,0.8216,,,,,,,39.350612,-76.619739,DRIVE,1000
163657,Prince George's Community College,Largo,MD,1,8815,https://www.pgcc.edu/,https://scripts.pgcc.edu/netprice/npcalc.html,15544,4034,8762,7314,7802,9195,11300,12979,medium,,,6000,47548,,,,,,,,38.888689,-76.824623,DRIVE,1000
163851,Salisbury University,Salisbury,MD,1,6057,https://www.salisbury.edu/,tcc.ruffalonl.com/salisbury university/freshman students,28310,11084,22174,6743,9915,12909,16669,22759,medium,0.6815,0.5765,15750,61515,0.8747,600,670,580,650,20,29,38.34648,-75.604815,DRIVE,1000
163912,St. Mary's College of Maryland,St. Mary's City,MD,1,1603,https://www.smcm.edu/,https://collegepricecalculator.com/smcm,31865,15298,31374,2889,12053,15033,19796,25173,medium,0.6995,0.6719,17000,60110,0.6863,590,690,553,650,26,31,38.188047,-76.430994,DRIVE,1000
163976,St. John's College,Annapolis,MD,2,471,www.sjc.edu/,www.sjc.edu/admissions-and-aid/financial-aid/net-price-calculator/,55540,40684,40684,42528,46145,44755,49373,45828,critical,0.7143,0.7826,19500,51584,0.5524,680,750,590,690,27,32,38.981598,-76.491359,DRIVE,1000
164076,Towson University,Towson,MD,1,16136,www.towson.edu/,https://www.towson.edu/admissions/tuition/calculator.html,28535,11728,29820,6962,12590,16784,22720,26396,medium,0.6946,0.6629,15362,64390,0.8197,490,635,460,600,19,27,39.393622,-76.611164,DRIVE,1000
164155,United States Naval Academy,Annapolis,MD,1,4474,www.usna.edu/,www.usna.edu/Admissions,,,,,,,,,,0.9294,,,,0.0927,610,700,600,710,25,31,38.980507,-76.481692,DRIVE,1000
164173,Stevenson University,Owings Mills,MD,2,3102,www.stevenson.edu/,www.stevenson.edu/admissions-aid/scholarships-financial-aid/net-price-calculator/,58394,40560,40560,15894,20935,26937,29277,31892,critical,0.6849,0.612,21500,62079,0.7891,,,,,,,39.426413,-76.775809,DRIVE,1000
164216,Washington College,Chestertown,MD,2,891,www.washcoll.edu/,https://www.washcoll.edu/admissions/financial-aid/net_price_calculator/net_price_cal_short_code.html,73314,55326,55326,17804,22722,25068,26760,33980,critical,0.6537,0.5341,21000,65518,0.5689,580,710,560,680,27,31,39.217329,-76.06878,DRIVE,1000
164270,McDaniel College,Westminster,MD,2,1617,www.mcdaniel.edu/,https://www.mcdaniel.edu/admissions-cost/cost-financial-aid/net-price-calculator,65294,52081,52081,12210,17261,19796,21408,30694,high,0.6329,0.5489,15000,60663,0.7793,,,,,,,39.584231,-77.001992,DRIVE,1000
164313,Wor-Wic Community College,Salisbury,MD,1,2169,www.worwic.edu/,www.worwic.edu/About-Wor-Wic/Consumer-Information,15190,3840,8400,8265,9360,9750,10911,15190,high,,,3500,36748,,,,,,,,38.373723,-75.499659,DRIVE,1000
164368,Hult International Business School,Cambridge,MA,2,618,www.hult.edu/,https://hult.formstack.com/forms/bba_net_price_calculator,79075,57160,57160,43305,50308,,52658,59075,critical,0.6667,0,11000,,0.6048,,,,,,,42.369968,-71.070645,DRIVE,1500
164447,American International College,Springfield,MA,2,1017,www.aic.edu/,https://www.aic.edu/admissions/tuition-and-financial-aid/net-price-calculator/,59270,44230,44230,24437,24073,22749,24772,21860,critical,0.4591,0.375,21063,53124,0.9957,,,,,,,42.112346,-72.558338,DRIVE,1500
164465,Amherst College,Amherst,MA,2,1911,www.amherst.edu/,https://npc.collegeboard.org/student/app/amherst,87640,70480,70480,1086,1570,17478,23639,47521,low,0.939,0.9189,12000,77644,0.0901,740,780,750,800,33,35,42.372459,-72.518493,DRIVE,1500
164492,Anna Maria College,Paxton,MA,2,906,www.annamaria.edu/,www.annamaria.edu/admission/financial-aid/net-price-calculator/#Net,61888,44571,44571,25554,24373,25366,27627,33305,critical,0.4623,0.4909,17500,46651,0.503,,,,,,,42.330542,-71.91896,DRIVE,1500
164562,Assumption University,Worcester,MA,2,1669,https://www.assumption.edu/,https://www.assumption.edu/admissions-financial-aid/undergraduate-admissions-and-financial-aid/undergraduate-tuition-and-fees,65551,51356,51356,19885,23632,25471,25961,33463,critical,0.7523,0.6875,24250,74895,0.8298,,,,,,,42.294226,-71.828991,DRIVE,1500
164580,Babson College,Wellesley,MA,2,2728,www.babson.edu/,npc.collegeboard.org/app/babson,80192,57152,57152,23641,17077,16861,55470,80192,critical,0.9312,0.8939,19000,123938,0.1709,670,740,720,790,31,34,42.297017,-71.264057,DRIVE,1500
164632,Bay Path University,Longmeadow,MA,2,1108,www.baypath.edu/,www.baypath.edu/undergraduate-experience/financial-aid/net-price-calculator,47308,38302,38302,11948,12251,12698,17528,25475,high,0.4394,0.4235,19100,55383,0.852,490,610,520,600,,,42.055088,-72.583382,DRIVE,1500
164739,Bentley University,Waltham,MA,2,4474,www.bentley.edu/,https://npc.collegeboard.org/student/app/bentley,79548,61000,61000,21196,18587,26164,33653,49190,critical,0.8679,0.8182,24007,120959,0.4505,630,700,650,730,28,31,42.385995,-71.222839,DRIVE,1500
164748,Berklee College of Music,Boston,MA,2,7468,www.berklee.edu/,www.berklee.edu/paying-for-your-education/net-price-calculator,72700,52040,52040,42734,37987,47799,46801,54676,critical,0.6731,0.6139,15750,33647,0.4353,,,,,,,42.346646,-71.089405,DRIVE,1500
164775,Berkshire Community College,Pittsfield,MA,1,1358,www.berkshirecc.edu/,https://www.berkshirecc.edu/paying-for-college/cost-of-attendance/index.php,18062,6164,11468,7797,8878,9245,11741,13265,high,,,8250,38832,,,,,,,,42.45975,-73.314704,DRIVE,1500
164872,Boston Architectural College,Boston,MA,2,280,www.the-bac.edu/,the-bac.edu/financial-aid/net-price-calculator,40343,27470,27470,24056,14348,30097,34343,,critical,0.3158,0.4286,24750,62123,,,,,,,,42.348467,-71.085786,DRIVE,1500
164924,Boston College,Chestnut Hill,MA,2,10085,www.bc.edu/,https://npc.collegeboard.org/student/app/bc,89493,70702,70702,4284,7304,13112,19999,60308,medium,0.9083,0.8799,17962,103937,0.1643,710,760,730,780,33,35,42.336213,-71.169242,DRIVE,1500
164988,Boston University,Boston,MA,2,18248,www.bu.edu/,www.bu.edu/finaid/aid-basics/cost-of-education/net-price-calculator/,86285,68102,68102,9500,9342,11778,22517,47504,high,0.8866,0.89,21500,83238,0.1111,690,750,730,780,32,34,42.351118,-71.107942,DRIVE,1500
165015,Brandeis University,Waltham,MA,2,3618,https://www.brandeis.edu/,https://www.brandeis.edu/student-financial-services/affordability.html,86448,68080,68080,13363,15135,20536,26784,54885,high,0.8603,0.821,23250,77231,0.405,690,750,700,770,31,34,42.365727,-71.260155,DRIVE,1500
165024,Bridgewater State University,Bridgewater,MA,1,7829,www.bridgew.edu/,www.bridgew.edu/office/financial-aid/net-price-calulator,26160,11808,17948,10007,11579,13559,16904,21176,high,0.5341,0.4783,18746,57466,0.8781,550,650,510,613,25,30,41.98749,-70.974553,DRIVE,1500
165033,Bristol Community College,Fall River,MA,1,6083,www.bristolcc.edu/,https://bristolcc.edu/getstartedatbristol/financesatbristol/studentaccounts/npc.html,12168,5832,10776,4550,4278,4749,7329,11257,medium,,,5250,38663,,,,,,,,41.721994,-71.119133,DRIVE,1500
165060,Signature Healthcare Brockton Hospital School of Nursing,Brockton,MA,2,146,https://signature-healthcare.org/bhson,https://signature-healthcare.org/bhson/financial-aid-calculator,,,,14737,28218,19070,28949,28651,high,,,15555,88084,0.3415,,,,,,,42.088032,-70.992764,DRIVE,1500
165112,Bunker Hill Community College,Boston,MA,1,8612,www.bhcc.edu/,www.bhcc.edu/financialaid/costofattendanceanddeterminingneed/,14899,6168,11112,7120,7827,8516,10091,13790,medium,,,5500,47618,,,,,,,,42.374806,-71.069263,DRIVE,1500
165167,Cambridge College,Boston,MA,2,532,www.cambridgecollege.edu/,www.cambridgecollege.edu/net-price-calculator/,34072,18378,18378,,31072,,,,,0.1111,0,14917,45998,,,,,,,,42.381091,-71.072646,DRIVE,1500
165194,Cape Cod Community College,West Barnstable,MA,1,2911,www.capecod.edu/,https://www.capecod.edu/paying-for-college/net-price-calculator/,15053,6000,10944,8253,5991,7089,10381,14779,high,,,6443,43670,,,,,,,,41.691911,-70.337334,DRIVE,1500
165264,Laboure College of Healthcare,Milton,MA,2,525,https://www.laboure.edu/,https://www.laboure.edu/tuition-financial-aid/net-price-calculator,36863,30618,30618,,,,36863,,,1,1,15998,62200,0.5,,,,,,,42.260866,-71.058279,DRIVE,1500
165334,Clark University,Worcester,MA,2,2214,www.clarku.edu/,www.clarku.edu/offices/financial-aid/prospective-students/u-s-students/,68432,58867,58867,18188,13313,21971,25062,39035,critical,0.7694,0.7544,22141,62381,0.3954,658,740,630,720,30,33,42.249987,-71.823356,DRIVE,1500
165529,Curry College,Milton,MA,2,1780,https://www.curry.edu/,https://www.curry.edu/npc,64020,47970,47970,23806,23372,26827,32286,33973,critical,0.5112,0.386,18320,54400,0.8765,530,620,520,610,,,42.238061,-71.116539,DRIVE,1500
165574,Dean College,Franklin,MA,2,1089,www.dean.edu/,www.dean.edu/net-price-calculator.aspx,64889,46526,46526,26996,26798,28640,31161,34318,critical,0.5359,0.4555,12000,38109,0.7371,,,,,,,42.085634,-71.397813,DRIVE,1500
165662,Emerson College,Boston,MA,2,3870,www.emerson.edu/,https://npc.collegeboard.org/student/app/emerson,80399,57056,57056,32650,32621,41927,46252,57288,critical,0.7711,0.702,19000,62832,0.5131,660,720,610,700,29,32,42.352202,-71.065384,DRIVE,1500
165671,Emmanuel College,Boston,MA,2,1854,www.emmanuel.edu/,https://collegepricecalculator.com/emmanuelcollege,65252,48550,48550,20399,20611,24008,26577,30832,critical,0.6751,0.6337,22969,68245,0.7565,600,670,570,670,,,42.340602,-71.103634,DRIVE,1500
165699,Endicott College,Beverly,MA,2,3125,www.endicott.edu/,app.meadowfi.com/endicott,59328,40650,40650,29780,29447,32235,36925,43598,critical,0.7556,0.6875,23250,58336,0.7121,610,680,583,660,25,30,42.553296,-70.840847,DRIVE,1500
165802,Fisher College,Boston,MA,2,1167,https://www.fisher.edu/,https://www.fisher.edu/admissions-aid/net-price-calculator,53921,35689,35689,25071,25267,27168,26511,30661,critical,0.2775,0.2687,12500,49669,0.7068,,,,,,,42.355253,-71.074125,DRIVE,1500
165820,Fitchburg State University,Fitchburg,MA,1,2752,www.fitchburgstate.edu/,www.fitchburgstate.edu/admissions-aid/financial-aid/net-price-calculator,25555,11346,17426,10204,11199,11540,15571,21123,high,0.5512,0.4735,18220,53874,0.8693,540,620,520,610,,,42.588298,-71.789666,DRIVE,1500
165866,Framingham State University,Framingham,MA,1,2566,www.framingham.edu/,https://npc.collegeboard.org/app/framingham,27413,11920,18000,11934,12233,13879,18551,21962,high,0.478,0.403,17224,52349,0.8361,570,650,530,630,,,42.297116,-71.437565,DRIVE,1500
165884,Benjamin Franklin Cummings Institute of Technology,Boston,MA,2,483,www.bfit.edu/,npc.collegeboard.org/app/bfit,30406,18906,18906,13664,15595,15357,19321,21375,high,0.4577,0.4275,9500,57556,,,,,,,,42.346023,-71.070231,DRIVE,1500
165936,Gordon College,Wenham,MA,2,1278,www.gordon.edu/,www.gordon.edu/netpricecalculator,42446,30700,30700,21829,18900,21004,24380,27138,critical,0.6854,0.5268,23250,52119,0.6923,580,695,550,660,25,31,42.590567,-70.82151,DRIVE,1500
165981,Greenfield Community College,Greenfield,MA,1,1395,www.gcc.mass.edu/,https://www.gcc.mass.edu/financial-aid/net-price-calculator/,14762,5810,11930,7311,6550,7306,8818,13984,medium,,,5500,37132,,,,,,,,42.599512,-72.630977,DRIVE,1500
166018,Hampshire College,Amherst,MA,2,839,https://www.hampshire.edu/,https://www.hampshire.edu/net-price-calculator,74195,58896,58896,13749,15251,18165,25447,37221,high,0.5426,0.6,25000,46938,0.7528,,,,,,,42.325852,-72.531469,DRIVE,1500
166027,Harvard University,Cambridge,MA,2,7601,www.harvard.edu/,college.harvard.edu/financial-aid/net-price-calculator,85540,61676,61676,8697,2991,2091,9941,53337,high,0.9758,0.9472,12500,101817,0.0365,740,780,770,800,34,36,42.374471,-71.118313,DRIVE,1500
166124,College of the Holy Cross,Worcester,MA,2,3106,https://www.holycross.edu/,https://www.holycross.edu/financial-aid/financial-aid-calculator,80334,64500,64500,14343,16179,12682,27711,56284,high,0.8733,0.9024,25879,90543,0.1761,630,710,610,700,27,32,42.23752,-71.808214,DRIVE,1500
166133,Holyoke Community College,Holyoke,MA,1,3591,www.hcc.edu/,www.hcc.edu/tuition-and-aid/tuition-and-fees/net-price-calculator,15043,5988,10932,6522,6637,8688,9415,13014,medium,,,4750,37277,,,,,,,,42.194781,-72.651252,DRIVE,1500
166391,Lasell University,Newton,MA,2,1226,www.lasell.edu/,https://lasell.clearcostcalculator.com/student/default/netpricecalculator/survey,42434,27040,27040,18334,17631,25139,29359,32947,critical,0.5864,0.5581,21500,49705,0.8122,530,598,500,560,,,42.342148,-71.24347,DRIVE,1500
166407,Lawrence Memorial Hospital School of Nursing,Medford,MA,2,174,www.lmregis.org/,https://lmregis.org/wp-content/uploads/Net-Price-Calculator.html,,31038,31038,,,,,,,,,20000,101466,,,,,,,,42.42581,-71.110958,DRIVE,1500
166452,Lesley University,Cambridge,MA,2,1122,www.lesley.edu/,lesley.aidcalc.cloud/,51538,34256,34256,24799,24044,29030,33201,35152,critical,0.5802,0.562,15000,51173,0.9687,,,,,,,42.38012,-71.117303,DRIVE,1500
166513,University of Massachusetts-Lowell,Lowell,MA,1,11434,www.uml.edu/,https://uml.studentaidcalculator.com/welcome.aspx,30786,16966,36264,9943,10199,12141,16460,26139,high,0.6482,0.591,18250,64874,0.8304,590,680,590,690,25,32,42.652864,-71.326809,DRIVE,1500
166629,University of Massachusetts-Amherst,Amherst,MA,1,23671,www.umass.edu/,www.umass.edu/net_price_calculator/,34549,17772,40449,10164,10456,12932,18964,30793,high,0.8326,0.7429,20000,71631,0.5973,650,730,660,770,30,33,42.385999,-72.526728,DRIVE,1500
166638,University of Massachusetts-Boston,Boston,MA,1,11512,www.umb.edu/,https://umb.studentaidcalculator.com/survey.aspx,30544,15908,38125,14070,13558,15663,20885,25571,high,0.4941,0.5014,15000,65865,0.8378,540,650,530,640,22,29,42.312881,-71.036865,DRIVE,1500
166647,Massachusetts Bay Community College,Wellesley Hills,MA,1,3837,https://www.massbay.edu/,https://www.massbay.edu/finance/tuition-calculator,14185,5856,10800,6206,5813,7685,9767,13317,medium,,,4620,52654,,,,,,,,42.31212,-71.263458,DRIVE,1500
166656,Massachusetts College of Pharmacy and Health Sciences,Boston,MA,2,3451,www.mcphs.edu/,www.mcphs.edu/admission-and-aid/financial-services/net-price-calculator,65022,40530,40530,35206,36228,38376,42536,43470,critical,0.6202,0.5845,25000,125557,0.8521,570,678,590,738,26,30,42.336825,-71.101244,DRIVE,1500
166674,Massachusetts College of Art and Design,Boston,MA,1,1831,https://massart.edu/,https://massart.edu/net-price-calculator,34239,15400,43400,16351,17636,18513,26265,31882,critical,0.6887,0.6916,19500,43582,0.7627,,,,,,,42.336862,-71.099275,DRIVE,1500
166683,Massachusetts Institute of Technology,Cambridge,MA,2,4535,web.mit.edu/,https://npc.collegeboard.org/app/mit,82730,62396,62396,-2533,93,1480,11555,48479,low,0.9641,0.9296,12462,143372,0.0455,740,780,780,800,34,36,42.359243,-71.093226,DRIVE,1500
166692,Massachusetts Maritime Academy,Buzzards Bay,MA,1,1395,https://www.maritime.edu/,https://www.maritime.edu/netprice/,31367,11420,23722,8757,9051,10547,15557,27367,high,0.7406,0.44,20500,82392,0.947,,,,,,,41.739072,-70.624084,DRIVE,1500
166823,Massasoit Community College,Brockton,MA,1,4235,https://www.massasoit.edu/,www.massasoit.edu/enrollment/paying-for-college/financial-aid/net-price-calculator/,14904,5376,10320,7194,7904,7678,10938,14416,medium,,,5567,46111,,,,,,,,42.07507,-70.989799,DRIVE,1500
166850,Merrimack College,North Andover,MA,2,3916,https://www.merrimack.edu/,https://www.merrimack.edu/aid/net-price-calculator/,70038,53962,53962,31710,29417,31962,36045,41050,critical,0.7005,0.5816,23750,75584,0.7002,,,,,,,42.668344,-71.124216,DRIVE,1500
166869,MGH Institute of Health Professions,Boston,MA,2,164,www.mghihp.edu/,https://www.mghihp.edu/admissions/tuition-fees,,,,,,,,,,,,24700,87130,,,,,,,,42.375018,-71.054002,DRIVE,1500
166887,Middlesex Community College,Bedford,MA,1,5412,https://www.middlesex.edu/,https://www.middlesex.edu/studentpayments/downloads/netprice.html,10342,6048,12120,943,1646,1399,4356,8426,low,,,5187,50651,,,,,,,,42.524328,-71.274931,DRIVE,1500
166911,Montserrat College of Art,Beverly,MA,2,226,https://www.montserrat.edu/,https://www.montserrat.edu/wp-content/uploads/2025/06/index.html,58616,40690,40690,25388,29977,32347,37366,39001,critical,0.5347,0.5,23707,33022,,,,,,,,42.550212,-70.876131,DRIVE,1500
166939,Mount Holyoke College,South Hadley,MA,2,2169,https://www.mtholyoke.edu/,https://npc.collegeboard.org/app/mtholyoke,84926,67018,67018,10882,9526,17394,24247,38561,high,0.8439,0.8469,18258,58418,0.3603,710,760,670,770,32,35,42.25489,-72.573916,DRIVE,1500
166957,Mount Wachusett Community College,Gardner,MA,1,3059,mwcc.edu/,mwcc.edu/about-mwcc/public-disclosure/net-price-calculator/,15487,6160,11080,5899,5873,6711,9850,14528,medium,,,5500,41118,,,,,,,,42.593142,-71.984148,DRIVE,1500
167057,The New England Conservatory of Music,Boston,MA,2,393,https://necmusic.edu/,https://necmusic.edu/admissions/tuition-aid/net-price-calculator/,81277,60750,60750,47882,44882,45625,45608,47387,critical,0.7339,0.6316,19500,34483,0.411,,,,,,,42.340946,-71.08629,DRIVE,1500
167260,Nichols College,Dudley,MA,2,1163,www.nichols.edu/,nichols.studentaidcalculator.com/survey.aspx,58310,42705,42705,22054,24749,31978,33851,35731,critical,0.6261,0.5221,19500,58063,0.8084,528,623,500,613,,,42.044033,-71.930283,DRIVE,1500
167288,Massachusetts College of Liberal Arts,North Adams,MA,1,713,https://www.mcla.edu/,https://www.mcla.edu/admission-aid/paying-for-college/financial-aid/calculator_2023.inc,26026,12436,21381,9845,10762,13250,15958,22698,high,0.5564,0.45,15750,48102,0.8974,,,,,,,42.691361,-73.102817,DRIVE,1500
167297,North Bennet Street School,Boston,MA,2,155,www.nbss.edu/,nbss.aidcalc.cloud/,,,,27251,,,,,critical,,,9500,43993,,,,,,,,42.36279,-71.05452,DRIVE,1500
167312,North Shore Community College,Danvers,MA,1,4393,www.northshore.edu/,www.northshore.edu/paying/cost/netprice/calculator/,15896,5352,10920,8622,7550,8987,9966,13158,high,,,5500,45391,,,,,,,,42.590103,-70.968044,DRIVE,1500
167358,Northeastern University,Boston,MA,2,17326,www.northeastern.edu/,https://studentfinance.northeastern.edu/financial-tools-and-calculators/,84641,66162,66162,2264,2436,5301,16241,47696,low,0.9054,0.8971,22000,92538,0.0522,710,760,730,780,33,35,42.339992,-71.088782,DRIVE,1500
167376,Northern Essex Community College,Haverhill,MA,1,3685,www.necc.mass.edu/,www.necc.mass.edu/afford/tuition-costs/estimating-costs/net-price-calculator/,13201,6732,12516,5256,4728,6211,6628,12476,medium,,,5661,42862,,,,,,,,42.796634,-71.04904,DRIVE,1500
167394,College of Our Lady of the Elms,Chicopee,MA,2,949,https://www.elms.edu/,https://www.elms.edu/net-price-calculator/,54027,43325,43325,8099,22645,17539,21243,25491,high,0.6809,0.6415,20500,51540,0.8526,,,,,,,42.141781,-72.60154,DRIVE,1500
167525,Quincy College,Quincy,MA,1,2300,https://www.quincycollege.edu/,https://quincycollege.edu/wp-content/uploads/npcalc.html,22528,8938,8938,15972,15564,17994,20958,21920,critical,0.1509,0.1824,8300,52506,,,,,,,,42.252416,-71.003476,DRIVE,1500
167534,Quinsigamond Community College,Worcester,MA,1,6447,www.qcc.edu/,www.qcc.edu/federal-net-price-calculator,15921,6262,11206,8148,8315,8169,8743,11361,high,,,10500,45949,,,,,,,,42.31379,-71.79503,DRIVE,1500
167598,Regis College,Weston,MA,2,956,www.regiscollege.edu/,https://www.regiscollege.edu/admission/undergraduate-admission/cost-and-financial-aid/net-price-calculator,65546,49680,49680,21415,24531,22281,28986,33106,critical,0.7217,0.7073,23750,52873,0.6978,,,,,,,42.351291,-71.310561,DRIVE,1500
167631,Roxbury Community College,Roxbury Crossing,MA,1,1977,www.rcc.mass.edu/,www.rcc.mass.edu/afford/financial-assistance/financial-aid/cost-of-attendance.html,16621,6024,11328,12222,12037,12468,12976,,high,,,,38773,,,,,,,,42.329249,-71.09549,DRIVE,1500
167729,Salem State University,Salem,MA,1,4291,https://www.salemstate.edu/,https://www.salemstate.edu/campus-life/student-navigation-center/financial-aid/understanding-your-costs/net-price-calculator,28291,12338,19531,10516,13870,13821,17590,23223,high,0.4977,0.4698,19500,56662,0.9588,,,,,,,42.503575,-70.890234,DRIVE,1500
167783,Simmons University,Boston,MA,2,1670,www.simmons.edu/,https://www.simmons.edu/undergraduate/admission-and-financial-aid/tuition-financial-aid,63460,46874,46874,18027,15810,22139,24714,32777,critical,0.7234,0.7281,21780,63494,0.6998,620,700,600,690,26,34,42.3393,-71.099967,DRIVE,1500
167792,Simon's Rock at Bard College,Barrytown,NY,2,225,www.simons-rock.edu/,https://apply.simons-rock.edu/portal/calculator,85262,68780,68780,27480,41839,30051,24820,32298,critical,0.6828,0.7297,19000,46543,0.9589,,,,,,,42.208803,-73.379201,DRIVE,1000
167835,Smith College,Northampton,MA,2,2544,www.smith.edu/,https://npc.collegeboard.org/student/app/smith,86030,65178,65178,1363,3737,6559,11750,40477,low,0.8905,0.8919,13500,64027,0.21,720,760,700,780,32,35,42.318111,-72.638097,DRIVE,1500
167899,Springfield College,Springfield,MA,2,1751,springfield.edu/,https://springfield.edu/admissions/undergraduate-admissions/net-price-calculator,60729,45174,45174,22519,22295,23364,27470,34461,critical,0.7419,0.5821,23000,48036,0.7189,570,690,510,640,27,29,42.1022,-72.556647,DRIVE,1500
167905,Springfield Technical Community College,Springfield,MA,1,4759,www.stcc.edu/,https://stcc.aidcalc.cloud/,14971,5904,11112,4250,3833,6675,8925,13867,medium,,,4996,36966,,,,,,,,42.108827,-72.578514,DRIVE,1500
167987,University of Massachusetts-Dartmouth,North Dartmouth,MA,1,5221,www.umassd.edu/,https://umassd.clearcostcalculator.com/student/default/netpricecalculator/survey,33485,15612,32567,15976,16042,17530,22273,28147,critical,0.5207,0.4536,18133,68804,0.9064,530,640,520,630,26,30,41.62869,-71.004552,DRIVE,1500
167996,Stonehill College,Easton,MA,2,2528,https://www.stonehill.edu/,https://www.stonehill.edu/offices-and-services/financial-aid/undergraduate-students/cost-of-attendance/net-price-calculator/,72714,57490,57490,23605,25053,26357,31059,37147,critical,0.76,0.6762,23472,77745,0.6628,,,,,,,42.05905,-71.080632,DRIVE,1500
168005,Suffolk University,Boston,MA,2,4268,https://www.suffolk.edu/,https://suffolk.studentaidcalculator.com/survey.aspx,65281,47550,47550,24745,25711,25702,29654,36264,critical,0.6088,0.5549,20500,67506,0.8233,550,670,540,630,24,28,42.357945,-71.060917,DRIVE,1500
168148,Tufts University,Medford,MA,2,7061,https://www.tufts.edu/,https://npc.collegeboard.org/app/tufts,88300,70704,70704,11284,9811,14923,23311,58570,high,0.9351,0.9305,15043,83214,0.1149,720,770,750,790,33,35,42.40855,-71.118293,DRIVE,1500
168218,Wellesley College,Wellesley,MA,2,2300,www.wellesley.edu/,https://npc.collegeboard.org/student/app/wellesley,86290,67176,67176,2546,2836,6587,11551,54188,medium,0.9153,0.9155,8700,84803,0.1405,730,770,730,790,33,35,42.291554,-71.306605,DRIVE,1500
168227,Wentworth Institute of Technology,Boston,MA,2,3747,https://wit.edu/,https://wit.studentaidcalculator.com/survey.aspx,61096,42884,42884,27018,27588,31922,35769,38272,critical,0.6824,0.6043,18500,82721,0.9121,560,660,550,660,27,31,42.336632,-71.094983,DRIVE,1500
168254,Western New England University,Springfield,MA,2,2603,wne.edu/,wne.edu/enrollment-services/billing-and-finances/finance-calculator.cfm,60262,47820,47820,20726,22471,25205,28660,29794,critical,0.6398,0.4978,19500,73157,0.8348,540,650,550,650,21,28,42.115017,-72.520466,DRIVE,1500
168263,Westfield State University,Westfield,MA,1,3615,www.westfield.ma.edu/,www.westfield.ma.edu/netprice/,27649,12179,18259,10751,11517,14199,18201,23286,high,0.5441,0.4281,15250,57346,0.8141,,,,,,,42.132698,-72.796503,DRIVE,1500
168281,Wheaton College (Massachusetts),Norton,MA,2,1773,www.wheatoncollege.edu/,https://collegepricecalculator.com/wheatoncollegema,79311,63960,63960,20076,21528,28299,28639,33956,critical,0.7282,0.64,23000,67725,0.6773,640,720,580,670,29,33,41.966637,-71.183979,DRIVE,1500
168342,Williams College,Williamstown,MA,2,2076,https://www.williams.edu/,https://npc.collegeboard.org/app/williams,84860,68560,68560,-2610,-1727,-1978,3030,49594,low,0.9361,0.9333,11667,88665,0.0825,740,780,750,790,34,35,42.712725,-73.203132,DRIVE,1500
168421,Worcester Polytechnic Institute,Worcester,MA,2,5447,https://www.wpi.edu/,https://www.wpi.edu/admissions/tuition-aid/financial-need/net-price-calculator,78679,60965,60965,24018,24452,32350,37753,49716,critical,0.8971,0.8467,26978,103470,0.6016,,,,,,,42.274853,-71.808339,DRIVE,1500
168430,Worcester State University,Worcester,MA,1,3930,https://www.worcester.edu/,https://www.worcester.edu/NetPriceCalculator/npcalc.htm,22874,11786,17866,8793,9629,9540,13658,19679,high,0.6145,0.5417,13916,60624,0.8799,533,665,493,618,,,42.267526,-71.844018,DRIVE,1500
168528,Adrian College,Adrian,MI,2,1604,www.adrian.edu/,www.adrian.edu/financial-aid/net-price-calculator,56003,41684,41684,19542,21571,24162,27166,28652,critical,0.4842,0.3707,16000,55504,0.7253,443,580,430,560,21,27,41.898591,-84.061481,FLY,2500
168546,Albion College,Albion,MI,2,1300,www.albion.edu/,https://collegepricecalculator.com/albioncollege,69986,56950,56950,10036,9772,12085,16656,24368,high,0.6159,0.5204,19500,58799,0.807,,,,,,,42.245049,-84.745639,FLY,2500
168591,Alma College,Alma,MI,2,1148,www.alma.edu/,www.alma.edu/financial-aid/net-price-calculator/,63650,49552,49552,17162,18009,18076,18699,23618,critical,0.6287,0.4964,23250,54742,0.5703,,,,,,,43.38004,-84.672053,FLY,2500
168607,Alpena Community College,Alpena,MI,1,732,www.alpenacc.edu/,www.alpenacc.edu/services/financialaid/npcalc,12246,5250,8010,590,897,2630,6811,10623,low,0.515,0.4362,5500,36442,,,,,,,,45.081647,-83.445069,FLY,2500
168740,Andrews University,Berrien Springs,MI,2,1224,https://www.andrews.edu/,https://andrews.studentaidcalculator.com/,45218,35056,35056,13406,10155,8024,13426,17340,high,0.7153,0.589,19716,53187,0.8185,520,660,470,630,20,26,41.963859,-86.355815,FLY,2500
168786,Aquinas College,Grand Rapids,MI,2,1083,https://www.aquinas.edu/,https://app.meadowfi.com/aquinas,51652,40218,40218,10725,11222,13594,15468,21093,high,0.6536,0.617,17992,49584,0.8988,470,590,440,550,20,26,42.96019,-85.628785,FLY,2500
168847,Baker College,Owosso,MI,2,3026,www.baker.edu/,https://baker.clearcostcalculator.com/student/default/netpricecalculator/survey,24526,13000,13000,11976,11362,12546,13754,17964,high,0.3583,0.3105,16753,35833,0.8187,500,600,460,560,,,42.984804,-84.172404,FLY,2500
168883,Bay de Noc Community College,Escanaba,MI,1,1223,https://www.baycollege.edu/,https://mybay.baycollege.edu//ics/clientconfig/customcontent/netpricecalculator/npcalc.htm,19020,5712,10528,9204,10730,11632,16405,16533,high,,,8000,35090,,,,,,,,45.772586,-87.085228,FLY,2500
169080,Calvin University,Grand Rapids,MI,2,3193,www.calvin.edu/,https://www.calvin.edu/admissions/financial-aid/calculator,54222,39350,39350,19281,18330,19447,21128,26713,critical,0.7406,0.6266,19500,58375,0.7091,550,660,533,670,24,30,42.929916,-85.587548,FLY,2500
169248,Central Michigan University,Mount Pleasant,MI,1,10035,https://www.cmich.edu/,https://cmich.studentaidcalculator.com/survey.aspx,30681,14760,14760,12185,12139,13601,16269,21403,high,0.5872,0.4772,23183,55874,0.8982,490,610,470,590,21,27,43.591203,-84.77525,FLY,2500
169275,Mott Community College,Flint,MI,1,5251,https://www.mcc.edu/,https://www.mcc.edu/financial-aid/net-price-calculator.shtml,15460,6845,11460,3748,4954,7088,9921,12083,medium,,,5975,32538,,,,,,,,43.019941,-83.67243,FLY,2500
169327,Cleary University,Howell,MI,2,738,www.cleary.edu/,www.cleary.edu/admissions/financial-aid/net-price-calculator/,39718,26102,26102,18046,18917,15328,20797,27372,critical,0.4146,0.25,12469,54186,0.6754,,,,,,,42.586638,-83.879987,FLY,2500
169363,Concordia University Ann Arbor,Ann Arbor,MI,2,702,https://www.cuaa.edu/,https://www.cuaa.edu/netpricecalc,51853,35410,35410,28829,30199,32218,32526,35139,critical,0.4764,0.3333,19500,56075,0.6925,,,,,,,42.273157,-83.68268,FLY,2500
169442,College for Creative Studies,Detroit,MI,2,1230,https://www.ccsdetroit.edu/,https://www.ccsdetroit.edu/admissions/scholarships-aid/undergraduate/net-price-calculator/,66014,53350,53350,30267,33152,33647,33667,38580,critical,0.7061,0.6957,19000,44860,0.9194,,,,,,,42.361839,-83.062352,FLY,2500
169479,Davenport University,Grand Rapids,MI,2,3134,www.davenport.edu/,https://davenport.studentaidcalculator.com/survey.aspx,37319,24466,24466,16700,22376,22856,24420,28703,critical,0.5659,0.4669,17353,45099,0.9784,,,,,,,42.850013,-85.533519,FLY,2500
169521,Delta College,University Center,MI,1,6573,https://www.delta.edu/,https://apps.delta.edu/netpricecalc/npcalc.htm,13541,4820,7880,2819,2237,5500,8199,11755,medium,,,6000,37781,,,,,,,,43.559491,-83.985943,FLY,2500
169716,University of Detroit Mercy,Detroit,MI,2,2438,https://www.udmercy.edu/,https://www.udmercy.edu/admission/financial-aid/cost/netprice-calc.php,42211,32946,32946,13088,11290,14173,15584,21691,high,0.672,0.6122,19950,71030,0.7542,520,630,510,630,22,28,42.414222,-83.139158,FLY,2500
169798,Eastern Michigan University,Ypsilanti,MI,1,10055,www.emich.edu/,www.emich.edu/finaid/calculator/,29640,16240,16240,13250,12863,13748,18243,21036,high,0.4644,0.358,18750,51793,0.7964,480,600,440,570,18,27,42.251675,-83.627443,FLY,2500
169910,Ferris State University,Big Rapids,MI,1,8106,www.ferris.edu/,www.ferris.edu/admissions/financialaid/netpricecalculator.htm,27048,14778,14778,2556,4315,7638,12485,18603,medium,0.4687,0.3362,15500,54735,0.9139,460,570,430,550,20,24,43.687724,-85.481925,FLY,2500
169974,Glen Oaks Community College,Centreville,MI,1,600,www.glenoaks.edu/,www.glenoaks.edu/netpricecalc/index.html,17124,4176,6624,5282,8025,10081,13455,13782,medium,,,5543,37540,,,,,,,,41.892504,-85.496929,FLY,2500
169983,Kettering University,Flint,MI,2,1205,https://www.kettering.edu/,https://kettering.studentaidcalculator.com/survey.aspx,61250,48470,48470,24910,23273,31544,33401,39399,critical,0.708,0.6867,26563,94823,0.7867,580,660,580,670,26,30,43.012468,-83.71282,FLY,2500
169992,Gogebic Community College,Ironwood,MI,1,511,gogebic.edu/,https://gogebic.edu/admissions/fa/net_price_calculator.html,14456,4800,7530,2212,3977,5581,8118,11002,low,,,6000,40950,,,,,,,,46.471893,-90.165592,FLY,2500
170000,Grace Christian University,Wyoming,MI,2,716,https://www.gracechristian.edu/,https://gracechristian.edu/wp-content/uploads/2024/04/index-edit.html,26166,18690,18690,9538,10935,10037,12379,20834,high,0.5104,0.4694,9500,41663,0.9916,,,,,,,42.919541,-85.692077,FLY,2500
170037,Cornerstone University,Grand Rapids,MI,2,1298,www.cornerstone.edu/,www.cornerstone.edu/undergraduate/costs-aid/financial-aid/net-price-calculator/,42043,23000,23000,20177,17674,17872,18489,23135,critical,0.6187,0.5686,18634,47314,0.7777,,,,,,,42.979966,-85.595328,FLY,2500
170055,Grand Rapids Community College,Grand Rapids,MI,1,10698,https://www.grcc.edu/,https://www.grcc.edu/about-grcc/student-consumer-information/net-price-calculator,15658,4179,12219,7373,7292,8362,11582,14013,medium,,,5500,38377,,,,,,,,42.967076,-85.665625,FLY,2500
170082,Grand Valley State University,Allendale,MI,1,18854,www.gvsu.edu/,https://www.gvsu.edu/financialaid/price_calculator.htm,28367,15140,21548,12272,11902,12861,16609,22534,high,0.6701,0.5677,19500,56118,0.8302,480,600,460,590,22,30,42.963001,-85.889826,FLY,2500
170091,Great Lakes Christian College,Lansing,MI,2,197,www.glcc.edu/,https://glcc.edu/net-price-calculator.html,30311,19520,19520,12510,16854,14394,18309,21553,high,0.36,0.2941,12250,31053,,,,,,,,42.754249,-84.638714,FLY,2500
170240,Henry Ford College,Dearborn,MI,1,8643,https://www.hfcc.edu/,https://www.hfcc.edu/netprice,11784,3568,7816,46,507,1768,4891,8208,low,0.1723,0.1577,7300,34795,,,,,,,,42.324639,-83.236056,FLY,2500
170286,Hillsdale College,Hillsdale,MI,2,1573,https://www.hillsdale.edu/,https://www.hillsdale.edu/admissions-aid/financial-aid/tuition-and-costs/,,33189,33189,,,,,,,0.8971,,,,0.2072,680,750,640,740,30,33,41.933682,-84.633195,FLY,2500
170301,Hope College,Holland,MI,2,3288,https://hope.edu/,https://hope.edu/admissions/resources/net-price-calculator/index.html,55646,41970,41970,17606,16590,18206,25017,32754,critical,0.7995,0.7389,23250,58427,0.7924,550,670,550,670,25,31,42.787247,-86.100971,FLY,2500
170444,Jackson College,Jackson,MI,1,3422,www.jccmi.edu/,https://www.jccmi.edu/financial-aid/net-price-calculator/,18708,7350,10200,5227,6062,8539,13799,15563,medium,0.159,0.1311,8750,36898,,,,,,,,42.16483,-84.403942,FLY,2500
170532,Kalamazoo College,Kalamazoo,MI,2,1149,https://www.kzoo.edu/,https://admission.kzoo.edu/cost-value/net-price-calculator/,74208,61050,61050,12019,11804,15337,24412,28672,high,0.7598,0.7048,22810,65590,0.7532,590,700,580,680,20,29,42.290789,-85.601857,FLY,2500
170541,Kalamazoo Valley Community College,Kalamazoo,MI,1,4997,https://www.kvcc.edu/,https://www.kvcc.edu/netprice/npcalc.htm,11386,4144,9094,1290,1859,4119,6989,8353,low,,,5054,38618,,,,,,,,42.225948,-85.682144,FLY,2500
170550,Kellogg Community College,Battle Creek,MI,1,2971,www.kellogg.edu/,https://secure.kellogg.edu/financial/netprice.html,12420,4118,8282,1924,4010,5816,8303,11445,low,,,10258,38329,,,,,,,,42.335638,-85.177329,FLY,2500
170587,Kirtland Community College,Grayling,MI,1,1023,https://www.kirtland.edu/,https://www.kirtland.edu/static/net-price-calculator/,15990,5190,9870,7396,2981,4605,14448,14073,medium,,,7043,35831,,,,,,,,44.601785,-84.706254,FLY,2500
170620,Lake Michigan College,Benton Harbor,MI,1,2105,https://www.lakemichigancollege.edu/,https://www.lakemichigancollege.edu/NetPrice/npcalc.htm,15917,5445,7755,5580,5013,7602,9671,12465,medium,,,5104,34466,,,,,,,,42.097276,-86.393445,FLY,2500
170639,Lake Superior State University,Sault Ste Marie,MI,1,1325,www.lssu.edu/,lssu.clearcostcalculator.com/student/default/netpricecalculator/survey,27154,14890,14890,3516,9226,10422,14541,20321,medium,0.5098,0.411,14764,49045,,,,,,,,46.492849,-84.365573,FLY,2500
170657,Lansing Community College,Lansing,MI,1,8207,https://www.lcc.edu/,https://www.lcc.edu/admissions-financial-aid/tuition-and-costs/net-price-calculator.html,13013,4100,11300,4961,4202,6652,6583,11709,medium,,,5613,39206,,,,,,,,42.738435,-84.55157,FLY,2500
170675,Lawrence Technological University,Southfield,MI,2,1668,www.ltu.edu/,ltu.studentaidcalculator.com/survey.aspx,58166,44760,44760,25980,27036,28082,33632,37492,critical,0.6058,0.4259,20500,69151,0.559,,,,,,,42.474072,-83.25003,FLY,2500
170790,Macomb Community College,Warren,MI,1,13876,www.macomb.edu/,www.macomb.edu/admissions-aid/paying-for-college/net-price-calculator.html,11912,3660,8370,-353,-112,2521,8336,10658,low,,,3500,41596,,,,,,,,42.50599,-82.972377,FLY,2500
170806,Madonna University,Livonia,MI,2,1632,https://www.madonna.edu/,https://ww4.madonna.edu/NetPriceCalc_20/index.html,41038,28440,28440,14759,15277,16912,16593,22005,high,0.6,0.5147,19000,59058,0.6339,460,540,420,540,,,42.384323,-83.404722,FLY,2500
170967,Rochester Christian University,Rochester Hills,MI,2,792,rcu.edu/,https://rcu.edu/admissions/net-price-calculator/,41787,29196,29196,18463,17173,19771,20596,25821,critical,0.4412,0.5818,14750,48707,0.9765,,,,,,,42.667521,-83.144959,FLY,2500
170976,University of Michigan-Ann Arbor,Ann Arbor,MI,1,34177,https://umich.edu/,https://npc.collegeboard.org/app/umich,34654,17736,60946,1043,1878,4895,10869,26517,low,0.932,0.8914,17625,83648,0.1564,680,750,680,780,31,34,42.278374,-83.73481,FLY,2500
171100,Michigan State University,East Lansing,MI,1,40922,https://www.msu.edu/,https://msu.clearcostcalculator.com/student/default/netpricecalculator/survey,32198,16458,43842,7068,10830,16521,22703,28546,medium,0.8072,0.7085,19500,67253,0.848,590,680,590,680,25,31,42.73212,-84.476111,FLY,2500
171128,Michigan Technological University,Houghton,MI,1,5955,https://www.mtu.edu/,https://www.mtu.edu/admissions/financial/calculator/,34152,19123,42988,2045,3373,6187,12813,23107,low,0.6806,0.5451,20500,78198,0.9243,570,680,560,670,25,31,47.11866,-88.548092,FLY,2500
171137,University of Michigan-Dearborn,Dearborn,MI,1,5952,https://umdearborn.edu/,https://umdearborn.edu/students/financial-aid/calculators/net-price-calculator,24040,15640,32896,7211,6284,7997,13630,17529,medium,0.5798,0.5542,17000,59649,0.5561,500,625,490,630,24,28,42.317287,-83.231417,FLY,2500
171146,University of Michigan-Flint,Flint,MI,1,4411,www.umflint.edu/,www.umflint.edu/netpricecalculator.html,20915,14704,28320,1517,2386,3752,9167,12333,low,0.4031,0.3415,18494,53230,0.7046,500,633,470,610,19,24,43.01875,-83.690276,FLY,2500
171155,Mid Michigan College,Harrison,MI,1,2098,www.midmich.edu/,www.midmich.edu/student-resources/financial-aid/payment-options/net-price-calculator,17703,6132,10864,7338,5730,8664,11026,16238,medium,,,7810,37319,,,,,,,,43.969586,-84.763715,FLY,2500
171225,Monroe County Community College,Monroe,MI,1,1435,www.monroeccc.edu/,www.monroeccc.edu/financialaid/netprice/npcalc.htm,10465,4759,8267,2974,2530,4254,6763,9040,medium,,,6226,41646,,,,,,,,41.91617,-83.470274,FLY,2500
171234,Montcalm Community College,Sidney,MI,1,1122,www.montcalm.edu/,www.montcalm.edu/financial-aid,12702,4662,10362,7280,,,,,medium,,,9500,35499,,,,,,,,43.253191,-85.100181,FLY,2500
171304,Muskegon Community College,Muskegon,MI,1,2760,https://www.muskegoncc.edu/,https://www.muskegoncc.edu/about/consumer-information/,12178,7250,16010,3708,1441,5178,7725,9933,medium,,,5000,36549,,,,,,,,43.250329,-86.196384,FLY,2500
171395,North Central Michigan College,Petoskey,MI,1,942,www.ncmich.edu/,https://www.ncmich.edu/admissions/tuition-costs/north-central-cost-calculator.html,19219,5430,10590,9819,7469,11658,12736,15435,high,,,5500,36594,,,,,,,,45.361727,-84.954183,FLY,2500
171456,Northern Michigan University,Marquette,MI,1,6556,https://www.nmu.edu/,https://www.nmu.edu/financialaid/costcalculator,27841,14277,19773,7697,7185,11051,16324,22268,high,0.5214,0.4302,13750,47107,0.8402,,,,,,,46.559751,-87.406568,FLY,2500
171483,Northwestern Michigan College,Traverse City,MI,1,2813,https://www.nmc.edu/,https://www.nmc.edu/financial-aid/net-price-calculator/index.html,13753,5860,13476,5237,3168,7568,8909,11630,medium,0.2484,0.2074,8191,38167,,,,,,,,44.765436,-85.585517,FLY,2500
171492,Northwood University,Midland,MI,2,1974,www.northwood.edu/,www.northwood.edu/webapps/finaid/coa/,48780,34400,34400,25700,25913,25906,26016,28224,critical,0.6332,0.527,18750,63075,0.6451,,,,,,,43.628717,-84.27682,FLY,2500
171535,Oakland Community College,Auburn Hills,MI,1,12748,https://www.oaklandcc.edu/,https://www.oaklandcc.edu/NetPriceCalculator/,12353,3020,5560,3590,4325,7232,10132,12314,medium,,,4592,37395,,,,,,,,42.646226,-83.224283,FLY,2500
171571,Oakland University,Rochester Hills,MI,1,12351,www.oakland.edu/,www.oakland.edu/npc,25182,15262,23188,4422,4560,6711,11874,19217,medium,0.5756,0.4578,16787,58612,0.8784,540,640,490,590,,,42.674573,-83.216418,FLY,2500
171599,The University of Olivet,Olivet,MI,2,892,https://www.uolivet.edu/,https://apply.uolivet.edu/register/netpricecalculator,47069,34068,34068,19656,20442,20564,21730,24068,critical,0.3527,0.2529,13000,47907,0.8325,,,,,,,42.442891,-84.923891,FLY,2500
171881,Kuyper College,Grand Rapids,MI,2,145,https://www.kuyper.edu/,https://www.kuyper.edu/globalassets/images/tuition--aid/index.html,38366,27660,27660,14024,10765,13865,24243,21321,high,0.5,0.5,16304,41066,0.691,,,,,,,43.02195,-85.592657,FLY,2500
172033,Sacred Heart Major Seminary,Detroit,MI,2,178,www.shms.edu/,https://www.shms.edu/calc,41915,24120,24120,11916,,,,,high,0.6667,0,7500,49295,1,,,,,,,42.375248,-83.111682,FLY,2500
172051,Saginaw Valley State University,University Center,MI,1,5989,www.svsu.edu/,https://webtech.svsu.edu/netpricecalculator/,24936,12930,30450,9844,19711,20053,18879,24103,high,0.4825,0.3838,17500,51955,0.7207,480,600,440,570,18,26,43.51176,-83.964273,FLY,2500
172200,Schoolcraft Community College District,Livonia,MI,1,7511,https://www.schoolcraft.edu/,https://www.schoolcraft.edu/netpricecalculator,12048,4736,8142,1083,991,3900,5100,,low,0.1836,0.1524,5531,42722,,,,,,,,42.419279,-83.430958,FLY,2500
172264,Siena Heights University,Adrian,MI,2,1495,https://www.sienaheights.edu/,https://www.sienaheights.edu/financial-aid/,44449,30778,30778,15624,15145,17260,18284,17857,critical,0.3862,0.368,15625,57529,0.689,413,528,393,545,16,23,41.905624,-84.018841,FLY,2500
172291,St Clair County Community College,Port Huron,MI,1,2138,www.sc4.edu/,www.sc4.edu/Assets/NetPrice/,14391,5212,12150,3849,4253,6474,8549,10800,medium,,,7500,40177,,,,,,,,42.979494,-82.428717,FLY,2500
172307,Southwestern Michigan College,Dowagiac,MI,1,1431,www.swmich.edu/,www.swmich.edu/cost-aid/cost/,15589,6417,8394,5134,4151,7414,10514,11413,medium,,,5500,37303,,,,,,,,41.965095,-86.082715,FLY,2500
172334,Spring Arbor University,Spring Arbor,MI,2,1010,https://springarbor.edu/,https://springarbor.edu/admissions-and-aid/financial-aid/net-price-calculator.php,44703,34014,34014,14530,15697,16197,19358,21370,high,0.6354,0.5172,24724,51732,0.5152,540,630,470,610,,,42.206568,-84.556074,FLY,2500
172608,Walsh College,Troy,MI,2,445,https://walshcollege.edu/,https://walshcollege.edu/cost-of-attendance/,,,,,,,,,,,,12500,72081,,,,,,,,42.573888,-83.147197,FLY,2500
172617,Washtenaw Community College,Ann Arbor,MI,1,7816,www.wccnet.edu/,www.wccnet.edu/afford/cost/net-price-calculator.html,11826,2736,6504,1940,1944,4979,6404,11030,low,,,7855,39449,,,,,,,,42.26361,-83.66559,FLY,2500
172635,Wayne County Community College District,Detroit,MI,1,7423,https://www.wcccd.edu/,https://www.wcccd.edu/financial-aid/net-price-calculator,15401,3112,4067,7641,7139,8058,10306,14026,high,,,7421,29079,,,,,,,,42.327299,-83.054497,FLY,2500
172644,Wayne State University,Detroit,MI,1,15587,https://wayne.edu/,https://irda.wayne.edu/net-price-calculator/index.html,27350,15190,32037,11090,10721,12068,14828,19862,high,0.5844,0.5223,16597,53493,0.8116,540,640,520,630,23,29,42.358994,-83.068998,FLY,2500
172671,West Shore Community College,Scottville,MI,1,782,https://www.westshore.edu/,https://www.westshore.edu/static/index.html,10637,4470,8820,-42,822,2665,5433,,low,,,6000,36115,,,,,,,,44.008512,-86.336122,FLY,2500
172699,Western Michigan University,Kalamazoo,MI,1,12568,https://wmich.edu/,https://wmich.edu/registrar/calculator,29237,15252,19034,5263,5734,13833,18307,23625,medium,0.5757,0.471,20115,53562,0.846,,,,,,,42.282194,-85.613759,FLY,2500
172918,Alexandria Technical & Community College,Alexandria,MN,1,1533,www.alextech.edu/,www.minnstate.edu/admissions/calculator/alexandria.html,18698,6236,6236,8358,10633,11673,15190,17526,high,,,8251,49393,,,,,,,,45.873107,-95.372369,FLY,2500
172954,Anoka Technical College,Anoka,MN,1,1684,www.anokatech.edu/,www.anokatech.edu/tuition-fees/budget-estimate-cost/,22247,6267,6267,13923,15280,16842,20762,20884,high,,,9250,47746,,,,,,,,45.216709,-93.416087,FLY,2500
172963,Anoka-Ramsey Community College,Coon Rapids,MN,1,4201,www.anokaramsey.edu/,www.anokaramsey.edu/cost-aid/net-price-calculator/,21068,5682,5682,13788,14347,16181,18527,20510,high,,,8750,48342,,,,,,,,45.172978,-93.351697,FLY,2500
173045,Augsburg University,Minneapolis,MN,2,2494,www.augsburg.edu/,https://admissions.augsburg.edu/register/NPC,62303,45452,45452,21318,23180,21524,23223,32123,critical,0.5167,0.4696,19500,58829,0.8198,,,,,,,44.966307,-93.240436,FLY,2500
173063,Riverland Community College,Austin,MN,1,2003,https://www.riverland.edu/,https://www.minnstate.edu/admissions/calculator/riverland.html,14442,6298,6298,6612,6402,7274,8827,12676,medium,,,9500,45247,,,,,,,,43.676271,-92.995626,FLY,2500
173115,Northwest Technical College,Bemidji,MN,1,751,https://www.ntcmn.edu/,https://www.minnstate.edu/admissions/calculator/northwest.html,16905,6254,6254,6638,7948,10641,13654,16137,medium,,,9500,42930,,,,,,,,47.452652,-94.853974,FLY,2500
173124,Bemidji State University,Bemidji,MN,1,3139,https://www.bemidjistate.edu/,https://www.bemidjistate.edu/mybsu/finances/net-price-calculator/,22744,10237,10237,10073,10207,12201,15857,19940,high,0.4787,0.3812,13809,53755,0.5598,,,,,18,24,47.482341,-94.874119,FLY,2500
173142,Bethany Lutheran College,Mankato,MN,2,669,https://www.blc.edu/,https://www.blc.edu/net-price-calculator,41013,31360,31360,12571,16564,17233,20099,24961,high,0.5486,0.5172,15935,46110,0.3897,550,580,490,600,21,26,44.166649,-93.990805,FLY,2500
173160,Bethel University,Saint Paul,MN,2,1871,https://www.bethel.edu/,https://www.bethel.edu/undergrad/financial-aid/estimate/,58569,44226,44226,22218,22279,20071,24963,33155,critical,0.7138,0.5652,18272,63764,0.878,610,650,580,650,22,28,45.057655,-93.161663,FLY,2500
173203,Central Lakes College-Brainerd,Brainerd,MN,1,1614,www.clcmn.edu/,www.minnstate.edu/admissions/calculator/centrallakes.html,19543,6249,6249,12264,10454,12970,15489,18686,high,,,8439,42162,,,,,,,,46.345969,-94.216495,FLY,2500
173258,Carleton College,Northfield,MN,2,2086,https://www.carleton.edu/,https://www.carleton.edu/admissions/apply/afford/aid-estimators/npc/,84893,68892,68892,7881,8203,9680,18485,44082,high,0.896,0.8806,15960,75525,0.2041,720,770,730,790,32,34,44.462318,-93.154666,FLY,2500
173300,Concordia College at Moorhead,Moorhead,MN,2,1829,https://www.concordiacollege.edu/,https://www.concordiacollege.edu/tuition-aid/net-price-calculator/,45942,31170,31170,20950,18889,20115,23045,28435,critical,0.6107,0.5,20895,59317,0.6265,,,,,21,26,46.862482,-96.76749,FLY,2500
173328,Concordia University-Saint Paul,Saint Paul,MN,2,3018,https://www.csp.edu/,https://www.csp.edu/tuition-and-financial-aid/net-price-calculator/,37239,25600,25600,16406,16794,16826,19135,23295,critical,0.459,0.3333,12166,59871,0.7887,,,,,,,44.949759,-93.154861,FLY,2500
173416,Dakota County Technical College,Rosemount,MN,1,2168,www.dctc.edu/,https://www.minnstate.edu/admissions/pay-for-college/,18552,6679,6679,9549,9835,12371,14517,18089,high,,,8250,51938,,,,,,,,44.737255,-93.07805,FLY,2500
173452,Martin Luther College,New Ulm,MN,2,725,www.mlc-wels.edu/,https://www.mlc-wels.edu/static/netpricecalc/npcalc.htm,29250,18120,18120,11233,11749,12811,18241,22952,high,0.715,0.6389,16606,47491,0.8717,,,,,21,28,44.30526,-94.472326,FLY,2500
173461,Lake Superior College,Duluth,MN,1,2471,www.lsc.edu/,www.minnstate.edu/admissions/calculator/lakesuperior.html,19723,5785,5785,12326,12640,14792,17372,19519,high,,,8820,46449,,,,,,,,46.78455,-92.145151,FLY,2500
173559,Minnesota State Community and Technical College,Fergus Falls,MN,1,2942,www.minnesota.edu/,www.minnesota.edu/net-price-calculator,17194,5908,5908,9111,9741,11208,14279,16081,high,,,9360,45591,,,,,,,,46.289194,-96.097321,FLY,2500
173638,Minnesota West Community and Technical College,Granite Falls,MN,1,1762,www.mnwest.edu/,www.minnstate.edu/admissions/calculator/minnesotawest.html,17408,6491,6491,8950,9317,10083,13563,16499,high,,,9500,45285,,,,,,,,44.80755,-95.56172,FLY,2500
173647,Gustavus Adolphus College,Saint Peter,MN,2,1878,https://gustavus.edu/,https://gustavus.edu/admission/financial-aid/calculator.php,67613,56076,56076,12015,10783,13875,19015,29674,high,0.7665,0.729,23250,65607,0.6099,,,,,24,30,44.323626,-93.972196,FLY,2500
173665,Hamline University,Saint Paul,MN,2,1776,https://www.hamline.edu/,https://www.hamline.edu/admission-aid/financial-aid/tuition-fees/net-price-calculator,58110,50004,50004,15371,18001,16767,21015,27196,critical,0.6045,0.5484,15750,61106,0.8763,568,728,565,663,19,28,44.966246,-93.164479,FLY,2500
173708,Hennepin Technical College,Brooklyn Park,MN,1,3157,www.hennepintech.edu/,www.minnstate.edu/admissions/calculator/hennepin.html,16032,5940,5940,7924,8495,9629,12069,15484,high,,,9500,49460,,,,,,,,45.096534,-93.397759,FLY,2500
173735,Minnesota North College,Hibbing,MN,1,2013,https://minnesotanorth.edu/,https://minnesotanorth.edu/student-services/businessoffice/tuition-and-fees/,16346,6022,6022,6879,7579,9765,13086,16065,medium,,,8694,45570,,,,,,,,47.422361,-92.921698,FLY,2500
173799,Inver Hills Community College,Inver Grove Heights,MN,1,2193,https://www.inverhills.edu/,www.inverhills.edu/financialaid/costofattendance.aspx,17103,6146,6146,9373,10062,11168,13787,16272,high,,,9315,49898,,,,,,,,44.828599,-93.055255,FLY,2500
173902,Macalester College,Saint Paul,MN,2,2131,www.macalester.edu/,www.macalester.edu/financialaid/estimate/,82991,68104,68104,13772,11982,11098,20527,44880,high,0.871,0.8772,19500,63878,0.2852,680,750,670,760,30,34,44.938565,-93.168053,FLY,2500
173911,South Central College,North Mankato,MN,1,1946,southcentral.edu/,https://southcentral.edu/financial-aid/net-price-calculator.html,15401,6146,6146,6470,8439,9368,10947,15132,medium,,,8250,45068,,,,,,,,44.174319,-94.047428,FLY,2500
173920,Minnesota State University-Mankato,Mankato,MN,1,11703,https://mnsu.edu/,mnsu.edu/paying-for-college/net-price-calculator/,23995,9572,18942,12339,12750,15137,18921,22798,high,0.5395,0.4681,14000,56922,0.8844,,,,,21,25,44.146712,-93.99945,FLY,2500
173957,Mayo Clinic College of Medicine and Science,Rochester,MN,2,309,https://college.mayo.edu/,,,3257,3257,,,,,,,,,9066,79652,0.3901,,,,,,,44.02215,-92.466428,FLY,2500
174020,Metropolitan State University,Saint Paul,MN,1,5616,www.metrostate.edu/,www.minnstate.edu/admissions/calculator/metrostate.html,25172,9840,9840,15238,16656,16659,18994,21905,critical,0.4357,0.4057,12900,64705,0.9871,,,,,16,21,44.957256,-93.074361,FLY,2500
174066,University of Minnesota-Twin Cities,Minneapolis,MN,1,31855,https://twin-cities.umn.edu/,https://admissions.tc.umn.edu/cost-aid/cost-aid-scholarships/net-price-calculator,30061,17214,38362,6642,7283,9931,16415,27008,medium,0.8528,0.7668,16727,69020,0.7975,640,730,660,770,26,31,44.972851,-93.235464,FLY,2500
174075,University of Minnesota-Crookston,Crookston,MN,1,1729,https://crk.umn.edu/,https://www.shoppingsheet.com/shopping/landing/umn-crookston,26068,13288,13288,5758,6368,7587,13542,19289,medium,0.4976,0.5065,12500,58056,0.8786,,,,,,,47.802536,-96.606188,FLY,2500
174127,Minneapolis College of Art and Design,Minneapolis,MN,2,705,https://mcad.edu/,https://mcad.edu/net-tuition-calculator-first-year-students,59972,45484,45484,23662,23905,26550,33038,34345,critical,0.5116,0.403,19225,40873,0.4848,600,710,530,630,21,29,44.956988,-93.274705,FLY,2500
174136,Minneapolis Community and Technical College,Minneapolis,MN,1,5268,www.minneapolis.edu/,www.minnstate.edu/admissions/calculator/minneapolis.html,19683,6161,6161,13019,12987,13617,17005,19137,high,,,10500,40086,,,,,,,,44.972679,-93.284507,FLY,2500
174154,Herzing University-Minneapolis,St. Louis Park,MN,2,740,https://www.herzing.edu/,https://www.herzing.edu/tuition-financial-aid/net-price-calculator,26163,13450,13450,15304,15821,15433,22492,24347,critical,0.4667,0.2857,11756,36909,0.9375,,,,,,,44.975225,-93.404863,FLY,2500
174233,University of Minnesota-Duluth,Duluth,MN,1,7336,https://d.umn.edu/,https://admissions.d.umn.edu/costs-aid/npc,27680,14610,20130,7256,8145,11965,17056,24453,medium,0.6472,0.5593,16000,62616,0.8875,590,675,590,675,23,28,46.817126,-92.084385,FLY,2500
174251,University of Minnesota-Morris,Morris,MN,1,936,https://morris.umn.edu/,https://morris.umn.edu/costs-aid/net-price-calculator,27039,14526,16710,1694,4126,3213,9445,16262,low,0.625,0.6063,12377,50919,0.7493,,,,,20,26,45.589775,-95.899729,FLY,2500
174358,Minnesota State University Moorhead,Moorhead,MN,1,3072,https://www.mnstate.edu/,https://www.mnstate.edu/cost-aid/net-price-calculator/,25197,10428,10428,11129,11547,13907,18644,22420,high,0.5732,0.4956,15000,50527,0.5876,,,,,18,25,46.867153,-96.759532,FLY,2500
174376,North Hennepin Community College,Brooklyn Park,MN,1,3451,https://www.nhcc.edu/,https://www.nhcc.edu/about-nhcc/administration/college-policies-procedures-disclosures/disclosures/net-price-calculator,17470,5061,5061,10326,10652,11723,14193,17115,high,,,9000,51142,,,,,,,,45.106937,-93.374536,FLY,2500
174428,Normandale Community College,Bloomington,MN,1,7044,www.normandale.edu/,www.minnstate.edu/admissions/calculator/normandale.html,18694,6329,6329,11011,11745,12815,15643,18510,high,,,8000,50207,,,,,,,,44.829706,-93.331673,FLY,2500
174437,North Central University,Minneapolis,MN,2,709,www.northcentral.edu/,www.northcentral.edu/financial-aid/net-price-calculator,44475,32220,32220,20450,22393,23892,28167,30213,critical,0.6634,0.6301,16750,45064,0.9898,,,,,,,44.968625,-93.261511,FLY,2500
174473,Northland Community and Technical College,Thief River Falls,MN,1,1554,www.northlandcollege.edu/,www.minnstate.edu/admissions/calculator/northland.html,19638,6289,6289,11348,10526,13206,15823,18536,high,,,9500,44425,,,,,,,,48.124969,-96.162366,FLY,2500
174491,University of Northwestern-St Paul,Saint Paul,MN,2,1442,https://www.unwsp.edu/,https://unwsp.edu/admissions/financial-aid/unw-net-price-calculator/,51325,37920,37920,26696,23884,21689,25267,31348,critical,0.6813,0.632,17750,50755,0.9347,430,608,438,663,20,28,45.033703,-93.167822,FLY,2500
174507,Northwestern Health Sciences University,Bloomington,MN,2,271,www.nwhealth.edu/,https://nwhealth.studentaidcalculator.com/survey.aspx,39863,12015,12015,,35887,,,,,0,0,8250,48666,,,,,,,,44.850963,-93.311222,FLY,2500
174570,Pine Technical & Community College,Pine City,MN,1,574,www.pine.edu/,www.minnstate.edu/admissions/calculator/pine.html,18479,4738,4738,11875,11089,11682,13489,18041,high,,,9933,41232,,,,,,,,45.818667,-92.968283,FLY,2500
174738,Rochester Community and Technical College,Rochester,MN,1,3365,www.rctc.edu/,www.minnstate.edu/admissions/calculator/rochester.html,19639,6389,6389,11588,12481,13452,16494,19122,high,,,9250,45287,,,,,,,,44.014488,-92.42321,FLY,2500
174747,College of Saint Benedict,Saint Joseph,MN,2,1370,https://csbsju.edu/,https://csbsju.edu/admission/cost-aid-scholarships/net-price-calculators/csb-net-price-calculator,68453,55756,55756,12981,14791,20378,24039,33660,high,0.7712,0.6857,23250,63260,0.9152,565,643,483,590,20,27,45.561792,-94.319888,FLY,2500
174756,St Cloud Technical and Community College,Saint Cloud,MN,1,3113,https://www.sctcc.edu/,https://www.sctcc.edu/calculator,14325,6124,6124,6889,6654,8908,11666,13804,medium,,,8265,46874,,,,,,,,45.579065,-94.175841,FLY,2500
174783,Saint Cloud State University,Saint Cloud,MN,1,5088,https://www.stcloudstate.edu/,https://www.stcloudstate.edu/scsu4u/financing/netpricecalculator.aspx,21116,10245,10245,8909,9871,12034,14781,18989,high,0.4032,0.3267,14362,55813,0.948,510,615,515,645,17,25,45.553227,-94.152657,FLY,2500
174792,Saint Johns University,Collegeville,MN,2,1395,https://csbsju.edu/,https://csbsju.edu/admission/cost-aid-scholarships/net-price-calculators/sju-net-price-calculator,68521,55816,55816,10354,9715,16196,22913,32822,high,0.7538,0.6484,23250,76786,0.9062,503,635,438,593,21,27,45.580075,-94.393621,FLY,2500
174817,Saint Mary's University of Minnesota,Winona,MN,2,1073,www.smumn.edu/,www.smumn.edu/admission/undergraduate/financial-aid-saint-marys-university-of-minnesota/net-price-calculator/,57380,45080,45080,16182,15175,15030,14771,6135,critical,0.6601,0.5859,16099,58170,0.9278,,,,,,,44.044736,-91.695449,FLY,2500
174844,St Olaf College,Northfield,MN,2,3093,wp.stolaf.edu/,https://wp.stolaf.edu/financialaid/net-price-calculator/,71843,59760,59760,10404,11342,12584,20367,33166,high,0.84,0.7805,23250,65543,0.4832,660,740,640,730,28,32,44.461529,-93.182039,FLY,2500
174862,Crown College,Saint Bonifacius,MN,2,796,www.crown.edu/,https://www.crown.edu/cost-aid/net-price-calculator,46598,31410,31410,24270,21318,22499,27777,30874,critical,0.4539,0.5079,15225,48057,0.2278,,,,,,,44.885393,-93.743019,FLY,2500
174899,The College of Saint Scholastica,Duluth,MN,2,1765,www.css.edu/,www.css.edu/admissions-and-aid/financial-aid/forms-and-resources/net-price-calculator/,55103,41778,41778,14433,20420,23562,26047,36051,high,0.7053,0.5827,17125,65934,0.9296,,,,,19,25,46.816082,-92.106134,FLY,2500
174914,University of St Thomas,Saint Paul,MN,2,6245,https://www.stthomas.edu/,https://www.stthomas.edu/financialaid/undergraduate/resources/netpricecalculator/,66116,54398,54398,28131,26820,24357,25363,33232,critical,0.7638,0.7096,19500,73739,0.8536,640,713,620,710,25,30,44.943439,-93.188986,FLY,2500
175005,St Catherine University,Saint Paul,MN,2,2473,https://www.stkate.edu/,https://www.stkate.edu/admission-and-aid/net-price-calculator,60476,51454,51454,17890,15190,15451,19376,27021,critical,0.6125,0.5608,19716,59282,0.9185,480,560,370,580,20,26,44.924926,-93.183761,FLY,2500
175041,Saint Paul College,Saint Paul,MN,1,3813,https://www.saintpaul.edu/,https://www.minnstate.edu/admissions/calculator/saintpaul.html,18261,6326,6326,10177,10632,12318,13354,17428,high,,,9000,38399,,,,,,,,44.949186,-93.109646,FLY,2500
175078,Southwest Minnesota State University,Marshall,MN,1,2315,www.smsu.edu/,www.minnstate.edu/admissions/calculator/southwestmsu.html?_ga=2.135537657.998509588.1537211262-179850922.1537211262,24757,10361,10361,10559,11175,13153,18283,20701,high,0.451,0.3521,14250,51342,0.6218,,,,,16,23,44.45373,-95.759548,FLY,2500
175227,Dunwoody College of Technology,Minneapolis,MN,2,1533,www.dunwoody.edu/,https://www.dunwoody.edu/admission-aid/tuition-aid/net-price-calculator/,36587,27836,27836,22072,22324,24219,27706,33568,critical,0.6606,0.617,12000,61511,0.9887,,,,,18,26,44.97281,-93.290608,FLY,2500
175236,Ridgewater College,Willmar,MN,1,2162,www.ridgewater.edu/,www.minnstate.edu/admissions/calculator/ridgewater.html,15694,6121,6121,7963,6891,9176,13111,15103,high,,,9196,43827,,,,,,,,45.138313,-95.07305,FLY,2500
175263,Minnesota State College Southeast,Winona,MN,1,1388,www.southeastmn.edu/,www.minnstate.edu/admissions/calculator/msc-setech.html?_ga=2.154483387.2070032606.1506604427-431345235.1399052782,21397,6432,6432,15072,14387,16036,18659,20908,critical,,,9500,43613,,,,,,,,44.024554,-91.618318,FLY,2500
175272,Winona State University,Winona,MN,1,5144,www.winona.edu/,https://www.minnstate.edu/admissions/calculator/winona.html,23683,10576,17308,10224,11792,13814,17871,21307,high,0.5694,0.5046,15000,58532,0.7549,,,,,,,44.046159,-91.643723,FLY,2500
175315,Century College,White Bear Lake,MN,1,6280,https://www.century.edu/,https://www.century.edu/cost-financial-aid/tuition-rates-fees/net-price-calculator,15983,6214,6214,9717,9003,10767,12512,15710,high,,,9500,46424,,,,,,,,45.041823,-92.982105,FLY,2500
175342,Alcorn State University,Alcorn State,MS,1,2363,www.alcorn.edu/,nces.ed.gov/collegenavigator/?q=alcorn+state+university&s=all&id=175342,23751,8785,8785,12613,12344,16296,18244,17620,high,0.5736,0.5131,17021,36421,0.4533,400,513,270,485,15,19,31.877216,-91.142854,FLY,2500
175421,Belhaven University,Jackson,MS,2,1471,https://www.belhaven.edu/,www.belhaven.edu/admission/financial-aid/net-price-calculator.html,39793,30250,30250,10551,12820,16967,19476,20928,high,0.4854,0.5926,18549,46440,0.4975,490,668,520,630,19,24,32.318415,-90.169228,FLY,2500
175430,Blue Mountain Christian University,Blue Mountain,MS,2,498,www.bmc.edu/,https://bmc.edu/NPCLC,33197,20180,20180,23112,23791,24721,26722,,critical,0.5476,0.5741,13750,40421,0.8895,,,,,19,24,34.67209,-89.02924,FLY,2500
175519,Coahoma Community College,Clarksdale,MS,1,1144,www.coahomacc.edu/,www.coahomacc.edu/financialaid/netprice/index.html,9444,3490,3490,-145,-1171,734,674,,low,,,,24289,,,,,,,,34.254417,-90.568469,FLY,2500
175573,Copiah-Lincoln Community College,Wesson,MS,1,1922,https://www.colin.edu/,https://app.meadowfi.com/colin,12490,4000,5000,3165,3289,5624,8123,11501,medium,,,5500,31241,,,,,,,,31.69272,-90.400234,FLY,2500
175616,Delta State University,Cleveland,MS,1,1620,https://www.deltastate.edu/,www.deltastate.edu/financial-aid/net-price-calculator/,22445,8605,8605,12223,10615,10625,17170,16950,high,0.4806,0.4198,15000,41991,1,475,590,450,620,17,23,33.744745,-90.735365,FLY,2500
175643,East Central Community College,Decatur,MS,1,1520,https://www.eccc.edu/,my.eccc.edu/ics/clientconfig/netprice/npcalc.htm,13255,4160,6260,4575,4371,6427,9900,12412,medium,,,4481,32421,,,,,,,,32.441164,-89.113706,FLY,2500
175652,East Mississippi Community College,Scooba,MS,1,2838,www.eastms.edu/,www.eastms.edu/admissions/financial-aid/tuition-calculator.html,11353,4095,7445,4273,4347,5190,8057,,medium,,,5790,33772,,,,,,,,32.830246,-88.483516,FLY,2500
175786,Hinds Community College,Raymond,MS,1,6397,www.hindscc.edu/,https://tcc.ruffalonl.com/hinds community college/net_price_calculator,11036,4250,7300,3233,3994,6847,9252,10100,medium,,,5951,30774,,,,,,,,32.256109,-90.416118,FLY,2500
175810,Holmes Community College,Goodman,MS,1,3958,holmescc.edu/,https://holmescc.studentaidcalculator.com/survey.aspx,12875,3710,6610,5618,5679,8403,,8030,medium,,,5500,32922,,,,,,,,32.969985,-89.915803,FLY,2500
175829,Itawamba Community College,Fulton,MS,1,4167,www.iccms.edu/,https://app.meadowfi.com/icc,12079,3420,5820,3623,4094,6144,7914,10055,medium,,,5500,32912,,,,,,,,34.276519,-88.412073,FLY,2500
175856,Jackson State University,Jackson,MS,1,4600,https://www.jsums.edu/,https://studentaid.gov/aid-estimator/,32415,8965,11965,22869,22516,26236,26388,27576,critical,0.5091,0.4725,24751,39060,0.9315,430,550,390,520,15,20,32.296105,-90.207405,FLY,2500
175883,Jones County Junior College,Ellisville,MS,1,3535,www.jcjc.edu/,https://www.jcjc.edu/tuition/docs/fee sheet_05_13_2025.pdf,13670,4806,6806,5645,5537,6855,9991,10931,medium,,,5500,33377,,,,,,,,31.596936,-89.200895,FLY,2500
175935,Meridian Community College,Meridian,MS,1,2156,www.meridiancc.edu/,meridiancc.edu/become_an_eagle/financial_aid/net_price_calculator/index.html,14334,4078,6478,6351,,,,,medium,,,4500,31002,,,,,,,,32.367355,-88.732823,FLY,2500
175980,Millsaps College,Jackson,MS,2,549,www.millsaps.edu/,www.millsaps.edu/admissions/cost-value/,60061,44680,44680,24215,23719,23062,27049,30945,critical,0.5714,0.3562,19500,53848,0.4312,495,575,530,575,21,28,32.322746,-90.179957,FLY,2500
176008,Mississippi Delta Community College,Moorhead,MS,1,1413,https://www.msdelta.edu/,https://www.msdelta.edu/paying-for-college/financial-aid/npc/index.html,11379,3540,3540,3507,3796,5113,5808,,medium,,,,28421,,,,,,,,33.444906,-90.502053,FLY,2500
176017,University of Mississippi,University,MS,1,21473,www.olemiss.edu/,https://finaid.olemiss.edu/calculator/,28660,9772,28600,8945,9217,14794,18573,21313,high,0.7174,0.604,15250,50994,0.9658,510,610,490,590,21,29,34.365529,-89.537434,FLY,2500
176035,Mississippi University for Women,Columbus,MS,1,1605,https://www.muw.edu/,https://app.meadowfi.com/the_w,22225,8492,8492,10676,10434,13037,17060,19285,high,0.4677,0.4138,13000,46128,0.9031,,,,,17,24,33.493305,-88.418601,FLY,2500
176044,Mississippi Valley State University,Itta Bena,MS,1,1439,www.mvsu.edu/,www.collegeraptor.com/Shopping/School/Mississippi-Valley-State-University-MS-176044,21154,7692,7692,9073,9076,9627,12440,17479,high,0.2676,0.2435,19203,31919,0.9238,,,,,13,17,33.514142,-90.341274,FLY,2500
176053,Mississippi Christian University,Clinton,MS,2,2518,www.mc.edu/,www.mc.edu/admissions/undergraduate/tuition/npc,41214,23500,23500,25984,25743,27601,29083,29757,critical,0.5934,0.4516,17759,47485,0.2911,,,,,19,25,32.335515,-90.329821,FLY,2500
176071,Mississippi Gulf Coast Community College,Perkinston,MS,1,6353,https://www.mgccc.edu/,https://mgccc.edu/enroll/financial-aid/net-price-calculator/,12978,4250,7850,5778,6195,8771,11280,12657,medium,,,6625,33017,,,,,,,,30.780784,-89.142952,FLY,2500
176080,Mississippi State University,Mississippi State,MS,1,18397,https://www.msstate.edu/,https://www.sfa.msstate.edu/net-price-calculator,29267,10202,27637,14332,14372,18671,20704,22987,high,0.6667,0.4982,16324,51513,0.7764,560,670,540,680,21,29,33.454852,-88.790139,FLY,2500
176169,Northeast Mississippi Community College,Booneville,MS,1,2698,https://www.nemcc.edu/,www.nemcc.edu/about/student-consumer-info/netprice/index.html,15873,4470,7710,6771,6265,8913,11490,11542,medium,,,5500,34081,,,,,,,,34.668339,-88.562609,FLY,2500
176178,Northwest Mississippi Community College,Senatobia,MS,1,5452,www.northwestms.edu/,northwestmsedu.finalsite.com/uploaded/Financial_Aid/npc/pzai5hcpj8dep58r9x4v.html,13857,3740,3740,6370,6913,9381,12105,13820,medium,,,5500,36396,,,,,,,,34.625532,-89.969525,FLY,2500
176239,Pearl River Community College,Poplarville,MS,1,4903,https://www.prcc.edu/,https://prcc.edu/net-price-calculator/,14832,3700,6100,5647,5978,5363,6217,8460,medium,,,6250,33019,,,,,,,,30.844322,-89.543052,FLY,2500
176318,Rust College,Holly Springs,MS,2,467,www.rustcollege.edu/,www.rustcollege.edu/wp-content/uploads/2024/09/Net-Price-Calculator.html,23107,13265,13265,12546,9481,13878,8797,18356,high,0.1179,0.1038,13777,32275,0.4867,,,,,,,34.776862,-89.446999,FLY,2500
176354,Southwest Mississippi Community College,Summit,MS,1,1474,https://www.smcc.edu/,https://www.smcc.edu/financial-aid/,11644,4080,6780,2171,2136,4511,4410,,low,,,,33227,,,,,,,,31.295121,-90.443295,FLY,2500
176372,University of Southern Mississippi,Hattiesburg,MS,1,10075,https://www.usm.edu/,https://www.usm.edu/financial-aid/net-price-calculator.php,26566,9998,11998,19867,20432,22756,25812,26542,critical,0.4906,0.396,14250,44140,0.9912,,,,,20,29,31.32661,-89.331236,FLY,2500
176406,Tougaloo College,Tougaloo,MS,2,639,www.tougaloo.edu/,www.tougaloo.edu/admissions/office-student-financial-aid/net-price-calculator,24239,12407,12407,17294,17523,17744,14396,16266,critical,0.3311,0.3077,23098,34724,0.5985,,,,,,,32.403014,-90.16076,FLY,2500
176479,William Carey University,Hattiesburg,MS,2,2201,https://www.wmcarey.edu/,https://wmcarey.clearcostcalculator.com/student/default/netpricecalculator/survey,29651,15480,15480,12224,12411,15320,18436,19701,high,0.5978,0.6711,15796,43087,0.6029,540,690,500,600,19,25,31.305264,-89.291815,FLY,2500
176628,Avila University,Kansas City,MO,2,1312,https://www.avila.edu/,https://www.avila.edu/npclightbackground.html,50096,42000,42000,15694,14939,14682,17852,19775,critical,0.5238,0.5256,19230,52773,0.878,430,500,370,460,16,21,38.91339,-94.591758,FLY,2500
176664,Mission University,Springfield,MO,2,381,www.mission.edu/,https://mission.edu/resources/financial-aid/,28448,16950,16950,22017,15383,18064,26307,23029,critical,0.4444,0.5,16000,38641,,,,,,,,37.239696,-93.284286,FLY,2500
176770,Cox College,Springfield,MO,2,540,https://coxcollege.edu/,https://coxcollege.edu/admissions/financial-aid/net-price-calculator/,,14822,14822,,,,,,,1,,18000,56867,1,,,,,,,37.225116,-93.290233,FLY,2500
176789,Calvary University,Kansas City,MO,2,154,www.calvary.edu/,www.calvary.edu/net-cost-calculator/,23938,14094,14094,16764,15734,21115,16666,13749,critical,0.5217,0.4583,12500,45421,0.7174,500,610,480,530,17,24,38.839578,-94.547927,FLY,2500
176910,Central Christian College of the Bible,Moberly,MO,2,154,https://www.cccb.edu/,https://cccb.edu/admissions-aid/costs/net-price-calculator,24748,12200,12200,10548,14075,,16360,16886,high,0.2195,0.2,10125,34675,,,,,,,,39.395963,-92.427259,FLY,2500
176947,Central Methodist University-College of Liberal Arts and Sciences,Fayette,MO,2,1040,www.centralmethodist.edu/,www.centralmethodist.edu/admissions/financial-aid/calculator/npcalc.htm,43635,28260,28260,20260,18894,20680,23883,27411,critical,0.5123,0.4333,13292,48991,0.5687,440,490,520,555,17,23,39.150497,-92.685253,FLY,2500
176965,University of Central Missouri,Warrensburg,MO,1,5648,https://www.ucmo.edu/,https://www.ucmo.edu/future-students/tuition-and-costs/cost-calculators/,22947,10050,18600,10965,12254,13408,16931,18485,high,0.5408,0.4625,15750,49560,0.638,,,,,17,24,38.759111,-93.737428,FLY,2500
177065,Columbia College,Columbia,MO,2,4950,https://www.ccis.edu/,https://www.ccis.edu/tuition-financial-aid/college-cost/,37207,25826,25826,23967,21168,21550,23015,21545,critical,0.4219,0.2952,14750,45378,,,,,,,,38.957388,-92.326354,FLY,2500
177117,Cottey College,Nevada,MO,2,254,https://www.cottey.edu/,https://cottey.edu/financial-aid/,39269,27562,27562,14093,10634,12063,15732,18130,high,0.5625,0.46,11000,35422,0.6918,,,,,,,37.836127,-94.371311,FLY,2500
177135,Crowder College,Neosho,MO,1,2570,www.crowder.edu/,https://npc.collegeboard.org/app/crowder,16291,6180,8280,8283,9223,8481,12560,13975,high,,,5500,35987,,,,,,,,36.814906,-94.368315,FLY,2500
177144,Culver-Stockton College,Canton,MO,2,807,https://www.culver.edu/,https://www.culver.edu/admissions/net-price-calculator/,44112,30875,30875,17712,18801,21584,24016,24786,critical,0.3916,0.3309,15000,46092,0.991,,,,,,,40.128993,-91.529374,FLY,2500
177214,Drury University,Springfield,MO,2,1383,www.drury.edu/,https://www.collegeraptor.com/shopping/school/drury-university-mo--177214,48846,36745,36745,18759,15769,17552,20558,24458,critical,0.618,0.5645,13000,40694,0.5758,570,670,560,620,22,29,37.219681,-93.286192,FLY,2500
177250,East Central College,Union,MO,1,1639,www.eastcentral.edu/,www.eastcentral.edu/finaid/net-price-calculator/,19386,4272,7680,12281,11895,14271,14999,17560,high,,,6590,36916,,,,,,,,38.431845,-90.97809,FLY,2500
177339,Evangel University,Springfield,MO,2,1229,www.evangel.edu/,www.evangel.edu/financial-aid-and-scholarships/net-price-calculator/,39956,28548,28548,16198,13584,16635,19210,21290,critical,0.6503,0.5581,17495,46573,0.7161,540,640,500,620,21,27,37.220956,-93.262614,FLY,2500
177472,Ozarks Technical Community College,Springfield,MO,1,8165,www.otc.edu/,https://students.otc.edu/financialaid/netprice/,13188,4512,7200,6217,6263,7766,8411,9854,medium,0.3254,0.2769,6500,36455,,,,,,,,37.216479,-93.279985,FLY,2500
177542,Hannibal-LaGrange University,Hannibal,MO,2,410,www.hlg.edu/,https://npc.collegeboard.org/student/app/hlg,40839,26880,26880,21285,18019,20681,25376,25979,critical,0.5039,0.5962,13688,42643,0.7263,,,,,15,24,39.729015,-91.39094,FLY,2500
177551,Harris-Stowe State University,Saint Louis,MO,1,960,https://www.hssu.edu/,https://www.hssu.edu/ae/aefiles/7/NetPriceCalc/npcalc.htm,21493,7008,11640,9827,10963,9814,8563,6238,high,0.2756,0.278,13500,31088,,,,,,,,38.631744,-90.224288,FLY,2500
177676,Jefferson College,Hillsboro,MO,1,2552,https://www.jeffco.edu/,https://www.jeffco.edu/calculator/,13572,5250,8850,6048,5745,8614,9711,10568,medium,,,6000,40782,,,,,,,,38.259889,-90.558954,FLY,2500
177719,Barnes-Jewish College Goldfarb School of Nursing,Saint Louis,MO,2,446,https://www.barnesjewishcollege.edu/,nces.ed.gov/collegenavigator/?q=goldfarb&s=all&id=177719,,,,,,,,,,,,15000,84393,,,,,,,,38.637165,-90.258772,FLY,2500
177746,Kansas City Art Institute,Kansas City,MO,2,812,www.kcai.edu/,www.kcai.edu/admissions-aid/net-price-calculator/,57410,44550,44550,26293,25105,27663,29943,30840,critical,0.5797,0.5313,21500,37032,0.5476,,,,,,,39.046353,-94.583594,FLY,2500
177940,Lincoln University,Jefferson City,MO,1,1392,https://www.lincolnu.edu/,https://www.lincolnu.edu/admissions/financial-aid/net-price-calculator.html,23704,9796,17692,20070,19313,18287,14466,19984,critical,0.2085,0.1209,19000,39463,,,,,,,,38.564431,-92.166724,FLY,2500
177968,Lindenwood University,Saint Charles,MO,2,4624,https://www.lindenwood.edu/,https://www.lindenwood.edu/admissions/student-financial-services/net-price-calculator/,35436,21600,21600,15678,14701,17603,20760,23821,critical,0.4933,0.3937,20500,53278,0.5684,,,,,22,28,38.785425,-90.501286,FLY,2500
177977,State Technical College of Missouri,Linn,MO,1,2123,https://www.statetechmo.edu/,statetechmo.edu/wp-content/uploads/2024/10/index.html,19026,8160,14610,11566,12136,14730,17561,18968,high,,,8500,55901,,,,,,,,38.467699,-91.814259,FLY,2500
177986,Logan University,Chesterfield,MO,2,229,https://www.logan.edu/,https://www.logan.edu/admissions/tuition,26928,9000,9000,14934,18792,,,26928,high,0.2222,0.125,7767,55838,0.6429,,,,,,,38.63133,-90.542333,FLY,2500
177995,Metropolitan Community College-Kansas City,Kansas City,MO,1,10649,www.mcckc.edu/,mcckc.edu/costcalculator,14665,3630,9600,7279,7449,9621,10667,13171,medium,,,6500,40796,,,,,,,,39.068668,-94.58966,FLY,2500
178059,Maryville University of Saint Louis,Saint Louis,MO,2,5658,https://www.maryville.edu/,https://maryville.studentaidcalculator.com/survey.aspx,41959,27166,27166,16528,17751,17364,26062,26741,critical,0.6622,0.5707,10041,62105,0.9508,,,,,,,38.644774,-90.505998,FLY,2500
178208,Midwestern Baptist Theological Seminary,Kansas City,MO,2,747,https://www.mbts.edu/,https://www.mbts.edu/future-students/cost-and-aid/costs-calculator/,29080,10120,10120,19818,21659,22701,26461,26870,critical,0.4828,0.5,9995,50535,0.964,,,,,,,39.185691,-94.573185,FLY,2500
178217,Mineral Area College,Park Hills,MO,1,1592,https://mineralarea.edu/,https://my.mineralarea.edu/ICS/Admissions/Public.jnz?portlet=Net_Price_Calculator_2015-02-13T09-18-07-273,18497,5660,8570,10977,11560,12970,13747,15118,high,,,7815,35352,,,,,,,,37.845199,-90.481847,FLY,2500
178244,Missouri Baptist University,Saint Louis,MO,2,1488,www.mobap.edu/,https://www.shoppingsheet.com/shopping/landing/mobap,49257,34612,34612,21808,24022,25332,29678,29420,critical,0.4758,0.4158,17726,46660,0.686,,,,,12,18,38.641526,-90.462586,FLY,2500
178341,Missouri Southern State University,Joplin,MO,1,3019,www.mssu.edu/,www.mssu.edu/student-affairs/financial-aid/netcalc.php,19568,8960,17080,9759,10132,11233,14578,15083,high,0.4158,0.3333,11650,42620,0.9703,540,690,610,730,17,24,37.095155,-94.461689,FLY,2500
178369,Missouri Valley College,Marshall,MO,2,1443,https://www.moval.edu/,https://npc.collegeboard.org/app/moval,37899,23700,23700,16132,15854,16039,20499,22669,critical,0.2244,0.1486,10250,43221,0.6918,405,540,490,575,16,20,39.108522,-93.190654,FLY,2500
178387,Missouri Western State University,Saint Joseph,MO,1,2219,https://www.missouriwestern.edu/,https://forms.missouriwestern.edu/finaid/npcalc010.html,21595,10306,20866,11243,11674,13965,16119,17764,high,0.3854,0.3228,11920,42647,,,,,,,,39.7575,-94.785643,FLY,2500
178396,University of Missouri-Columbia,Columbia,MO,1,23929,https://missouri.edu/,https://financialaid.missouri.edu/cost-of-attendance/net-price-calculator/,31713,14837,36056,13841,13378,13722,19762,26304,high,0.7494,0.6521,16500,63403,0.7847,580,670,570,660,23,30,38.94531,-92.328843,FLY,2500
178402,University of Missouri-Kansas City,Kansas City,MO,1,6817,https://www.umkc.edu/,https://finaid.umkc.edu/affordability/net-price-calculator.html,25320,12587,30227,10576,10472,12613,16019,18877,high,0.5546,0.4511,14835,59637,0.7218,640,760,650,790,20,28,39.034179,-94.582141,FLY,2500
178411,Missouri University of Science and Technology,Rolla,MO,1,5521,https://www.mst.edu/,https://sfs.mst.edu/tuitioncosts/net-price-calculator/,29231,14984,33248,10912,12027,13330,18241,20088,high,0.6437,0.4859,19000,82957,0.7255,580,690,610,730,25,31,37.954444,-91.77311,FLY,2500
178420,University of Missouri-St Louis,Saint Louis,MO,1,5024,https://www.umsl.edu/,https://www.umsl.edu/sfs/calculator/index.html,31199,14112,35112,13031,12979,15222,17598,21608,high,0.5664,0.4837,16500,53037,0.6267,510,630,550,660,19,27,38.710312,-90.311091,FLY,2500
178448,Moberly Area Community College,Moberly,MO,1,3100,www.macc.edu/,www.macc.edu/netpricecalculator/,14134,4110,8640,5688,3274,8308,7439,,medium,,,8000,37537,,,,,,,,39.418607,-92.455064,FLY,2500
178615,Truman State University,Kirksville,MO,1,2513,https://www.truman.edu/,https://www.truman.edu/admission-cost/net-price-calculator/step-1/,25115,9838,18566,6046,7926,12426,15425,17220,medium,0.6853,0.5697,16679,56280,0.8377,600,700,570,670,25,31,40.188267,-92.581658,FLY,2500
178624,Northwest Missouri State University,Maryville,MO,1,4378,https://www.nwmissouri.edu/,https://www.nwmissouri.edu/finaid/net-price-calculator/,24945,10611,17324,13176,13447,13959,17423,20796,high,0.5423,0.431,14927,47885,0.8609,478,593,498,600,19,24,40.351692,-94.883339,FLY,2500
178679,Ozark Christian College,Joplin,MO,2,602,www.occ.edu/,https://npc.collegeboard.org/app/ozark,28485,16000,16000,17900,15098,19463,21083,22451,critical,0.6364,0.6,9784,41297,0.9361,,,,,,,37.103172,-94.510622,FLY,2500
178697,College of the Ozarks,Point Lookout,MO,2,1444,www.cofo.edu/,www.cofo.edu/npc,33734,22320,22320,6381,6140,5022,6409,10426,medium,0.6369,0.6131,,41592,0.1199,540,630,510,590,20,25,36.616019,-93.238174,FLY,2500
178721,Park University,Parkville,MO,2,4555,www.park.edu/,https://npc.collegeboard.org/app/park,29427,17500,17500,18687,20412,22620,23208,24064,critical,0.3843,0.3529,12500,56309,,,,,,,,39.189256,-94.679041,FLY,2500
178891,Ranken Technical College,Saint Louis,MO,2,1780,www.ranken.edu/,ranken.edu/calculator/npcalc.htm,29450,18008,18008,16849,15346,18942,19972,25260,critical,0.5313,0.4412,9813,55955,,,,,,,,38.653303,-90.248465,FLY,2500
179043,Rockhurst University,Kansas City,MO,2,1580,https://www.rockhurst.edu/,https://www.rockhurst.edu/admissions/freshman/net-price-calculator,59898,44966,44966,22797,19895,21997,26522,30348,critical,0.7456,0.6832,12500,67102,0.6959,,,,,19,26,39.032318,-94.573003,FLY,2500
179159,Saint Louis University,Saint Louis,MO,2,7267,www.slu.edu/,www.slu.edu/financial-aid/tuition-and-costs/calculator.php,71932,55760,55760,22501,21854,21880,21702,27466,critical,0.7953,0.7295,19500,70783,0.7504,600,700,600,710,25,31,38.636801,-90.2351,FLY,2500
179265,University of Health Sciences and Pharmacy in St. Louis,Saint Louis,MO,2,337,www.uhsp.edu/,https://www.uhsp.edu/financialaid/cost-of-attendance/net-price-calculator.html,54802,32550,32550,24456,28969,22688,34490,34668,critical,0.6168,0.6667,14000,137047,0.8984,530,620,525,620,18,25,38.636904,-90.260617,FLY,2500
179308,Saint Louis Community College,Bridgeton,MO,1,11788,https://www.stlcc.edu/,https://applications.stlcc.edu/netprice/index.html,14560,3660,6990,7469,8319,9926,12016,13244,medium,0.2132,0.1586,3839,35325,,,,,,,,38.745678,-90.437078,FLY,2500
179326,Southwest Baptist University,Bolivar,MO,2,1341,www.sbuniv.edu/,www.sbuniv.edu/admissions/financial-aid/estimator.php,40301,30566,30566,21978,17947,19633,22016,23857,critical,0.5532,0.4078,14000,43112,0.6839,430,610,380,600,17,26,37.602425,-93.407056,FLY,2500
179344,Missouri State University-West Plains,West Plains,MO,1,965,wp.missouristate.edu/,wp.missouristate.edu/costs/default.htm,16592,5936,8106,9115,8729,10540,10951,12298,high,,,5750,36922,,,,,,,,36.729574,-91.857838,FLY,2500
179539,State Fair Community College,Sedalia,MO,1,2694,https://www.sfccmo.edu/,https://www.sfccmo.edu/files/financial-aid/net-price-calculator/index.html,14719,4176,7416,7288,7309,8272,9589,10858,medium,,,6500,35562,,,,,,,,38.696423,-93.268028,FLY,2500
179548,Stephens College,Columbia,MO,2,391,https://stephens.edu/,https://stephens.edu/admissions-aid/undergraduate-financial-aid/net-price-calculator/,46643,28300,28300,9918,14796,18547,25644,29787,high,0.4274,0.3538,19489,43071,0.7722,,,,,,,38.95204,-92.319204,FLY,2500
179557,Southeast Missouri State University,Cape Girardeau,MO,1,6373,https://www.semo.edu/,https://tcc.ruffalonl.com/southeast missouri state university/freshman-students,25177,9903,9903,12704,13342,15338,17395,21267,high,0.5793,0.4693,14750,44030,0.7352,,,,,15,20,37.311107,-89.531187,FLY,2500
179566,Missouri State University-Springfield,Springfield,MO,1,13313,https://www.missouristate.edu/,https://missouristate.studentaidcalculator.com/welcome.aspx,25048,9502,18770,13718,13529,14905,18770,20576,high,0.5791,0.4855,16200,49827,0.9053,510,640,510,630,19,26,37.199258,-93.281281,FLY,2500
179645,Three Rivers College,Poplar Bluff,MO,1,1844,https://trcc.edu/,https://trcc.edu/pay-for-college/net-price-calculator/,18637,4950,6180,8236,6570,9980,12034,,high,,,7061,32442,,,,,,,,36.776571,-90.429769,FLY,2500
179715,North Central Missouri College,Trenton,MO,1,1286,www.ncmissouri.edu/,www.ncmissouri.edu/financialaid/netpricecalculator,18498,5370,8820,11951,12963,14548,16892,17702,high,,,8000,40837,,,,,,,,40.078096,-93.617353,FLY,2500
179867,Washington University in St Louis,St. Louis,MO,2,7857,https://washu.edu/,https://financialaid.washu.edu/costs/cost-calculators/net-price-calculator,88488,65790,65790,1716,1928,5578,12603,42170,low,0.9426,0.918,15000,86182,0.1206,730,770,770,800,33,35,38.647929,-90.310604,FLY,2500
179894,Webster University,Saint Louis,MO,2,2304,www.webster.edu/,https://www.webster.edu/admissions/net-price-calculator.php,51188,31750,31750,22359,22083,27257,29315,31314,critical,0.6439,0.548,18500,50876,0.8623,580,660,530,650,18,25,38.588875,-90.345151,FLY,2500
179946,Westminster College,Fulton,MO,2,638,https://www.wcmo.edu/,https://www.wcmo.edu/admissions-aid/costs-financial-aid/net-price-calculator.html,51532,35214,35214,24543,17050,22123,24957,26066,critical,0.5549,0.5513,19463,52199,0.792,480,630,510,620,19,24,38.849354,-91.955273,FLY,2500
179955,William Jewell College,Liberty,MO,2,924,https://www.jewell.edu/,https://www.jewell.edu/net-price-calculator,35785,20610,20610,12909,4356,12869,16624,23901,high,0.6766,0.6429,19250,59268,0.3836,540,630,540,640,18,24,39.247844,-94.413126,FLY,2500
179964,William Woods University,Fulton,MO,2,1300,https://www.williamwoods.edu/,https://www.williamwoods.edu/cost-and-aid/tuition-and-fees/,49094,30340,30340,24014,22967,24218,29491,29428,critical,0.4681,0.2807,14425,42401,0.7096,,,,,,,38.860287,-91.950416,FLY,2500
180054,Blackfeet Community College,Browning,MT,2,286,bfcc.edu/,bfcc.edu/academics/net-price-calculator/,11405,3610,3610,6643,1521,3461,9453,,medium,0.623,0.7037,,22953,,,,,,,,48.551927,-113.009387,FLY,2500
180081,Highlands College of Montana Tech,Butte,MT,1,342,https://www.mtech.edu/,https://www.mtech.edu/financial-aid/cost/calculator-highlands/,18476,4130,10950,11650,13183,15314,17091,17792,high,,,9847,54329,,,,,,,,45.938145,-112.509365,FLY,2500
180106,Carroll College,Helena,MT,2,1092,www.carroll.edu/,www.carroll.edu/admission-aid/tuition-costs/net-price-calculator,55626,41484,41484,17072,16329,19139,23919,28005,critical,0.6929,0.6452,21000,61772,0.7093,540,660,510,640,21,27,46.600771,-112.040285,FLY,2500
180151,Dawson Community College,Glendive,MT,1,189,www.dawson.edu/,www.dawson.edu/future/financial-aid/net-price-calculator/,16105,5010,9810,8162,6157,9970,12438,16105,high,,,5500,41951,,,,,,,,47.085396,-104.725485,FLY,2500
180160,Chief Dull Knife College,Lame Deer,MT,1,183,cdkc.edu/,www.cdkc.edu/net_price/npcalc.htm,17734,1960,1960,13940,,14361,,,high,,,,20073,,,,,,,,45.625568,-106.664593,FLY,2500
180179,Montana State University Billings,Billings,MT,1,2626,https://www.msubillings.edu/,https://www.msubillings.edu/finaid/,20054,7280,22897,13927,14387,16749,18948,20035,high,0.3004,0.2458,10086,44296,,,,,,,,45.796896,-108.523009,FLY,2500
180197,Flathead Valley Community College,Kalispell,MT,1,1202,www.fvcc.edu/,www.fvcc.edu/netprice-calculator,14882,4912,11659,6341,7484,9903,11293,12552,medium,,,6719,38520,,,,,,,,48.227389,-114.327258,FLY,2500
180203,Aaniiih Nakoda College,Harlem,MT,1,106,https://www.ancollege.edu/,https://www.ancollege.edu/student_services/financial_aid/npc/npcalc.htm,14974,3080,3080,8183,4882,8969,8726,,high,0.3421,0.1071,,30528,,,,,,,,48.484196,-108.757816,FLY,2500
180212,Fort Peck Community College,Poplar,MT,1,282,www.fpcc.edu/,www.fpcc.edu/NetPriceCalculator/npcalc.htm,10164,2250,2250,-144,54,4779,3239,,low,,,,14747,,,,,,,,48.113569,-105.193021,FLY,2500
180249,Great Falls College Montana State University,Great Falls,MT,1,894,https://www.gfcmsu.edu/,https://www.gfcmsu.edu/home/financial-aid/net-price-calculator/,16664,4028,12911,10675,10624,11778,16535,16664,high,,,7992,38034,,,,,,,,47.485581,-111.269558,FLY,2500
180258,University of Providence,Great Falls,MT,2,528,www.uprovidence.edu/,www.uprovidence.edu/financial-services/net-price-calculator/,43477,30448,30448,14257,11616,16802,22545,20676,high,0.2794,0.2927,12500,48296,0.5028,,,,,15,23,47.490713,-111.270604,FLY,2500
180276,Helena College University of Montana,Helena,MT,1,585,https://www.helenacollege.edu/,https://helenacollege.edu/netpricecalculator/npcalc.htm,15819,4146,11318,9709,8148,12803,15241,15485,high,,,9500,40738,,,,,,,,46.595384,-112.016035,FLY,2500
180328,Little Big Horn College,Crow Agency,MT,1,253,www.lbhc.edu/,www.lbhc.edu/finaid/npcalc.htm,11635,3200,3200,8419,7832,8283,8512,,high,,,,21152,,,,,,,,45.603781,-107.455421,FLY,2500
180373,Miles Community College,Miles City,MT,1,332,https://www.milescc.edu/,https://www.milescc.edu/finaid/index.html,17452,5818,10626,9462,9486,10693,10411,13000,high,,,8025,42862,,,,,,,,46.40526,-105.826524,FLY,2500
180416,Montana Technological University,Butte,MT,1,1480,https://www.mtech.edu/,https://www.mtech.edu/financial-aid/cost/calculator-north-campus/index.html,22786,8340,26150,11914,13733,15187,18843,19595,high,0.5824,0.4935,9847,54329,0.9105,510,630,530,630,19,25,46.012868,-112.559511,FLY,2500
180461,Montana State University,Bozeman,MT,1,14451,https://www.montana.edu/,https://www.montana.edu/admissions/tuitioncalc/,25905,8460,33287,17797,18570,21977,24732,25905,critical,0.5708,0.4332,13748,53263,0.8214,540,645,525,640,21,27,45.666726,-111.048812,FLY,2500
180489,The University of Montana,Missoula,MT,1,7488,www.umt.edu/,https://www.umt.edu/finaid/cost-of-attendance/net-price-calculator/default.php,23570,8552,33671,13960,14892,17180,19269,20930,high,0.4796,0.4167,15000,44511,0.9586,,,,,23,28,46.859312,-113.982912,FLY,2500
180522,Montana State University-Northern,Havre,MT,1,761,www.msun.edu/,www.msun.edu/stuaffairs/finaid/tuitcalc.htm,16578,6982,21875,9940,9242,12451,16315,16578,high,0.4111,0.31,10560,49505,,,,,,,,48.54149,-109.687806,FLY,2500
180595,Rocky Mountain College,Billings,MT,2,840,https://www.rocky.edu/,https://www.rocky.edu/admissions/financial-aid/net-price-calculator/,46093,35582,35582,15404,13781,14957,19892,25150,critical,0.4841,0.378,12000,49036,0.6961,488,565,405,568,18,24,45.796522,-108.554075,FLY,2500
180647,Salish Kootenai College,Pablo,MT,1,580,www.skc.edu/,netprice.skc.edu/,13047,4311,11583,6999,9221,8502,11883,,medium,0.2762,0.325,8450,32725,,,,,,,,47.598592,-114.111635,FLY,2500
180692,The University of Montana-Western,Dillon,MT,1,1198,umwestern.edu/,https://app.meadowfi.com/umwestern,21403,6670,20130,14822,14058,15951,17785,20125,high,0.5125,0.4545,12000,43229,0.9978,,,,,,,45.208306,-112.639264,FLY,2500
180814,Bellevue University,Bellevue,NE,2,10220,https://www.bellevue.edu/,https://www.bellevue.edu/admissions-tuition/financing-options/net-price-calculator/npcalc.htm,23531,9903,9903,17561,18288,16324,18262,17231,critical,0.3295,0.9231,11000,61289,,,,,,,,41.150225,-95.91764,FLY,2500
180832,Clarkson College,Omaha,NE,2,622,www.clarksoncollege.edu/,www.clarksoncollege.edu/netpricecalculator/npcdefault.htm,24670,16104,16104,,19222,17312,20003,20262,,0.4667,0.5,19500,64876,0.7818,,,,,,,41.259165,-95.974847,FLY,2500
180878,Bryan College of Health Sciences,Lincoln,NE,2,553,https://www.bryanhealthcollege.edu/bcohs/,https://www.bryanhealthcollege.edu/bcohs/admission/tuition-financial-aid-scholarships/netpricecalculators/npcalc.htm,32845,20640,20640,23196,25806,24353,31262,29816,critical,0.7,0.6,22250,70845,0.6737,,,,,,,40.796768,-96.651532,FLY,2500
180902,Central Community College,Grand Island,NE,1,3353,https://www.cccneb.edu/,https://cccneb.studentaidcalculator.com/survey.aspx,14128,3360,4800,5609,6217,6027,9208,11829,medium,,,5500,39429,,,,,,,,40.889582,-98.372549,FLY,2500
180948,Chadron State College,Chadron,NE,1,1540,www.csc.edu/,www.csc.edu/ir/net-price-calculator/,21132,8290,8290,10047,10090,12561,14674,16047,high,0.5041,0.5299,11343,47002,,,,,,,,42.8199,-103.001615,FLY,2500
180984,Concordia University-Nebraska,Seward,NE,2,1283,www.cune.edu/,www.cune.edu/costs-and-aid/undergraduate/net-price-calculator,53292,40640,40640,19107,20295,21442,25401,26433,critical,0.6489,0.1194,18750,52415,0.8572,,,,,,,40.914853,-97.089054,FLY,2500
181002,Creighton University,Omaha,NE,2,4348,https://www.creighton.edu/,www.creighton.edu/cost-aid/tuition-costs/net-price-calculator,63423,48856,48856,20472,22095,23405,28113,35090,critical,0.8336,0.7413,21500,73911,0.7975,620,708,623,720,26,31,41.265361,-95.947811,FLY,2500
181020,Doane University,Crete,NE,2,978,www.doane.edu/,www.doane.edu/scorecards-calculators,57836,43985,43985,21129,24188,24225,26122,29410,critical,0.5714,0.443,19500,53316,0.9801,,,,,,,40.622952,-96.950932,FLY,2500
181127,Hastings College,Hastings,NE,2,891,www.hastings.edu/,https://www.hastings.edu/npcalc.htm,51422,37770,37770,21646,18812,21933,24986,27290,critical,0.4885,0.4505,15595,51303,0.7165,,,,,26,30,40.59025,-98.374403,FLY,2500
181215,University of Nebraska at Kearney,Kearney,NE,1,4088,www.unk.edu/,www.unk.edu/netpricecalculator/npcalc.htm,25808,8676,15284,13066,13350,14547,16703,20664,high,0.5774,0.5449,13070,50105,0.8949,495,575,410,550,19,26,40.701452,-99.098699,FLY,2500
181297,Nebraska Methodist College of Nursing & Allied Health,Omaha,NE,2,781,www.methodistcollege.edu/,www.methodistcollege.edu/admissions/tuition-and-fees/net-price-calculator,32835,17885,17885,17272,25440,14892,20420,26303,critical,0.5952,0.4286,21784,65071,0.7341,,,,,,,41.265973,-96.048511,FLY,2500
181303,Metropolitan Community College Area,Omaha,NE,1,8775,https://www.mccneb.edu/,https://apps.mccneb.edu/netprice/,11667,3375,4950,4151,3894,5150,8504,9477,medium,,,4061,38773,,,,,,,,41.310451,-95.957829,FLY,2500
181312,Mid-Plains Community College,North Platte,NE,1,937,www.mpcc.edu/,www.mpcc.edu/cost-and-aid/net_price_calculator/index.html,13197,3600,4530,4853,3390,4329,6934,10031,medium,,,6291,40059,,,,,,,,41.092717,-100.7715,FLY,2500
181330,Midland University,Fremont,NE,2,1159,https://www.midlandu.edu/,https://www.midlandu.edu/net-price-calculator/,55719,42050,42050,21086,22445,23055,28289,28680,critical,0.4212,0.3125,15000,52163,0.6612,490,590,473,580,17,23,41.43674,-96.488008,FLY,2500
181394,University of Nebraska at Omaha,Omaha,NE,1,11488,https://www.unomaha.edu/,https://webapp.unomaha.edu/net-price-calculator/,21120,8718,23206,10534,10614,12324,15540,19466,high,0.4708,0.4347,12750,53909,0.8698,,,,,19,26,41.258769,-96.008516,FLY,2500
181419,Nebraska Indian Community College,Macy,NE,1,327,www.thenicc.edu/,www.thenicc.edu/netpricecalculator/index.html,32757,4080,4080,22958,19834,24696,30384,,critical,0.2222,0.2222,,31458,,,,,,,,42.11677,-96.35176,FLY,2500
181428,University of Nebraska Medical Center,Omaha,NE,1,938,www.unmc.edu/,www.unmc.edu/student-success/financial-aid/consumer-info/index.html,,,,,,,,,,,,14000,76833,,,,,,,,41.256312,-95.973966,FLY,2500
181446,Nebraska Wesleyan University,Lincoln,NE,2,1453,https://www.nebrwesleyan.edu/,https://www.nebrwesleyan.edu/net_price_calculator/index.html,53569,43572,43572,14925,16974,14594,18244,23652,high,0.6612,0.5444,17500,56405,0.7982,490,660,530,630,22,27,40.839098,-96.64831,FLY,2500
181464,University of Nebraska-Lincoln,Lincoln,NE,1,19178,www.unl.edu/,https://financialaid.unl.edu/net-price-calculator,26697,10434,28584,12751,13054,14699,18975,22346,high,0.6697,0.5552,14750,56887,0.8749,560,670,538,660,22,28,40.817598,-96.700508,FLY,2500
181491,Northeast Community College,Norfolk,NE,1,2387,https://northeast.edu/,https://northeast.edu/costs/calculator,14437,3840,5130,5505,6546,7127,11287,12780,medium,,,7244,42634,,,,,,,,42.048647,-97.396578,FLY,2500
181534,Peru State College,Peru,NE,1,1092,www.peru.edu/,www.peru.edu/net-price/,22240,8640,8640,9986,9779,12845,12313,13450,high,0.3761,0.2745,12000,47071,,,,,,,,40.474689,-95.732731,FLY,2500
181604,College of Saint Mary,Omaha,NE,2,445,https://www.csm.edu/,https://www.csm.edu/netprice2025/index.html,35971,24510,24510,14090,12713,9320,15242,23898,high,0.605,0.5111,17500,54338,0.4465,,,,,18,26,41.240028,-96.021425,FLY,2500
181640,Southeast Community College Area,Lincoln,NE,1,6773,www.southeast.edu/,https://www.southeast.edu/paying-for-scc/net-price-calculator.php,13186,3690,4320,6687,7587,8987,11899,13054,medium,,,6672,43405,,,,,,,,40.816133,-96.60203,FLY,2500
181738,Union Adventist University,Lincoln,NE,2,471,https://www.uau.edu/,https://www.uau.edu/net-price-calculator,42099,29334,29334,19477,16740,24957,24444,26653,critical,0.5226,0.4154,18750,55045,1,,,,,,,40.774778,-96.651095,FLY,2500
181765,Nebraska College of Technical Agriculture,Curtis,NE,1,196,https://ncta.unl.edu/,https://ncta.unl.edu/admission-ncta/tuition-and-fees/,19998,5926,5926,11603,11933,15634,16723,18050,high,,,14750,56887,,,,,,,,40.635454,-100.510409,FLY,2500
181783,Wayne State College,Wayne,NE,1,3010,https://www.wsc.edu/,https://www.wsc.edu/net-price-calculator,22565,8216,8216,12844,11698,13851,16841,18905,high,0.5215,0.3854,12240,47075,,,,,,,,42.241556,-97.015122,FLY,2500
181817,Western Nebraska Community College,Scottsbluff,NE,1,893,www.wncc.edu/,www.wncc.edu/admissions-aid/tuition-fees/net-price-calculator-2025/index,13939,3840,4410,4420,3808,7099,9904,11714,medium,,,5500,38729,,,,,,,,41.875705,-103.64249,FLY,2500
181853,York University,York,NE,2,428,www.york.edu/,www.york.edu/financial-aid/net-price-calculator.php,34268,23000,23000,19343,19940,20531,22098,22789,critical,0.5221,0.4,14250,44130,0.5188,450,540,430,570,16,23,40.869526,-97.579352,FLY,2500
182005,College of Southern Nevada,Las Vegas,NV,1,27252,www.csn.edu/,https://www.csn.edu/net-price-calculator,13665,4358,13024,5627,6178,7793,9753,13022,medium,0.1914,0.1716,4500,38087,,,,,,,,36.158114,-115.233099,FLY,2500
182281,University of Nevada-Las Vegas,Las Vegas,NV,1,24622,www.unlv.edu/,cashiering.unlv.edu/undergrad_calc.html,19638,9748,27411,8526,8537,10606,13513,15905,high,0.5051,0.4608,12500,55037,0.9617,510,630,500,610,18,25,36.106047,-115.138462,FLY,2500
182290,University of Nevada-Reno,Reno,NV,1,15599,www.unr.edu/,https://www.unr.edu/Prebuilt/financial-aid/net-price-calculator/index.html,25786,9578,27720,12674,13125,14537,18317,21646,high,0.6124,0.5428,13000,60614,0.7371,540,650,520,640,19,26,39.543642,-119.815377,FLY,2500
182306,Great Basin College,Elko,NV,1,1900,www.gbcnv.edu/,www.gbcnv.edu/financial/calculator/npcalc.htm,12947,3923,13883,6967,7631,9639,11910,12947,medium,0.4086,0.4536,8973,39289,,,,,,,,40.84343,-115.767274,FLY,2500
182500,Truckee Meadows Community College,Reno,NV,1,7681,www.tmcc.edu/,www.tmcc.edu/financialaid/netpricecalculator/,15247,3352,12018,9771,6103,7462,9050,13236,high,0.3214,0.3588,6999,44573,,,,,,,,39.571402,-119.796975,FLY,2500
182564,Western Nevada College,Carson City,NV,1,1910,www.wnc.edu/,wnc.edu/financial/netpricecalculator/index.php,20248,4168,12834,11678,11828,14359,15074,13645,high,0.41,0.3907,9000,41987,,,,,,,,39.186158,-119.79036,FLY,2500
182634,Colby-Sawyer College,New London,NH,2,771,www.colby-sawyer.edu/,https://colbysawyer.clearcostcalculator.com/student/default/netpricecalculator/survey,38527,19125,19125,22456,19687,24437,27412,29679,critical,0.5745,0.481,19500,46474,0.8008,,,,,,,43.411663,-71.975805,DRIVE,1500
182670,Dartmouth College,Hanover,NH,2,4541,https://dartmouth.edu/,https://admissions.dartmouth.edu/afford/estimate-your-cost,87793,68268,68268,41,489,2695,8534,52036,low,0.9554,0.9257,15157,97434,0.054,740,780,760,790,33,35,43.704115,-72.289949,DRIVE,1500
182795,Franklin Pierce University,Rindge,NH,2,992,https://www.franklinpierce.edu/,https://franklinpierce.studentaidcalculator.com/survey.aspx,64185,46442,46442,19364,23557,24473,26943,30860,critical,0.5351,0.4444,19500,53353,0.9347,545,632,512,650,,,42.78014,-72.058011,DRIVE,1500
182980,New England College,Henniker,NH,2,1022,www.nec.edu/,https://nec.studentaidcalculator.com/survey.aspx,59350,41938,41938,25598,24340,26238,28741,28249,critical,0.3451,0.278,15603,42092,0.9213,,,,,,,43.176403,-71.822282,DRIVE,1500
183026,Southern New Hampshire University,Manchester,NH,2,163164,www.snhu.edu/,https://snhu.clearcostcalculator.com/student/default/netpricecalculator/survey,40918,17200,17200,36441,36536,36641,37704,38025,critical,0.4283,0.3131,9169,50318,0.9951,,,,,,,43.038922,-71.451842,DRIVE,1500
183044,University of New Hampshire-Main Campus,Durham,NH,1,11261,https://www.unh.edu/,https://app.meadowfi.com/unh,35537,19202,39852,16523,17476,19446,22815,28588,critical,0.7607,0.6869,22498,66479,0.8816,550,670,540,660,26,30,43.135934,-70.932465,DRIVE,1500
183062,Keene State College,Keene,NH,1,2699,www.keene.edu/,https://www.keene.edu/npc/,29993,14784,26840,12192,12536,16045,18004,22928,high,0.6006,0.5758,19500,54368,0.9033,,,,,,,42.926452,-72.279276,DRIVE,1500
183071,University of New Hampshire at Manchester,Manchester,NH,1,443,https://manchester.unh.edu/,https://app.meadowfi.com/unh,20020,15838,36418,3181,7034,5018,7270,16386,medium,0.5,0.4524,22498,66479,0.8087,520,623,453,613,,,42.987209,-71.468755,DRIVE,1500
183080,Plymouth State University,Plymouth,NH,1,3153,www.plymouth.edu/,www.plymouth.edu/student-financial-services/financial-aid,29644,14626,25566,14676,14714,17030,21157,23020,high,0.5203,0.523,17000,57304,0.8754,,,,,,,43.759573,-71.690164,DRIVE,1500
183099,NHTI-Concord's Community College,Concord,NH,1,2154,https://www.nhti.edu/,https://www.nhti.edu/netcalc/index.html,23726,7200,15450,14790,22137,23452,23020,23726,high,,,9168,48943,,,,,,,,43.223621,-71.531979,DRIVE,1500
183105,White Mountains Community College,Berlin,NH,1,450,www.wmcc.edu/,www.wmcc.edu/admissions/net-price-calculator,21739,7050,15300,14004,18587,21168,21739,21739,high,,,8400,35037,,,,,,,,44.503494,-71.158535,DRIVE,1500
183114,River Valley Community College,Claremont,NH,1,608,https://www.rivervalley.edu/,https://www.rivervalley.edu/netcalc/,23244,6940,15190,13183,23244,23244,22238,,high,,,10000,44700,,,,,,,,43.399046,-72.333114,DRIVE,1500
183123,Lakes Region Community College,Laconia,NH,1,482,https://www.lrcc.edu/,https://www.lrcc.edu/paying-for-lrcc/financial-aid-at-lrcc/financial-aid-forms/,21494,6720,14970,12270,17404,,21171,20947,high,,,9500,51182,,,,,,,,43.507568,-71.462602,DRIVE,1500
183132,Manchester Community College,Manchester,NH,1,1587,www.mccnh.edu/,www.mccnh.edu/affordability/financial-aid/net-price-calculator/,20703,7090,15340,11338,19860,20311,20380,20703,high,,,9500,49063,,,,,,,,43.019823,-71.483534,DRIVE,1500
183141,Nashua Community College,Nashua,NH,1,1135,nashuacc.edu/,nashuacc.edu/afford-ncc/financial-aid/net-price-calculator/,29014,7140,15390,21030,27225,28677,29014,28492,critical,,,7833,46164,,,,,,,,42.794576,-71.523462,DRIVE,1500
183150,Great Bay Community College,Portsmouth,NH,1,1259,https://www.greatbay.edu/,https://www.greatbay.edu/netpricecalc/npcalc.htm,21963,7200,15450,13237,21132,21725,20829,21963,high,,,7466,42397,,,,,,,,43.072093,-70.798969,DRIVE,1500
183211,Rivier University,Nashua,NH,2,1231,www.rivier.edu/,https://www.rivier.edu/financial-aid/net-price-calculator/,53499,39488,39488,23321,23978,25106,27352,31359,critical,0.5167,0.3636,21000,52248,0.8259,545,590,510,585,,,42.738676,-71.45626,DRIVE,1500
183239,Saint Anselm College,Manchester,NH,2,2087,https://www.anselm.edu/,https://anselm.clearcostcalculator.com/student/default/netpricecalculator/survey,67213,48920,48920,25143,26956,27193,31710,37268,critical,0.8003,0.7647,26987,73371,0.7805,570,658,540,620,24,30,42.986889,-71.503622,DRIVE,1500
183257,University of New Hampshire College of Professional Studies Online,Manchester,NH,1,1157,https://cps.unh.edu/online,https://app.meadowfi.com/unh,15451,7724,9284,4587,,9416,15451,,medium,0.2955,0.3667,22498,66479,,,,,,,,42.987209,-71.468755,DRIVE,1500
183655,Atlantic Cape Community College,Mays Landing,NJ,1,3755,https://atlanticcape.edu/,https://testing.atlanticcape.edu/one-stop/financial-aid/net-price-calculator.php,15597,6068,9068,7383,7168,9449,11426,15115,medium,,,7382,34241,,,,,,,,39.462081,-74.680019,DRIVE,600
183743,Bergen Community College,Paramus,NJ,1,10557,https://www.bergen.edu/,https://bergen.edu/price_calculator/index.html,17184,4913,9294,8532,8768,10964,13927,16919,high,,,8250,46624,,,,,,,,40.951782,-74.088804,DRIVE,600
183804,Beth Medrash Govoha,Lakewood,NJ,2,4027,bmg.edu/,yeshivanotices.org/,,,,,,,,,,,,5500,47544,,,,,,,,40.095672,-74.221328,DRIVE,600
183822,Bloomfield College of Montclair State University,Bloomfield,NJ,1,781,www.bloomfield.edu/,https://montclair.clearcostcalculator.com/student/default/netpricecalculator/survey,42035,15912,26022,24168,25998,30908,35815,36558,critical,0.3811,0.3574,17500,61415,0.6974,,,,,,,40.795105,-74.194309,DRIVE,600
183859,Brookdale Community College,Lincroft,NJ,1,7901,https://www.brookdalecc.edu/,www.brookdalecc.edu/documents/financial-aid/2024-2025-forms/,18143,6270,10140,9052,9276,11633,13997,17851,high,,,8341,44379,,,,,,,,40.324906,-74.132746,DRIVE,600
183877,Rowan College at Burlington County,Mount Laurel,NJ,1,6267,www.rcbc.edu/,www.rcbc.edu/tuition-calculator,12243,6990,9510,4071,3596,5586,8088,11789,medium,,,7000,44745,,,,,,,,39.972205,-74.894464,DRIVE,600
183910,Caldwell University,Caldwell,NJ,2,1575,https://www.caldwell.edu/,https://www.caldwell.edu/financial-aid/netprice,54073,40848,40848,18059,18000,22793,31425,30449,critical,0.5749,0.5286,18500,53843,0.7134,540,630,590,740,,,40.832753,-74.272571,DRIVE,600
183938,Camden County College,Blackwood,NJ,1,6636,https://www.camdencc.edu/,https://www.camdencc.edu/admissions-financial-aid/financial-aid/net-price-calculator/,12535,4320,4416,4582,4713,6518,9373,12217,medium,,,6750,41212,,,,,,,,39.784874,-75.038381,DRIVE,600
183974,Centenary University,Hackettstown,NJ,2,910,www.centenaryuniversity.edu/,https://www.centenaryuniversity.edu/costs-and-aid/net-price-calculator,52362,37732,37732,13329,16047,21277,23306,28735,high,0.5605,0.5,19321,53726,0.8308,,,,,,,40.84764,-74.833644,DRIVE,600
184180,County College of Morris,Randolph,NJ,1,5360,www.ccm.edu/,www.ccm.edu/wp-content/uploads/2024/03/index.html,15033,6210,14310,6573,6479,8571,11689,14481,medium,,,5750,50243,,,,,,,,40.859141,-74.579873,DRIVE,600
184205,Rowan College of South Jersey-Cumberland Campus,Vineland,NJ,1,2074,https://rcsj.edu/,https://npc.collegeboard.org/app/gccnj,16069,5160,6000,9045,9568,11837,14103,16069,high,,,7664,41751,,,,,,,,39.440537,-75.057829,DRIVE,600
184348,Drew University,Madison,NJ,2,1533,www.drew.edu/,www.drew.edu/financial-aid/cost-calculator/,65301,47100,47100,15224,15697,20916,24947,35512,critical,0.7048,0.6831,21000,63646,0.6783,570,688,533,650,24,30,40.761829,-74.424584,DRIVE,600
184481,Essex County College,Newark,NJ,1,5855,www.essex.edu/,https://www.essex.edu/wp-content/uploads/2022/04/net-price-calculator.html,12506,5415,9523,3792,4562,6135,7345,9647,medium,,,,37230,,,,,,,,40.738444,-74.178234,DRIVE,600
184603,Fairleigh Dickinson University-Metropolitan Campus,Teaneck,NJ,2,2627,https://www.fdu.edu/,https://1st-aid.org/fdu,50305,38004,38004,10218,10475,15057,23123,28735,high,0.5332,0.5117,19500,57273,0.9071,,,,,,,40.897209,-74.028986,DRIVE,600
184612,Felician University,Lodi,NJ,2,1774,https://www.felician.edu/,https://felician.edu/admissions/undergraduate-admissions/net-price-calculator,50316,39300,39300,39626,39938,41909,41077,38120,critical,0.4722,0.4444,19250,57602,,,,,,,,40.867272,-74.096452,DRIVE,600
184694,Fairleigh Dickinson University-Florham Campus,Madison,NJ,2,1990,https://www.fdu.edu/,https://1st-aid.org/fdu,54204,38004,38004,12624,14383,21154,29052,34331,high,0.6662,0.5522,19500,57273,0.9519,,,,,,,40.774498,-74.432121,DRIVE,600
184773,Georgian Court University,Lakewood,NJ,2,1195,https://georgian.edu/,https://npc.collegeboard.org/app/gcu,50671,37260,37260,12683,13347,15084,27407,26708,high,0.5357,0.5278,16984,53096,0.7884,,,,,,,40.099617,-74.228186,DRIVE,600
184782,Rowan University,Glassboro,NJ,1,15841,https://www.rowan.edu/,https://rowan.studentaidcalculator.com/survey.aspx,35842,16574,26932,15305,15264,19245,27580,30378,critical,0.6736,0.5913,16750,59988,0.7766,560,660,550,650,23,29,39.709108,-75.119119,DRIVE,600
184791,Rowan College of South Jersey-Gloucester Campus,Sewell,NJ,1,4234,rcsj.edu/,https://npc.collegeboard.org/app/gccnj,16151,5160,6000,11980,10064,11936,15238,15763,high,,,7664,41751,,,,,,,,39.781339,-75.121269,DRIVE,600
184968,Holy Name Medical Center-Sister Claire Tynan School of Nursing,Englewood Cliffs,NJ,2,178,holyname.org/SchoolofNursing,www.holyname.org/schoolofnursing,,23914,23914,,,,,,,,,14750,87408,0.2,,,,,,,40.874956,-73.948887,DRIVE,600
184995,Hudson County Community College,Jersey City,NJ,1,6626,www.hccc.edu/,www.hccc.edu/paying-for-college/financial-aid/how-aid-works/calculate-costs.html,15469,5384,9248,6864,6634,8858,11396,15348,medium,,,6000,34333,,,,,,,,40.7303,-74.062903,DRIVE,600
185129,New Jersey City University,Jersey City,NJ,1,3681,https://www.njcu.edu/,https://njcu.clearcostcalculator.com/student/default/netpricecalculator/survey,28255,14460,14460,14005,15363,17587,21239,21596,high,0.3389,0.3026,14250,52745,0.9838,,,,,,,40.709937,-74.08727,DRIVE,600
185262,Kean University,Union,NJ,1,11433,https://www.kean.edu/,https://www.kean.edu/offices/financial-aid/financial-aid-estimators,26949,14299,22446,7374,7859,12136,20146,20110,medium,0.4657,0.4435,17199,57237,0.759,460,565,470,585,,,40.677981,-74.233503,DRIVE,600
185509,Mercer County Community College,West Windsor,NJ,1,5404,www.mccc.edu/,www.mccc.edu/admissions_financial_calculator.shtml,12545,5310,9174,4017,4152,6674,9607,12545,medium,,,7000,43264,,,,,,,,40.254398,-74.650719,DRIVE,600
185536,Middlesex College,Edison,NJ,1,8469,www.middlesexcollege.edu/,www.middlesexcollege.edu/funding-your-education/net-price-calculator/,10054,4764,7356,1306,1435,3653,4050,4504,low,,,5500,46861,,,,,,,,40.504728,-74.366544,DRIVE,600
185572,Monmouth University,West Long Branch,NJ,2,3684,https://www.monmouth.edu/,https://monmouth.studentaidcalculator.com/survey.aspx,62904,46552,46552,18924,19404,25331,33773,39015,critical,0.719,0.6986,23250,67991,0.8902,580,660,560,650,24,29,40.280066,-74.006447,DRIVE,600
185590,Montclair State University,Montclair,NJ,1,18376,www.montclair.edu/,https://montclair.studentaidcalculator.com/survey.aspx,28305,15912,26022,10880,11532,16388,22058,25573,high,0.6466,0.6235,17500,61415,0.8789,480,620,430,590,,,40.860414,-74.198141,DRIVE,600
185679,JFK Muhlenberg Harold B. and Dorothy A. Snyder Schools,Plainfield,NJ,2,188,www.jfkmuhlenbergschools.org/,https://www.hackensackmeridianhealth.org/en/healthcare-professionals/jfk-muhlenberg-schools/cost-and-financial-aid/net-price-calculator,47124,24916,31336,39729,,,41559,,critical,,,21000,73894,0.5857,,,,,,,40.605982,-74.404293,DRIVE,600
185828,New Jersey Institute of Technology,Newark,NJ,1,9019,https://www.njit.edu/,https://njit.studentaidcalculator.com/survey.aspx,32859,19974,37664,10138,11165,15958,23152,27244,high,0.7276,0.7367,17500,84276,0.6507,600,710,610,750,27,34,40.741997,-74.177113,DRIVE,600
185873,Ocean County College,Toms River,NJ,1,5424,www.ocean.edu/,https://www.ocean.edu/admission_and_aid/net-price-calculator/,18207,4906,6970,9833,9876,11965,13876,17869,high,,,8500,45210,,,,,,,,40.007809,-74.16549,DRIVE,600
186034,Passaic County Community College,Paterson,NJ,1,4260,https://web.pccc.edu/,https://web.pccc.edu/netprice/,13754,6300,10560,7686,6088,7694,10237,12816,high,,,5500,36972,,,,,,,,40.918449,-74.168778,DRIVE,600
186131,Princeton University,Princeton,NJ,2,5709,www.princeton.edu/,https://admission.princeton.edu/cost-aid/financial-aid-estimator,84040,62688,62688,41,352,1217,4478,36094,low,0.9761,0.9748,10000,110066,0.0462,740,780,770,800,34,35,40.348732,-74.659365,DRIVE,600
186186,Rabbinical College of America,Morristown,NJ,2,181,www.rca.edu/,https://financialaid58.wixsite.com/netpricecalculator,27300,10650,10650,8800,14229,17300,16469,,high,0.2222,0.2593,,34990,0.9515,,,,,,,40.805705,-74.49878,DRIVE,600
186201,Ramapo College of New Jersey,Mahwah,NJ,1,4898,www.ramapo.edu/,npc.collegeboard.org/app/ramapo,29483,16777,27708,9008,10708,18074,22949,26008,high,0.6981,0.6439,15000,67541,0.7064,580,650,550,650,22,30,41.080942,-74.174086,DRIVE,600
186283,Rider University,Lawrenceville,NJ,2,3106,www.rider.edu/,https://www.rider.edu/tuition-aid/financial-aid/net-price-calculator,55967,41120,41120,15824,18090,22119,28445,31574,critical,0.6133,0.5015,20500,62208,0.7864,550,670,550,650,27,31,40.278796,-74.737833,DRIVE,600
186371,Rutgers University-Camden,Camden,NJ,1,3753,https://camden.rutgers.edu/,https://scarlethub.rutgers.edu/financial-services/tools-resources/net-price-calculator/,35178,17764,37276,13797,14357,16184,20475,30639,high,0.6667,0.62,19000,74479,0.6629,540,640,510,660,19,25,39.948064,-75.12224,DRIVE,600
186380,Rutgers University-New Brunswick,New Brunswick,NJ,1,37751,https://newbrunswick.rutgers.edu/,https://scarlethub.rutgers.edu/financial-services/tools-resources/net-price-calculator/,36993,17929,37441,16343,16210,18282,25106,35016,critical,0.8363,0.7992,19000,74479,0.5815,650,730,660,770,28,33,40.498769,-74.446251,DRIVE,600
186399,Rutgers University-Newark,Newark,NJ,1,7709,https://www.newark.rutgers.edu/,https://scarlethub.rutgers.edu/financial-services/tools-resources/net-price-calculator/,35654,17250,36762,16420,16338,17806,22867,33018,critical,0.6375,0.6414,19000,74479,0.7136,,,,,,,40.739122,-74.175809,DRIVE,600
186432,Saint Peter's University,Jersey City,NJ,2,2135,www.saintpeters.edu/,www.saintpeters.edu/enrollment-services/student-financial-aid/calculators/,50272,42552,42552,10783,10643,9952,13569,21829,high,0.5826,0.5729,16091,57815,0.903,,,,,,,40.727105,-74.071541,DRIVE,600
186469,Salem Community College,Carneys Point,NJ,1,910,https://www.salemcc.edu/,https://www.salemcc.edu/netprice,17857,6360,10260,9845,8997,11702,14568,16712,high,,,8250,38020,,,,,,,,39.698756,-75.47013,DRIVE,600
186584,Seton Hall University,South Orange,NJ,2,6036,https://www.shu.edu/,https://www.shu.edu/undergraduate-admissions/cost-calculator.html,68263,53170,53170,19623,21869,27194,36516,41783,critical,0.6949,0.6583,17886,70196,0.7326,620,700,600,690,27,32,40.742336,-74.246027,DRIVE,600
186618,Saint Elizabeth University,Morristown,NJ,2,557,www.steu.edu/,https://www.steu.edu/admissions/financial-aid/net-price-calculator,53075,36741,36741,20379,18441,21866,31937,30559,critical,0.511,0.5038,13000,53038,0.7103,,,,,,,40.78182,-74.438221,DRIVE,600
186645,Raritan Valley Community College,Branchburg,NJ,1,5416,https://www.raritanval.edu/,https://www.raritanval.edu/net-price-calculator,13832,5664,7584,5135,5283,7694,8995,13368,medium,,,6000,48145,,,,,,,,40.609681,-74.688127,DRIVE,600
186867,Stevens Institute of Technology,Hoboken,NJ,2,4222,www.stevens.edu/,https://npc.collegeboard.org/app/stevens,79790,63462,63462,27221,27603,33102,38095,49538,critical,0.8688,0.8156,23250,108772,0.4758,670,735,710,770,31,34,40.744776,-74.025334,DRIVE,600
186876,Stockton University,Galloway,NJ,1,7537,https://www.stockton.edu/,https://stockton.clearcostcalculator.com/student/default/netpricecalculator/survey,35139,16266,24524,15135,14264,18964,26140,28601,critical,0.6854,0.6413,16380,57602,0.8894,530,620,500,610,21,25,39.492036,-74.531087,DRIVE,600
187046,Thomas Edison State University,Trenton,NJ,1,6707,www.tesu.edu/,www.tesu.edu/tuition/net-price-calculator,,6838,8856,,,,,,,,,7813,69331,,,,,,,,40.220487,-74.768562,DRIVE,600
187134,The College of New Jersey,Ewing,NJ,1,7105,https://www.tcnj.edu/,https://netpricecalc.tcnj.edu/netpricecalc/,38860,19632,25752,7908,14028,22642,30942,35222,high,0.8585,0.8467,21500,73323,0.6229,570,670,570,670,26,31,40.268651,-74.778791,DRIVE,600
187198,UCNJ Union College of Union County New Jersey,Cranford,NJ,1,7939,https://www.ucc.edu/,https://www.ucc.edu/npc/,13569,5280,9500,6880,7213,9362,11407,11965,medium,,,8500,41595,,,,,,,,40.668595,-74.319138,DRIVE,600
187444,William Paterson University of New Jersey,Wayne,NJ,1,6614,www.wpunj.edu/,www.wpunj.edu/financial-aid/net_price_calc.html,28476,15704,25344,16171,18287,18505,22862,24917,critical,0.4396,0.3575,15750,57780,0.9008,,,,,,,40.945255,-74.200248,DRIVE,600
187532,Central New Mexico Community College,Albuquerque,NM,1,15203,https://www.cnm.edu/,https://www.cnm.edu/ext/financial-aid-calculator/npcalc.htm,11600,2060,8684,2975,3721,5897,8453,9432,medium,,,4500,36869,,,,,,,,35.071878,-106.628861,FLY,2500
187596,Navajo Technical University,Crownpoint,NM,1,1124,www.navajotech.edu/,https://sites.google.com/a/navajotech.edu/net-price-calculator/,13049,4346,4346,4293,4458,5806,10221,10821,medium,0.1188,0.1235,,26364,,,,,,,,35.687431,-108.149392,FLY,2500
187620,New Mexico State University-Dona Ana,Las Cruces,NM,1,5177,dacc.nmsu.edu/,https://fa.nmsu.edu/npc/index.html,14397,2322,6360,5475,5904,7663,10624,13381,medium,,,10250,39067,,,,,,,,32.354486,-106.737172,FLY,2500
187639,Clovis Community College,Clovis,NM,1,1309,https://www.clovis.edu/,www.clovis.edu/financialaid/netpricecalculator/npcalc.htm,10043,1592,3344,2226,3767,4765,9470,,low,,,5750,34020,,,,,,,,34.402483,-103.165886,FLY,2500
187648,Eastern New Mexico University-Main Campus,Portales,NM,1,3357,www.enmu.edu/,www.enmu.edu/financial-aid/net-price-calculator,18940,7194,9174,3663,3080,5960,8388,9996,medium,0.4509,0.427,11000,38550,0.9166,430,540,400,520,17,23,34.175592,-103.34819,FLY,2500
187666,Eastern New Mexico University-Roswell Campus,Roswell,NM,1,1300,www.roswell.enmu.edu/,www.roswell.enmu.edu/financial-aid/?tabsid=finaidimportanttabs&tab=4&scrollto=netprice,11816,2256,5616,2982,3580,5253,7907,,medium,,,11000,38550,,,,,,,,33.313167,-104.525718,FLY,2500
187745,Institute of American Indian and Alaska Native Culture and Arts Development,Santa Fe,NM,1,334,https://iaia.edu/,https://iaia.edu/netprice/,24854,5920,5920,10974,11718,12454,21413,,high,0.1463,0.2,,24505,0.9747,,,,,,,35.586563,-106.010015,FLY,2500
187897,New Mexico Highlands University,Las Vegas,NM,1,1451,https://www.nmhu.edu/,https://www.nmhu.edu/netprice/,20868,7416,12336,13511,13947,15175,16508,16530,high,0.2618,0.2619,9500,45937,,,,,,,,35.596233,-105.219197,FLY,2500
187903,New Mexico Junior College,Hobbs,NM,1,2175,https://www.nmjc.edu/,https://www.nmjc.edu/about/consumer_information/NetPrice/index.html,9258,1440,2280,6000,6697,7669,,,medium,,,5500,34233,,,,,,,,32.757808,-103.182896,FLY,2500
187912,New Mexico Military Institute,Roswell,NM,1,331,https://www.nmmi.edu/,https://www.nmmi.edu/net-price-calculator/,19121,7190,14156,2772,4062,5935,4210,10106,medium,,,4549,57410,0.526,,,,,,,33.409617,-104.524448,FLY,2500
187958,University of New Mexico-Gallup Campus,Gallup,NM,1,808,www.gallup.unm.edu/,https://npc.collegeboard.org/student/app/unm,11620,2906,5682,4197,5151,6935,9383,,medium,,,13698,44792,,,,,,,,35.502662,-108.727252,FLY,2500
187967,New Mexico Institute of Mining and Technology,Socorro,NM,1,995,https://www.nmt.edu/,https://www.nmt.edu/finaid/cost.php,24967,9476,27247,5136,7640,10106,14753,13464,medium,0.5705,0.5673,11057,76489,0.4449,550,660,530,650,20,29,34.067041,-106.905211,FLY,2500
187976,University of New Mexico-Los Alamos Campus,Los Alamos,NM,1,218,losalamos.unm.edu/,https://npc.collegeboard.org/student/app/unm,17783,2214,5686,10916,13213,15910,,17783,high,,,13698,44792,,,,,,,,35.886153,-106.319557,FLY,2500
187985,University of New Mexico-Main Campus,Albuquerque,NM,1,17244,www.unm.edu/,https://npc.collegeboard.org/student/app/unm,21259,10140,33060,11938,13045,16196,17906,19053,high,0.5469,0.4852,13698,44792,0.9518,460,600,430,570,19,26,35.083868,-106.620155,FLY,2500
187994,New Mexico State University-Alamogordo,Alamogordo,NM,1,591,alamogordo.nmsu.edu/,https://fa.nmsu.edu/npc/index.html,15728,2616,6072,6714,8081,9132,10249,,medium,,,10250,39067,,,,,,,,32.92033,-105.926241,FLY,2500
188003,Southeast New Mexico College,Carlsbad,NM,1,469,senmc.edu/,https://senmc.edu/financial-aid/index.html,13604,1176,4008,5147,6466,6176,,,medium,,,,,,,,,,,,32.442028,-104.265536,FLY,2500
188021,New Mexico State University-Grants,Grants,NM,1,356,grants.nmsu.edu/,https://fa.nmsu.edu/npc/index.html,8514,2136,4272,248,-789,846,-3338,,low,,,10250,39067,,,,,,,,35.165965,-107.843638,FLY,2500
188030,New Mexico State University-Main Campus,Las Cruces,NM,1,11946,www.nmsu.edu/,https://fa.nmsu.edu/npc/index.html,23274,8183,25307,6648,7424,9861,13146,14049,medium,0.5517,0.5044,10250,39067,0.8897,450,570,420,540,17,24,32.281568,-106.752069,FLY,2500
188049,University of New Mexico-Valencia County Campus,Los Lunas,NM,1,525,valencia.unm.edu/,https://npc.collegeboard.org/student/app/unm,13469,1878,5130,3797,6420,8968,11667,,medium,,,13698,44792,,,,,,,,34.728683,-106.705371,FLY,2500
188058,Northern New Mexico College,Espanola,NM,1,926,https://nnmc.edu/,https://nnmc.edu/paying-for-college/net-price-calculator.html,19702,6400,14328,7187,7539,6811,8097,,medium,0.2866,0.2203,6500,38112,,,,,,,,36.004073,-106.084395,FLY,2500
188100,San Juan College,Farmington,NM,1,4304,www.sanjuancollege.edu/,https://www.sanjuancollege.edu/admissions-aid/financial-aid/net-price-calculator/,15140,1928,5412,5647,4474,7083,10143,,medium,,,6253,36513,,,,,,,,36.770446,-108.169468,FLY,2500
188137,Santa Fe Community College,Santa Fe,NM,1,3369,https://www.sfcc.edu/,https://www.sfcc.edu/wp-content/uploads/2024/06/index.html,18405,1851,4131,10145,11255,13688,,,high,,,9604,38005,,,,,,,,35.605871,-105.998054,FLY,2500
188182,University of the Southwest,Hobbs,NM,2,346,https://www.usw.edu/,https://www.usw.edu/admissions/sfaid/cost-of-attendance/net-price-calculator,28210,16670,16670,15384,14090,15943,20077,21985,critical,0.1698,0.1923,14000,45389,,,,,,,,32.775496,-103.186948,FLY,2500
188216,Southwestern Indian Polytechnic Institute,Albuquerque,NM,1,215,www.sipi.edu/,https://www.sipi.edu/apps/pages/netpricecalculator,12125,1095,1095,4302,5900,7418,2850,,medium,,,,27660,,,,,,,,35.176084,-106.664475,FLY,2500
188225,University of New Mexico-Taos Campus,Ranchos de Taos,NM,1,377,taos.unm.edu/,https://npc.collegeboard.org/student/app/unm,16228,2136,5136,8480,9785,10288,,,high,,,13698,44792,,,,,,,,36.348861,-105.651709,FLY,2500
188261,Mesalands Community College,Tucumcari,NM,1,411,www.mesalands.edu/,https://www.mesalands.edu/NetPriceCalculator/index.html,15975,2136,3408,9778,,6353,10855,11655,high,,,5295,32272,,,,,,,,35.170332,-103.736303,FLY,2500
188304,Western New Mexico University,Silver City,NM,1,2026,wnmu.edu/,https://wnmu.edu/net-price-calculator/,21562,7856,14342,8381,8336,12493,,13210,high,0.3223,0.2745,12500,39095,,,,,,,,32.7767,-108.283284,FLY,2500
188340,Vaughn College of Aeronautics and Technology,Flushing,NY,2,1302,www.vaughn.edu/,www.vaughn.edu/admissions-aid/financial-aid/college-calculator/,47346,29810,29810,38079,40001,41305,43077,43008,critical,0.3919,0.3944,14000,64973,,,,,,,,40.768348,-73.881721,DRIVE,1000
188429,Adelphi University,Garden City,NY,2,5276,www.adelphi.edu/,https://financial-aid.adelphi.edu/net-price-calculator/,63189,49110,49110,24095,24700,28681,32337,35672,critical,0.6715,0.6285,20500,75482,0.6591,570,660,550,680,24,30,40.721439,-73.653321,DRIVE,1000
188438,SUNY Adirondack,Queensbury,NY,1,1844,https://www.sunyacc.edu/,https://www.sunyacc.edu/admissions-aid/tuitions-fees/net-price-calculator,17087,6844,9616,7491,8467,11860,14322,15839,medium,,,8494,41267,,,,,,,,43.351839,-73.654813,DRIVE,1000
188517,Bryant & Stratton College-Albany,Albany,NY,2,240,https://www.bryantstratton.edu/,https://www.bryantstratton.edu/financial-aid/net-price-calculator,23359,18374,18374,12332,,15007,,,high,0.2857,0.3214,9500,32568,,,,,,,,42.698125,-73.809977,DRIVE,1000
188526,Albany College of Pharmacy and Health Sciences,Albany,NY,2,481,www.acphs.edu/,acphs.edu/net-price-calculator,54899,41475,41475,22404,22566,29395,31067,33753,critical,0.6754,0.5439,25000,131426,0.5269,550,680,560,700,23,31,42.650371,-73.779063,DRIVE,1000
188641,Alfred University,Alfred,NY,2,1423,www.alfred.edu/,https://www.alfred.edu/admissions/affording-alfred/net-price-calculator.cfm,57445,41500,41500,16512,15067,22125,28280,33388,critical,0.5698,0.4744,17751,54897,0.7384,555,660,540,650,24,29,42.254476,-77.788106,DRIVE,1000
188678,American Academy of Dramatic Arts-New York,New York,NY,2,187,www.aada.edu/,www.aada.edu/admissions/calculator.html,62554,40650,40650,50799,51926,57280,58224,58766,critical,,,12000,27019,0.9196,,,,,,,40.745545,-73.984843,DRIVE,1000
188687,American Academy McAllister Institute of Funeral Service,New York,NY,2,270,www.funeraleducation.org/,npc.collegeboard.org/app/funeraleducation,26418,20018,20018,19506,22331,26418,,,critical,,,11000,54695,,,,,,,,40.757105,-73.986466,DRIVE,1000
188854,American Musical and Dramatic Academy,New York,NY,2,1438,www.amda.edu/,tcc.ruffalonl.com/american musical and dramatic academy/freshman-students,65647,46928,46928,25437,27924,43968,51214,59423,critical,0.7164,0.6329,12000,26975,0.2448,,,,,,,40.772275,-73.987549,DRIVE,1000
188942,Associated Beth Rivkah Schools,Brooklyn,NY,2,254,https://www.bethrivkah.edu/dhl,https://www.bethrivkah.edu/dhl-information-and-disclosures,32924,11200,11200,21664,22363,23387,27789,,critical,0.7746,0.8667,,17686,0.8411,,,,,,,40.666034,-73.949796,DRIVE,1000
189088,Bard College,Annandale-On-Hudson,NY,2,2414,www.bard.edu/,https://npc.collegeboard.org/student/app/bard,84553,66436,66436,19012,21038,22139,28185,44873,critical,0.6756,0.6897,19000,46543,0.5212,650,750,620,700,28,32,42.020386,-73.909927,DRIVE,1000
189097,Barnard College,New York,NY,2,3264,www.barnard.edu/,https://barnard.edu/finaid/estimate-your-eligibility,89538,69888,69888,11600,15374,19094,24753,51378,high,0.9302,0.9459,15750,80516,0.0884,730,770,740,790,32,34,40.810098,-73.963346,DRIVE,1000
189282,Mount Sinai Phillips School of Nursing,New York,NY,2,311,www.pson.edu/,nces.ed.gov/ipeds/netpricecalculator/,,,,,,,,,,1,,18750,96980,,,,,,,,40.804778,-73.936639,DRIVE,1000
189413,Boricua College,New York,NY,2,391,https://www.boricuacollege.edu/,https://www.boricuacollege.edu/registration-tuition-fees,24213,13025,13025,14809,13907,23253,,,high,0.806,0.8095,6347,35348,,,,,,,,40.833434,-73.9458,DRIVE,1000
189547,SUNY Broome Community College,Binghamton,NY,1,3055,www.sunybroome.edu/,https://www.suny.edu/howmuch/netpricecalculator.xhtml,16640,8624,14288,5143,6903,9735,13147,15944,medium,,,7727,39710,,,,,,,,42.135872,-75.908065,DRIVE,1000
189565,Bryant & Stratton College-Syracuse North,Liverpool,NY,2,458,https://www.bryantstratton.edu/,https://www.bryantstratton.edu/financial-aid/net-price-calculator,25249,18768,18768,15369,10504,,,,critical,0.3163,0.3143,9500,32568,,,,,,,,43.149337,-76.230807,DRIVE,1000
189583,Bryant & Stratton College-Buffalo,Buffalo,NY,2,743,https://www.bryantstratton.edu/,https://www.bryantstratton.edu/financial-aid/net-price-calculator,24969,18910,18910,14155,12709,14868,,,high,0.2121,0.2346,9500,32568,,,,,,,,42.887197,-78.869108,DRIVE,1000
189592,Bryant & Stratton College-Greece,Rochester,NY,2,363,https://www.bryantstratton.edu/,https://www.bryantstratton.edu/financial-aid/net-price-calculator,24114,20073,20073,11867,,3852,,,high,0.1,0.093,9500,32568,,,,,,,,43.240547,-77.69559,DRIVE,1000
189705,Canisius University,Buffalo,NY,2,1685,https://www.canisius.edu/,https://canisius.studentaidcalculator.com/welcome.aspx,44322,34500,34500,12781,12404,16151,21341,24170,high,0.6639,0.5924,19000,60681,0.7236,,,,,,,42.925206,-78.852577,DRIVE,1000
189839,Cayuga County Community College,Auburn,NY,1,1187,https://www.cayuga-cc.edu/,https://www.cayuga-cc.edu/financial-aid/resources/npc/,16709,7056,12336,5334,6485,10243,13743,15726,medium,,,6462,38709,,,,,,,,42.943726,-76.542867,DRIVE,1000
189857,Central Yeshiva Tomchei Tmimim Lubavitz,Brooklyn,NY,2,863,https://cyttl.edu/,https://cyttl.edu/links/,29697,8400,8400,20648,21223,21604,23027,24662,critical,0.0513,0.0476,,35023,0.8743,,,,,,,40.669694,-73.938778,DRIVE,1000
190044,Clarkson University,Potsdam,NY,2,2196,https://www.clarkson.edu/,https://www.clarkson.edu/net-price-calculator,79022,59398,59398,21335,19934,23321,30990,35757,critical,0.7491,0.7005,21714,89696,0.7736,590,690,610,700,25,32,44.662716,-74.999359,DRIVE,1000
190053,Clinton Community College,Plattsburgh,NY,1,400,https://www.clinton.edu/,https://www.suny.edu/howmuch/netpricecalculator.xhtml,16318,6831,6831,7778,9114,9675,11656,11719,high,,,8125,39246,,,,,,,,44.64841,-73.439739,DRIVE,1000
190071,Cochran School of Nursing,Yonkers,NY,2,117,www.cochranschoolofnursing.us/,www.cochranschoolofnursing.us/Admissions/SummaryofCost.aspx,,,,,,,,,,,,17796,99503,,,,,,,,40.969116,-73.885705,DRIVE,1000
190099,Colgate University,Hamilton,NY,2,3180,https://www.colgate.edu/,https://npc.collegeboard.org/app/colgate,87070,70306,70306,6086,2678,13617,21831,48234,medium,0.9117,0.9434,13000,85139,0.1388,710,760,720,780,33,34,42.819475,-75.536346,DRIVE,1000
190114,Metropolitan College of New York,New York,NY,2,402,https://www.mcny.edu/,https://apply.mcny.edu/register/npc,34203,20188,20188,28752,29172,,,,critical,0.4,0.4231,20000,46236,0.9,,,,,,,40.708706,-74.014702,DRIVE,1000
190150,Columbia University in the City of New York,New York,NY,2,8973,www.columbia.edu/,cc-seas.financialaid.columbia.edu/estimate-cost,89472,71845,71845,4570,2275,5866,11782,50621,medium,0.961,0.9313,18750,102491,0.0399,740,780,770,800,34,35,40.808286,-73.961885,DRIVE,1000
190169,Columbia-Greene Community College,Hudson,NY,1,876,https://www.columbiagreene.edu/,https://www.columbiagreene.edu/tuition-financial-aid/net-price-calculator/,14261,6048,11448,4979,4173,8800,10637,13103,medium,,,9000,44441,,,,,,,,42.217613,-73.818113,DRIVE,1000
190372,The Cooper Union for the Advancement of Science and Art,New York,NY,2,842,https://www.cooper.edu/,https://cooper.edu/admissions/sfs,64190,46820,46820,3749,6904,10457,16682,25870,medium,0.8111,0.7872,12375,83847,0.2071,653,748,642,753,28,34,40.728148,-73.991609,DRIVE,1000
190415,Cornell University,Ithaca,NY,2,15995,www.cornell.edu/,https://npc.collegeboard.org/app/cornell,88140,69314,69314,1776,4070,6796,14311,49992,low,0.9538,0.9236,13000,104043,0.0876,730,770,770,800,33,35,42.4472,-76.483084,DRIVE,1000
190442,SUNY Corning Community College,Corning,NY,1,1138,https://www.corning-cc.edu/,https://www.suny.edu/howmuch/netpricecalculator.xhtml,14197,6534,10326,3331,4869,8799,11178,13524,medium,,,8750,38817,,,,,,,,42.116736,-77.072138,DRIVE,1000
190451,Pomeroy College of Nursing at Crouse Hospital,East Syracuse,NY,2,173,www.crouse.org/nursing,www.crouse.org/nursing/aid/financial-aid-programs/,,21213,21213,,,,,,,,,12000,83972,0.7778,,,,,,,43.101054,-76.056002,DRIVE,1000
190503,Culinary Institute of America,Hyde Park,NY,2,3011,www.ciachef.edu/,https://ciachef.clearcostcalculator.com/student/default/netpricecalculator/survey,58790,39850,39850,29690,29527,34603,38087,41789,critical,0.6292,0.5976,12000,47475,0.9115,478,600,450,583,17,23,41.745806,-73.933231,DRIVE,1000
190512,CUNY Bernard M Baruch College,New York,NY,1,16154,www.baruch.cuny.edu/,https://npc.cuny.edu/npc/public/fin_aid/financial_aid_estimator/FinAidEstimator.jsp,14170,7464,15414,607,2052,6312,8623,12314,low,0.7212,0.7381,10000,75971,0.4752,550,690,550,710,,,40.740238,-73.983417,DRIVE,1000
190521,CUNY Borough of Manhattan Community College,New York,NY,1,18623,www.bmcc.cuny.edu/,https://npc.cuny.edu/npc/public/fin_aid/financial_aid_estimator/FinAidEstimator.jsp,12866,5170,8050,4057,4837,7460,8927,12016,medium,,,5550,42306,,,,,,,,40.71879,-74.011826,DRIVE,1000
190530,CUNY Bronx Community College,Bronx,NY,1,5964,www.bcc.cuny.edu/,https://npc.cuny.edu/npc/public/fin_aid/financial_aid_estimator/FinAidEstimator.jsp,12677,5206,8086,3667,4507,7190,8545,10195,medium,,,6430,41307,,,,,,,,40.858112,-73.912043,DRIVE,1000
190549,CUNY Brooklyn College,Brooklyn,NY,1,10543,www.brooklyn.edu/,npc.cuny.edu/npc/public/fin_aid/financial_aid_estimator/FinAidEstimator.jsp,14151,7452,15402,1029,2287,6193,8917,12254,low,0.5386,0.5294,9218,60752,0.5836,460,660,490,680,,,40.631517,-73.949898,DRIVE,1000
190558,College of Staten Island CUNY,Staten Island,NY,1,9657,www.csi.cuny.edu/,https://npc.cuny.edu/npc/public/fin_aid/financial_aid_estimator/FinAidEstimator.jsp,14795,7490,15440,3903,4473,7364,9923,13444,medium,0.3393,0.3258,8846,53501,0.9234,460,620,430,630,,,40.601831,-74.14849,DRIVE,1000
190567,CUNY City College,New York,NY,1,12505,www.ccny.cuny.edu/,https://npc.cuny.edu/npc/public/fin_aid/financial_aid_estimator/FinAidEstimator.jsp,14403,7340,15290,1251,2990,6811,9982,12806,low,0.5682,0.5654,9775,66039,0.6002,540,700,530,730,,,40.819846,-73.948542,DRIVE,1000
190576,CUNY Graduate School and University Center,New York,NY,1,3254,www.gc.cuny.edu/,https://npc.cuny.edu/npc/public/fin_aid/financial_aid_estimator/FinAidEstimator.jsp,,7235,15185,,,,,,,,,9800,65991,0.6849,,,,,,,40.748612,-73.983822,DRIVE,1000
190585,CUNY Hostos Community College,Bronx,NY,1,4900,www.hostos.cuny.edu/,https://npc.cuny.edu/npc/public/fin_aid/financial_aid_estimator/FinAidEstimator.jsp,13069,5254,8134,4541,5401,7615,9074,12248,medium,,,6000,40485,,,,,,,,40.81812,-73.926759,DRIVE,1000
190594,CUNY Hunter College,New York,NY,1,16289,www.hunter.cuny.edu/,https://npc.cuny.edu/npc/public/fin_aid/financial_aid_estimator/FinAidEstimator.jsp,13905,7382,15332,1029,1935,6003,8810,12259,low,0.5686,0.5719,8812,63163,0.538,550,700,550,720,,,40.768669,-73.964795,DRIVE,1000
190600,CUNY John Jay College of Criminal Justice,New York,NY,1,11590,www.jjay.cuny.edu/,https://npc.cuny.edu/npc/public/fin_aid/financial_aid_estimator/FinAidEstimator.jsp,14212,7470,15420,1073,2506,6760,8427,13292,low,0.5583,0.5836,9250,56195,0.5711,480,620,450,600,,,40.770351,-73.98841,DRIVE,1000
190619,CUNY Kingsborough Community College,Brooklyn,NY,1,7670,www.kbcc.cuny.edu/,https://npc.cuny.edu/npc/public/fin_aid/financial_aid_estimator/FinAidEstimator.jsp,13580,5252,8132,4664,5388,8270,9595,11273,medium,,,5500,42621,,,,,,,,40.577222,-73.935812,DRIVE,1000
190628,CUNY LaGuardia Community College,Long Island City,NY,1,11254,www.lagcc.cuny.edu/,https://npc.cuny.edu/npc/public/fin_aid/financial_aid_estimator/FinAidEstimator.jsp,13648,5218,8098,5269,5767,8282,9478,12745,medium,,,5217,41653,,,,,,,,40.7445,-73.935057,DRIVE,1000
190637,CUNY Lehman College,Bronx,NY,1,10696,www.lehman.edu/,https://npc.cuny.edu/npc/public/fin_aid/financial_aid_estimator/FinAidEstimator.jsp,14121,7410,15360,1589,2374,6834,9696,13600,low,0.5128,0.517,8500,58013,0.5658,440,590,410,560,,,40.872962,-73.895379,DRIVE,1000
190646,CUNY Medgar Evers College,Brooklyn,NY,1,3233,https://www.mec.cuny.edu/,https://npc.cuny.edu/npc/public/fin_aid/financial_aid_estimator/FinAidEstimator.jsp,14771,7352,15302,4368,5547,8661,10131,14006,medium,0.1977,0.2191,7400,46498,0.8605,440,520,410,500,,,40.666256,-73.957076,DRIVE,1000
190655,CUNY New York City College of Technology,Brooklyn,NY,1,13580,www.citytech.cuny.edu/,https://npc.cuny.edu/npc/public/fin_aid/financial_aid_estimator/FinAidEstimator.jsp,14110,7332,15282,3810,4606,7886,9809,13043,medium,0.2147,0.2376,7000,49365,0.8029,460,570,440,570,,,40.695483,-73.987856,DRIVE,1000
190664,CUNY Queens College,Queens,NY,1,12550,https://www.qc.cuny.edu/,https://npc.cuny.edu/npc/public/fin_aid/financial_aid_estimator/FinAidEstimator.jsp,14367,7538,15488,1541,3133,6785,9110,12700,low,0.5325,0.527,8580,62763,0.6435,500,650,510,640,,,40.736416,-73.820053,DRIVE,1000
190673,CUNY Queensborough Community College,Bayside,NY,1,8940,www.qcc.cuny.edu/,https://npc.cuny.edu/npc/public/fin_aid/financial_aid_estimator/FinAidEstimator.jsp,12392,5210,8090,3321,3955,6692,8211,10941,medium,,,5500,44214,,,,,,,,40.755481,-73.756656,DRIVE,1000
190691,CUNY York College,Jamaica,NY,1,4345,www.york.cuny.edu/,https://npc.cuny.edu/npc/public/fin_aid/financial_aid_estimator/FinAidEstimator.jsp,14330,7358,15308,2861,4161,7426,9383,12520,medium,0.3225,0.3333,7500,56945,0.641,410,480,380,480,,,40.701576,-73.796313,DRIVE,1000
190716,D'Youville  University,Buffalo,NY,2,1258,https://www.dyu.edu/,https://www.dyu.edu/cost-aid,48539,34940,34940,16259,15826,19722,24476,27794,critical,0.6749,0.5306,19750,66942,0.8137,510,610,485,610,,,42.902636,-78.890868,DRIVE,1000
190725,Daemen University,Amherst,NY,2,1643,www.daemen.edu/,www.daemen.edu/admissions/tuition-fees,45192,35218,35218,10773,13276,17289,18863,25356,high,0.5888,0.4365,15041,61808,0.6826,,,,,,,42.965605,-78.788111,DRIVE,1000
190761,Dominican University New York,Orangeburg,NY,2,1105,www.duny.edu/,www.duny.edu/admissions/financial-aid-2/net-price-calculator/,47802,34220,34220,40695,41082,42353,43764,42337,critical,0.5251,0.6,18250,61171,0.633,,,,,,,41.047419,-73.950555,DRIVE,1000
190840,Dutchess Community College,Poughkeepsie,NY,1,3824,https://www.sunydutchess.edu/,https://www.sunydutchess.edu/about/facts/consumer-information,17159,5670,10670,6141,7736,11586,14886,16527,medium,,,5500,43929,,,,,,,,41.724245,-73.904652,DRIVE,1000
190956,Belanger School of Nursing,Schenectady,NY,2,162,https://www.ellismedicine.org/school-of-nursing/,https://www.ellismedicine.org/netpricecalculator/,18492,12444,12444,13185,,,,,high,,,11750,79677,0,,,,,,,42.802979,-73.915884,DRIVE,1000
190983,Elmira College,Elmira,NY,2,708,https://www.elmira.edu/,https://www.elmira.edu/affordability/tuition-aid-resources/net-price-calculator,52449,38976,38976,17392,16586,19938,23309,27418,critical,0.6471,0.7143,20230,57550,0.7696,568,694,522,691,26,29,42.0961,-76.813459,DRIVE,1000
191083,Erie Community College,Buffalo,NY,1,6099,www.ecc.edu/,www.suny.edu/howmuch/,14348,6100,11300,5730,7506,9571,11798,13912,medium,,,5500,41228,,,,,,,,42.881771,-78.872679,DRIVE,1000
191126,Fashion Institute of Technology,New York,NY,1,7637,www.fitnyc.edu/,https://www.fitnyc.edu/admissions/costs/net-price-calculator.php,26838,6294,16874,14117,16238,20406,21979,26070,high,0.8068,0.7617,12000,62696,0.6024,,,,,,,40.74731,-73.994781,DRIVE,1000
191199,Finger Lakes Community College,Canandaigua,NY,1,2980,www.flcc.edu/,www.flcc.edu/costs/netcalculator,19900,6234,8418,11044,12386,15248,17058,19157,high,,,8250,40054,,,,,,,,42.867556,-77.241801,DRIVE,1000
191241,Fordham University,Bronx,NY,2,10512,https://www.fordham.edu/,https://www.fordham.edu/undergraduate-financial-aid/financing-your-fordham-education/net-price-calculator/,82762,64915,64915,32474,31657,37313,42030,52228,critical,0.8191,0.8087,20500,85569,0.5931,660,730,660,750,30,33,40.859354,-73.882705,DRIVE,1000
191302,Fulton-Montgomery Community College,Johnstown,NY,1,1001,www.fmcc.edu/,www.fmcc.edu/admissions-aid/affordability,14226,6198,6798,4242,6390,9323,10771,13601,medium,,,8500,39535,,,,,,,,42.983805,-74.297492,DRIVE,1000
191339,Genesee Community College,Batavia,NY,1,1973,https://www.genesee.edu/,https://www.genesee.edu/pay-for-college/tuition-and-fees/#suny-net-price-calculator,15959,5900,6500,4635,5900,9715,13186,15098,medium,,,6549,39674,,,,,,,,43.017016,-78.138079,DRIVE,1000
191515,Hamilton College,Clinton,NY,2,2030,https://www.hamilton.edu/,https://npc.collegeboard.org/app/hamilton,84230,68960,68960,8028,9489,10863,20614,46907,high,0.9063,0.9101,15015,78411,0.1362,720,770,730,780,33,35,43.050245,-75.408195,DRIVE,1000
191533,Hartwick College,Oneonta,NY,2,1087,www.hartwick.edu/,www.hartwick.edu/admissions/net-price-calculator/,68614,54962,54962,22584,30229,35177,35614,33129,critical,0.5332,0.5494,17500,61107,0.696,540,670,530,620,,,42.457599,-75.071994,DRIVE,1000
191597,Helene Fuld College of Nursing,New York,NY,2,914,https://www.helenefuld.edu/,https://www.helenefuld.edu/net_price/aas/gbscalculator.php,51340,25852,25852,,,43023,51340,,,,,14292,111027,0.1695,,,,,,,40.802495,-73.943356,DRIVE,1000
191612,Herkimer County Community College,Herkimer,NY,1,1168,www.herkimer.edu/,www.herkimer.edu/npc,20149,5776,5776,10545,12616,14915,16059,19479,high,,,6500,39199,,,,,,,,43.032738,-75.007206,DRIVE,1000
191621,Hilbert College,Hamburg,NY,2,921,www.hilbert.edu/,https://www.hilbert.edu/admissions-aid/cost-aid/tuition-fees/undergraduate-costs/cost-calculator/,42114,33740,33740,20903,20389,23162,24732,24329,critical,0.5631,0.4909,15000,48309,0.972,,,,,,,42.75464,-78.820257,DRIVE,1000
191630,Hobart William Smith Colleges,Geneva,NY,2,1786,www.hws.edu/,https://www.hws.edu/admissions/tuition-scholarships-and-aid/financial-aid-calculators.aspx,82602,65117,65117,14650,12639,22108,23149,39740,high,0.7725,0.7795,24250,68831,0.6399,610,700,580,685,28,32,42.858131,-76.985516,DRIVE,1000
191649,Hofstra University,Hempstead,NY,2,6488,www.hofstra.edu/,https://www.hofstra.edu/admission/adm_netprice.html,70624,57660,57660,28219,31387,33450,36769,37348,critical,0.6854,0.5852,18518,69039,0.6808,620,700,610,700,28,32,40.715959,-73.60078,DRIVE,1000
191676,Houghton University,Houghton,NY,2,753,www.houghton.edu/,https://admission.houghton.edu/register/calculator,31143,18430,18430,19147,18503,19312,19974,22424,critical,0.6522,0.5538,20313,46721,0.8866,600,695,570,680,26,31,42.426137,-78.155426,DRIVE,1000
191719,Hudson Valley Community College,Troy,NY,1,6499,www.hvcc.edu/,https://www.hvcc.edu/npc/index.html,15757,6796,11852,5048,6490,10442,12829,15230,medium,,,5713,45460,,,,,,,,42.696509,-73.683734,DRIVE,1000
191931,Iona University,New Rochelle,NY,2,2951,www.iona.edu/,https://www.iona.edu/offices/student-financial-services/costs-attendance/net-price-calculator,60247,47260,47260,25785,27075,28601,29598,32295,critical,0.56,0.4575,19500,73595,0.8694,570,650,540,650,24,29,40.925725,-73.788046,DRIVE,1000
191968,Ithaca College,Ithaca,NY,2,4242,https://www.ithaca.edu/,https://collegepricecalculator.com/ithacacollege,68699,53540,53540,21901,23335,28832,31846,38785,critical,0.7623,0.7238,19500,63548,0.6901,630,710,600,680,27,30,42.422154,-76.494136,DRIVE,1000
191986,Jamestown Community College,Jamestown,NY,1,1739,https://www.sunyjcc.edu/,https://www.suny.edu/howmuch/netpricecalculator.xhtml,18243,6840,6840,7229,8662,11895,13776,16306,medium,,,6037,38242,,,,,,,,42.1146,-79.218967,DRIVE,1000
192022,Jefferson Community College,Watertown,NY,1,1499,https://www.sunyjefferson.edu/,https://www.sunyjefferson.edu/costs-aid/net-price-calculator.php,19286,6264,11700,8754,9100,13669,15928,18472,high,,,7685,39991,,,,,,,,43.992827,-75.935051,DRIVE,1000
192040,Jewish Theological Seminary of America,New York,NY,2,172,www.jtsa.edu/,https://npc.collegeboard.org/student/app/jtsa,85945,67357,67357,,,,26445,51570,,0.9032,1,14976,92751,0.4861,720,790,720,790,,,40.811892,-73.960582,DRIVE,1000
192110,The Juilliard School,New York,NY,2,468,www.juilliard.edu/,www.juilliard.edu/campus-life/financial-aid/net-price-calculator,83892,57950,57950,30168,31507,40705,35563,51160,critical,0.9256,0.8571,25000,37827,0.0915,,,,,,,40.773725,-73.982913,DRIVE,1000
192165,Kehilath Yakov Rabbinical Seminary,Ossining,NY,2,205,kehilathyakov.com/,kehilathyakov.com/,17850,13200,13200,3505,2480,6931,7722,,medium,0.6341,0.7647,,36442,,,,,,,,41.220521,-73.814887,DRIVE,1000
192192,Keuka College,Keuka Park,NY,2,966,https://www.keuka.edu/,https://www.keuka.edu/npc,54760,39332,39332,19368,19762,21808,30357,26748,critical,0.5836,0.5347,21418,58289,0.6808,,,,,,,42.615253,-77.090562,DRIVE,1000
192323,Le Moyne College,Syracuse,NY,2,2439,www.lemoyne.edu/,www.lemoyne.edu/admission-financial-aid/cost-financial-aid/cost-calculator/,53183,40330,40330,14535,18468,21107,23600,27034,high,0.7313,0.6304,18435,62731,0.8298,580,670,580,660,25,30,43.049192,-76.090435,DRIVE,1000
192448,Long Island University,Brookville,NY,2,5520,www.liu.edu/,webapps2.liu.edu/netpricecalc/Calculator.aspx?campus=P,55424,42432,42432,22019,20408,24516,27001,52826,critical,0.5707,0.5361,19500,59950,0.8616,560,670,550,680,21,30,40.820714,-73.593678,DRIVE,1000
192624,Machzikei Hadath Rabbinical College,Brooklyn,NY,2,131,https://mhrc.edu/,https://mhrc.edu/links/,30053,13500,13500,16464,16553,16553,,,critical,0.3333,0.3077,,41527,1,,,,,,,40.627937,-73.988378,DRIVE,1000
192703,Manhattan University,Riverdale,NY,2,2744,www.manhattan.edu/,https://manhattan.edu/admissions/undergraduate/pay-for-college/cost-calculator,64348,53400,53400,27281,23097,28454,26808,28188,critical,0.6371,0.5648,21500,86316,0.7894,580,680,600,678,25,29,40.889756,-73.901893,DRIVE,1000
192712,Manhattan School of Music,New York,NY,2,539,https://www.msmnyc.edu/,https://www.msmnyc.edu/admission/scholarships-financial-aid/net-price-calculator/calculator-net-price/,77703,57050,57050,31392,38143,46638,48042,56540,critical,0.7832,0.7917,25125,26878,0.4078,,,,,,,40.812312,-73.961334,DRIVE,1000
192749,Manhattanville University,Purchase,NY,2,1362,https://www.mville.edu/,https://www.mville.edu/admissions-and-aid/financial-aid/net-price-calculator.php,53499,44604,44604,13548,15131,18072,23287,27319,high,0.5842,0.5315,20090,58832,0.8734,,,,,,,41.032187,-73.715645,DRIVE,1000
192785,Maria College of Albany,Albany,NY,2,656,www.mariacollege.edu/,https://mariacollege.edu/wp-content/uploads/2025/09/index-4.html,21798,18740,18740,10733,12791,14870,17423,16138,high,0.3,0.125,14708,55458,0.4448,,,,,,,42.657789,-73.806287,DRIVE,1000
192819,Marist University,Poughkeepsie,NY,2,5182,www.marist.edu/,https://www.marist.edu/financial-aid/net-price-calculator,67574,47750,47750,26083,27200,36178,42001,45643,critical,0.796,0.7424,21500,77819,0.5651,600,680,590,660,25,31,41.720937,-73.935484,DRIVE,1000
192864,Marymount Manhattan College,New York,NY,2,1577,www.mmm.edu/,https://www.mmm.edu/offices/center-for-student-services/net-price-calculator/index.php,65767,41870,41870,30722,30626,32459,34872,42217,critical,0.4904,0.42,19250,49131,0.8261,585,673,520,650,24,27,40.768787,-73.959767,DRIVE,1000
192961,St. Peter's Hospital College of Nursing,Albany,NY,2,123,https://www.sphp.com/careers/schools-of-nursing/,https://apps.sphp.com/SON/Net_Price_Calculator/,,15358,15358,,,,,,,,,13322,62588,1,,,,,,,42.658346,-73.807616,DRIVE,1000
193016,Mercy University,Dobbs Ferry,NY,2,5735,https://www.mercy.edu/,https://www.mercy.edu/admissions/financial-aid/net-price-calculator/,32596,22880,22880,11974,12598,15056,17725,21299,high,0.4571,0.4231,15000,52055,0.8584,,,,,,,41.021626,-73.874447,DRIVE,1000
193052,Mesivta Torah Vodaath Rabbinical Seminary,Brooklyn,NY,2,399,independentrabbinicalcolleges.org/index.html,independentrabbinicalcolleges.org/tv.htm,21810,15200,15200,3385,,6664,5076,,medium,0.5,0,,,0.8,,,,,,,40.6382,-73.969395,DRIVE,1000
193247,Mirrer Yeshiva Cent Institute,Brooklyn,NY,2,120,www.mirreryeshiva.co/,https://mirreryeshiva.co/wp-content/uploads/2020/06/npcalc.htm,20614,13600,13600,10466,,10989,,,high,0.7273,0.7692,,41192,0.8929,,,,,,,40.605043,-73.966049,DRIVE,1000
193283,Mohawk Valley Community College,Utica,NY,1,2950,www.mvcc.edu/,www.mvcc.edu/institutional-effectiveness/student-consumer-info/net-price-calculator.php,16656,6218,8851,6000,7190,10602,13405,16026,medium,,,7467,39850,,,,,,,,43.076765,-75.219367,DRIVE,1000
193292,Molloy University,Rockville Centre,NY,2,3162,www.molloy.edu/,www.molloy.edu/admissions-aid/financial-aid/net-price-calculator,50720,39790,39790,17548,19241,22739,28254,30144,critical,0.6993,0.5855,24250,77789,0.8174,540,640,548,650,22,28,40.685941,-73.626183,DRIVE,1000
193326,Monroe Community College,Rochester,NY,1,7623,www.monroecc.edu/,www.suny.edu/howmuch/netpricecalculator.xhtml?embed=n&headerurl=www.monroecc.edu/images/header_images/mcc_home_header_01.gif&bgcolor=fcf,14606,6006,11056,3737,5081,8810,11432,13933,medium,,,6500,40174,,,,,,,,43.101036,-77.610136,DRIVE,1000
193353,Mount Saint Mary College,Newburgh,NY,2,1148,www.msmc.edu/,https://npc.collegeboard.org/app/msmc,55014,43450,43450,18747,16025,21647,28722,31316,critical,0.6546,0.5929,22250,67705,0.8888,,,,,19,28,41.513872,-74.012655,DRIVE,1000
193380,Montefiore School of Nursing,Mount Vernon,NY,2,121,montefiorenewrochelle.org/school-of-nursing,https://www.montefiorehealthsystem.org/net-price-calculator,,,,,,,,,,,,20000,,,,,,,,,40.912133,-73.840582,DRIVE,1000
193399,University of Mount Saint Vincent,Bronx,NY,2,2692,www.mountsaintvincent.edu/,https://www.mountsaintvincent.edu/admission/financial-aid/net-price-calculator/,54170,44540,44540,19203,19157,22575,24499,27884,critical,0.5683,0.496,18500,65756,0.8511,478,590,533,588,,,40.913657,-73.908887,DRIVE,1000
193478,Nassau Community College,Garden City,NY,1,10630,www.ncc.edu/,https://www.ncc.edu/payingforcollege/net_price_tuition_calculator.shtml,14983,6330,12130,4029,5507,9154,11799,14164,medium,,,6000,48248,,,,,,,,40.728872,-73.595286,DRIVE,1000
193584,Nazareth University,Rochester,NY,2,1873,https://www2.naz.edu/,https://www2.naz.edu/financial-aid-scholarships-tuition/net-price-calculator/,58254,42450,42450,22796,22827,25663,31634,34267,critical,0.7279,0.6667,22500,56458,0.7472,530,650,540,670,23,32,43.101576,-77.518579,DRIVE,1000
193654,The New School,New York,NY,2,6563,https://www.newschool.edu/,https://www.newschool.edu/financial-aid/npc/,88284,58694,58694,50140,52812,56494,59894,64738,critical,0.6937,0.5743,15498,52901,0.6347,,,,,,,40.735508,-73.997114,DRIVE,1000
193900,New York University,New York,NY,2,28663,https://www.nyu.edu/,https://www.nyu.edu/admissions/financial-aid-and-scholarships/applying-and-planning-for-undergraduate-aid/estimate-your-cost.html,84374,62796,62796,16977,14017,16862,32766,66876,critical,0.8757,0.8537,18500,82509,0.0923,720,760,760,800,34,35,40.729452,-73.997264,DRIVE,1000
193946,Niagara County Community College,Sanborn,NY,1,3084,https://sunyniagara.edu/,https://sunyniagara.edu/tuition/rates/,13908,6894,12030,3615,5286,8669,10808,12880,medium,,,7070,42285,,,,,,,,43.147701,-78.87579,DRIVE,1000
193973,Niagara University,Niagara University,NY,2,2653,www.niagara.edu/,niagara.aidcalculator.com/,51632,39345,39345,9564,11510,17322,20355,22990,high,0.7451,0.6437,20312,56196,0.8737,530,625,530,610,22,28,43.137279,-79.036689,DRIVE,1000
194028,North Country Community College,Saranac Lake,NY,1,819,www.nccc.edu/,www.suny.edu/smarttrack/net-price-calculator/,18051,6682,9370,8329,13216,14387,16668,16928,high,,,9500,38276,,,,,,,,44.318645,-74.119981,DRIVE,1000
194091,New York Institute of Technology,Old Westbury,NY,2,3440,https://www.nyit.edu/,https://www.nyit.edu/admissions/net_price_calculator,56976,46560,46560,17084,18312,22592,27226,30396,critical,0.5877,0.5722,17000,70080,0.8102,590,690,600,730,24,32,40.812447,-73.6078,DRIVE,1000
194116,New York School of Interior Design,New York,NY,2,427,www.nysid.edu/,https://www.nysid.edu/financial-aid/net-price-calculator,48730,32330,32330,45032,43696,47685,,46647,critical,0.6923,0.5,12750,48041,0.6289,,,,,,,40.768615,-73.962404,DRIVE,1000
194189,Ohr Hameir Theological Seminary,Peekskill,NY,2,100,https://ohrhameir.com/,https://ohrhameir.com/links/,,10150,10150,,,,,,,,,,,1,,,,,,,41.268725,-73.889793,DRIVE,1000
194222,Onondaga Community College,Syracuse,NY,1,4456,www.sunyocc.edu/,https://www.suny.edu/howmuch/netpricecalculator.xhtml,16585,6102,11392,5490,6958,10307,13269,15707,medium,,,5500,41190,,,,,,,,43.006329,-76.197878,DRIVE,1000
194240,Orange County Community College,Middletown,NY,1,3989,https://sunyorange.edu/,www.suny.edu/howmuch/netpricecalculator.xhtml?embed=n&headerUrl=www.sunyorange.edu/images/master_header_2011-04-13.jpg&id=62,14807,6526,12334,2797,4094,8236,11989,14129,medium,,,6500,44117,,,,,,,,41.438629,-74.426028,DRIVE,1000
194310,Pace University,New York,NY,2,7665,www.pace.edu/,www.pace.edu/admission-aid/undergraduate-admission/freshman/net-price-calculator,69550,53290,53290,26473,26362,28467,31219,36430,critical,0.6003,0.5557,17750,70378,0.7592,600,680,580,660,24,29,40.711014,-74.004719,DRIVE,1000
194392,Paul Smiths College of Arts and Science,Paul Smiths,NY,2,579,https://www.paulsmiths.edu/,https://www.paulsmiths.edu/cost-aid/tuition-fees/net-price-calculator/,51506,33009,33009,16732,17877,23253,29288,32048,critical,0.5055,0.5063,17062,46145,0.7653,,,,,,,44.433965,-74.252675,DRIVE,1000
194569,Davis College,Pottersville,NY,2,106,https://davisny.edu/,https://davisny.edu/admissions/financial-aid/net-price-calculator/,24830,18000,18000,12875,,,,,high,0.2667,0.2308,17290,38450,0.5625,,,,,,,43.730713,-73.812057,DRIVE,1000
194578,Pratt Institute-Main,Brooklyn,NY,2,3910,https://www.pratt.edu/,www.pratt.edu/admissions/financing-your-education/,80049,61845,61845,38545,44439,48694,59020,60477,critical,0.7354,0.6269,20500,54295,0.7325,590,700,560,690,26,31,40.691297,-73.96431,DRIVE,1000
194657,Rabbinical Academy Mesivta Rabbi Chaim Berlin,Brooklyn,NY,2,141,https://rabbinicalacademyrabbichaimberlin.com/,https://rabbinicalacademyrabbichaimberlin.com/links/,20400,10800,10800,6084,6300,8300,,6300,medium,0.4615,0.5455,,,0.9362,,,,,,,40.618347,-73.963615,DRIVE,1000
194666,Rabbinical College Bobover Yeshiva Bnei Zion,Brooklyn,NY,2,473,rabbinicalcollegeboboveryeshiva.edu/,https://www.rabbinicalcollegeboboveryeshiva.edu/net-price-calculator,20075,10000,10000,8131,7755,10941,13909,,high,0.8286,0.8788,,20707,,,,,,,,40.631954,-73.985026,DRIVE,1000
194736,Rabbinical College of Long Island,Long Beach,NY,2,159,https://rabbinicalcollegelongisland.com/,https://rabbinicalcollegelongisland.com/?page_id=9,21600,10290,10290,11301,9158,12457,12292,14752,high,0.2273,0.1667,,,1,,,,,,,40.586427,-73.670238,DRIVE,1000
194763,Rabbinical Seminary of America,Flushing,NY,2,397,www.rabbinical.org/,www.rabbinical.org/calculator,19700,10000,10000,0,3900,4585,7567,5425,low,0.3026,0.5,,,0.9845,,,,,,,40.72308,-73.817161,DRIVE,1000
194824,Rensselaer Polytechnic Institute,Troy,NY,2,5714,www.rpi.edu/,npc.collegeboard.org/student/app/rpi,82404,64081,64081,24078,26289,28212,36230,42541,critical,0.8362,0.78,21995,102051,0.6347,670,740,705,770,30,34,42.729978,-73.676646,DRIVE,1000
194958,Roberts Wesleyan University,Rochester,NY,2,1149,www.roberts.edu/,https://www.roberts.edu/admissions/financial-aid/undergraduate-tuition-and-aid/net-price-calculator/,52919,38826,38826,22922,14396,19241,23788,27297,critical,0.6667,0.5976,19000,55031,0.7063,505,670,485,635,,,43.125755,-77.798498,DRIVE,1000
195003,Rochester Institute of Technology,Rochester,NY,2,13215,www.rit.edu/,https://npc.collegeboard.org/app/rit,74626,59274,59274,24680,24820,28874,34510,44970,critical,0.6989,0.6532,20872,76571,0.6693,650,720,650,740,29,33,43.084188,-77.67386,DRIVE,1000
195030,University of Rochester,Rochester,NY,2,6331,https://www.rochester.edu/,https://www.rochester.edu/financial-aid/undergraduate-cost-calculators/#college-board,85962,67080,67080,9678,12185,21087,27883,46801,high,0.8543,0.7945,19000,79042,0.4008,680,750,730,790,31,34,43.126397,-77.631202,DRIVE,1000
195058,Rockland Community College,Suffern,NY,1,3834,www.sunyrockland.edu/,www.suny.edu/howmuch/netpricecalculator.xhtml?id=63,18713,6862,6862,9248,9991,12807,15684,18431,high,,,5500,50243,,,,,,,,41.133929,-74.085969,DRIVE,1000
195128,Russell Sage College,Troy,NY,2,1244,sage.edu/,https://sage.edu/admission/financial-aid/loan-fee-calculator/,50607,38164,38164,6662,41141,21326,24302,26526,medium,0.561,0.4855,18000,58316,0.5326,,,,,,,42.72822,-73.693711,DRIVE,1000
195164,St Bonaventure University,Saint Bonaventure,NY,2,2012,https://www.sbu.edu/,https://tccpreview.ruffalonl.com/st-bonaventure-university/freshmanstudents,57271,41735,41735,15651,17949,24097,30751,30441,critical,0.6673,0.6063,19500,57214,0.8165,535,650,530,640,24,30,42.080191,-78.481107,DRIVE,1000
195173,St. Francis College,Brooklyn,NY,2,1684,https://www.sfc.edu/,https://www.sfc.edu/admissions-aid/office-of-financial-aid/net-price-calculator,38098,28775,28775,15700,18198,22447,21974,22274,critical,0.5464,0.3497,12693,58099,,,,,,,,40.690233,-73.986559,DRIVE,1000
195191,St. Joseph's College of Nursing,Syracuse,NY,2,313,https://www.sjhcon.edu/,https://www.sjhcon.edu/wp-content/uploads/2025/03/netcalc_22_23.html,,23816,23816,,,,,,,,,12000,81908,1,,,,,,,43.055355,-76.148355,DRIVE,1000
195216,St Lawrence University,Canton,NY,2,1918,https://www.stlawu.edu/,https://www.stlawu.edu/admissions/financial-aid-scholarships/financial-aid/net-price-calculator,82000,65900,65900,13420,14008,19401,24263,37450,high,0.7906,0.7755,22670,67258,0.5434,645,710,610,710,30,33,44.589879,-75.161343,DRIVE,1000
195243,St. Thomas Aquinas College,Sparkill,NY,2,972,www.stac.edu/,https://stac.edu/admissions-aid/financial-aid/net-price-calculator/,53370,39450,39450,11746,13700,24110,23907,27333,high,0.5404,0.3469,17500,62909,0.9305,410,520,470,565,,,41.041576,-73.936799,DRIVE,1000
195289,Samaritan Hospital School of Nursing,Troy,NY,2,129,https://www.sphp.com/careers/schools-of-nursing/samaritan-hospital-school-of-nursing,https://www.sphp.com/careers/schools-of-nursing/admissions/net-price-calculator,,15358,15358,,,,,,,,,14250,64383,1,,,,,,,42.742861,-73.676151,DRIVE,1000
195304,Sarah Lawrence College,Bronxville,NY,2,1530,www.sarahlawrence.edu/,https://npc.collegeboard.org/student/app/sarahlawrence,82467,66862,66862,29876,29810,40869,35340,47810,critical,0.7133,0.6889,19500,53603,0.6173,650,740,590,690,28,31,40.9355,-73.843727,DRIVE,1000
195322,Schenectady County Community College,Schenectady,NY,1,1507,https://sunysccc.edu/,https://sunysccc.edu/about-us/consumer-information/index.html,16830,6190,8974,6410,8161,10881,13362,15537,medium,,,6887,40902,,,,,,,,42.814412,-73.950008,DRIVE,1000
195438,Sh'or Yoshuv Rabbinical College,Lawrence,NY,2,156,https://www.shoryoshuv.org/,https://www.shoryoshuv.org/netpricecalculator,,11700,11700,,,,,,,0,,,,,,,,,,,40.605227,-73.740085,DRIVE,1000
195474,Siena University,Loudonville,NY,2,3409,https://www.siena.edu/,https://www.siena.edu/afford/net-price-calculator/,64870,46580,46580,26417,28044,29118,34818,37704,critical,0.7473,0.699,21471,76079,0.6902,550,680,560,680,27,33,42.717602,-73.7526,DRIVE,1000
195526,Skidmore College,Saratoga Springs,NY,2,2694,www.skidmore.edu/,https://skidmore.studentaidcalculator.com/survey.aspx,85270,67290,67290,9932,11454,15855,22438,45136,high,0.8257,0.8772,15000,69363,0.2105,680,750,660,730,31,33,43.097035,-73.785335,DRIVE,1000
195544,St. Joseph's University-New York,Brooklyn,NY,2,3144,https://www.sjny.edu/,https://www.sjny.edu/brooklyn/admissions/financial-aid/net-price,41897,36550,36550,16876,15633,16663,18908,22947,critical,0.6878,0.6356,17750,63905,0.7205,560,640,550,630,24,29,40.690418,-73.967664,DRIVE,1000
195702,Saint Elizabeth College of Nursing,Utica,NY,2,153,https://www.secon.edu/,https://www.secon.edu/net-price-calculator-2/,,20180,30000,,,,,,,,,12000,72122,1,,,,,,,43.082768,-75.267857,DRIVE,1000
195720,St. John Fisher University,Rochester,NY,2,2565,https://www.sjf.edu/,https://www.sjf.edu/admissions-aid/financial-aid/net-price-calculator/,55201,41190,41190,16054,17953,25992,30268,34085,critical,0.7417,0.6879,19500,66944,0.664,560,650,560,650,23,28,43.116259,-77.513056,DRIVE,1000
195809,St. John's University-New York,Queens,NY,2,9477,www.stjohns.edu/,https://www.stjohns.edu/admission/tuition-and-financial-aid/st-johns-net-price-calculator,65527,53020,53020,27787,27654,29280,32208,33661,critical,0.6609,0.6054,19500,69571,0.8343,580,670,570,670,24,29,40.722523,-73.796104,DRIVE,1000
195988,Sullivan County Community College,Loch Sheldrake,NY,1,836,https://www.sunysullivan.edu/,https://www.suny.edu/smarttrack/net-price-calculator/,16601,6468,12132,6840,8517,10501,12029,15764,medium,,,6200,38354,,,,,,,,41.7641,-74.667769,DRIVE,1000
196006,SUNY College of Technology at Alfred,Alfred,NY,1,3563,www.alfredstate.edu/,www.alfredstate.edu/financial-aid/tuition/net-price-calculator,25385,8892,16837,9628,11197,15721,16911,21778,high,0.5506,0.4519,12000,50445,0.7568,500,600,490,600,20,24,42.255262,-77.794632,DRIVE,1000
196015,SUNY College of Technology at Canton,Canton,NY,1,2741,www.canton.edu/,www.suny.edu/howmuch/?embed=n&cssurl=www.canton.edu/css/calc.css&headerurl=www.canton.edu/images/banner-calc.png&profileurl=http:,24906,8742,13572,10908,12813,17700,17984,22077,high,0.3845,0.314,12500,47860,0.9215,,,,,,,44.604096,-75.182906,DRIVE,1000
196024,SUNY College of Technology at Delhi,Delhi,NY,1,2843,www.delhi.edu/,www.delhi.edu/admission/financial-aid/cost-calculator/index.php,26944,8772,12762,12025,14384,18603,20589,24827,high,0.4543,0.293,12000,51629,0.8901,450,580,460,580,18,23,42.269859,-74.924612,DRIVE,1000
196033,SUNY College of Agriculture and Technology at Cobleskill,Cobleskill,NY,1,1904,www.cobleskill.edu/,www.suny.edu/howmuch/netpricecalculator.xhtml,27786,8768,18678,13279,14988,18887,20346,25356,high,0.4234,0.3801,11000,45030,0.8402,,,,,,,42.672534,-74.498258,DRIVE,1000
196042,Farmingdale State College,Farmingdale,NY,1,9552,www.farmingdale.edu/,www.suny.edu/howmuch/netpricecalculator.xhtml,18966,8626,18536,4933,6985,11834,14893,17919,medium,0.5278,0.5224,11000,69781,0.6329,520,620,520,620,20,28,40.754224,-73.42832,DRIVE,1000
196051,SUNY Morrisville,Morrisville,NY,1,1923,www.morrisville.edu/,www.morrisville.edu/student-accounts/net-price-calculator,26833,8825,19245,11756,14089,18510,20226,23766,high,0.2808,0.2261,12000,43295,0.9154,510,620,480,610,,,42.893962,-75.640583,DRIVE,1000
196060,University at Albany,Albany,NY,1,12564,www.albany.edu/,www.albany.edu/cost-aid/tuition-fees/cost-attendance,28802,10866,31256,11112,14062,17923,20037,24085,high,0.6145,0.5988,15059,67979,0.691,,,,,,,42.685489,-73.824662,DRIVE,1000
196079,Binghamton University,Vestal,NY,1,14655,www.binghamton.edu/,www.suny.edu/howmuch/netpricecalculator.xhtml?id=2&embed=n&headerUrl=www.binghamton.edu/npc/logo.png&cssUrl=www.binghamton.edu/np,30345,10567,30447,12171,15281,20347,23533,28475,high,0.8162,0.7453,15000,80596,0.3861,670,740,670,760,30,32,42.087868,-75.966889,DRIVE,1000
196088,University at Buffalo,Buffalo,NY,1,20112,https://www.buffalo.edu/,https://financialaid.buffalo.edu/net-price-calculator/,30785,10936,31536,14668,16585,21262,24117,28079,high,0.7518,0.6992,14250,70814,0.7418,600,680,610,700,27,32,43.000942,-78.789458,DRIVE,1000
196097,Stony Brook University,Stony Brook,NY,1,18101,https://www.stonybrook.edu/,https://www.stonybrook.edu/commcms/finaid/finaidbasics/net_price_calc.html,30539,10931,32741,12943,15432,20728,23424,27716,high,0.7556,0.7718,15000,74502,0.4904,650,730,680,770,29,33,40.91476,-73.12046,DRIVE,1000
196103,SUNY College of Environmental Science and Forestry,Syracuse,NY,1,1839,www.esf.edu/,www.esf.edu/tuition-aid/financialaid/netprice.php,28133,9303,22263,9473,11635,18870,20953,24014,high,0.6632,0.5565,13000,55763,0.6328,,,,,,,43.034765,-76.138724,DRIVE,1000
196112,SUNY Polytechnic Institute,Utica,NY,1,1849,www.sunypoly.edu/,https://www.sunypoly.edu/calculator.html,23741,8625,21215,7442,9561,13934,15876,20613,medium,0.5508,0.4946,12000,64355,0.8135,505,680,520,690,22,30,43.137701,-75.229841,DRIVE,1000
196121,SUNY Brockport,Brockport,NY,1,5784,https://www.brockport.edu/,https://www.brockport.edu/admissions_aid/financial_aid/calculator.html,26046,8752,15822,10911,12699,16609,17818,20625,high,0.5513,0.4901,15000,54496,0.7068,550,640,550,640,23,26,43.211926,-77.947188,DRIVE,1000
196130,SUNY Buffalo State University,Buffalo,NY,1,5097,https://suny.buffalostate.edu/,https://financialaid.buffalostate.edu/cost-calculators,24279,8533,19653,7405,9393,14706,17155,19332,medium,0.3331,0.3108,12500,52334,0.7295,490,630,490,610,,,42.933832,-78.882125,DRIVE,1000
196149,State University of New York at Cortland,Cortland,NY,1,5901,www2.cortland.edu/,www2.cortland.edu/cost-aid/financial-aid/net-price-calculator.dot,28108,8874,18784,12550,16453,20102,21636,25853,high,0.6803,0.6294,17500,60236,0.5979,,,,,,,42.598022,-76.188655,DRIVE,1000
196158,SUNY at Fredonia,Fredonia,NY,1,2755,https://www.fredonia.edu/,https://www.fredonia.edu/admissions-aid/net-price-calculator,25879,8831,19771,9395,11327,16116,16302,20743,high,0.5021,0.4,17500,54247,0.777,590,680,570,690,23,28,42.452236,-79.337375,DRIVE,1000
196167,SUNY College at Geneseo,Geneseo,NY,1,3869,https://www.geneseo.edu/,https://www.suny.edu/howmuch/netpricecalculator.xhtml?embed=n&id=11&headerurl=https://www.geneseo.edu/images/geneseo-header.jpg&titlecolor=b9cce3,27709,8999,19569,10018,12254,16142,17549,23043,high,0.7145,0.6301,14836,67316,0.6645,600,670,590,670,26,31,42.796645,-77.821894,DRIVE,1000
196176,State University of New York at New Paltz,New Paltz,NY,1,6086,www.newpaltz.edu/,www.newpaltz.edu/financialaid/netpricecalc.html,28428,8572,18822,10541,13969,20178,21937,26256,high,0.716,0.6386,15000,58073,0.6161,600,690,570,650,25,29,41.740936,-74.082188,DRIVE,1000
196185,SUNY Oneonta,Oneonta,NY,1,4643,https://suny.oneonta.edu/,https://suny.oneonta.edu/index.php/cost-aid/suny-net-price-calculator,28821,8831,19781,11044,14427,19189,20552,25382,high,0.6881,0.6192,15000,60386,0.696,570,660,550,650,25,30,42.468861,-75.063632,DRIVE,1000
196194,State University of New York at Oswego,Oswego,NY,1,5473,https://www.oswego.edu/,https://www.oswego.edu/financial-aid/net-price-calculator,27052,8825,18735,8714,11681,17412,19053,23087,high,0.6036,0.5243,15750,57566,0.8055,530,630,540,640,23,29,43.454287,-76.540798,DRIVE,1000
196200,SUNY College at Potsdam,Potsdam,NY,1,1823,www.potsdam.edu/,www.suny.edu/howmuch/netpricecalculator.xhtml,25083,8768,18678,8623,8684,14524,15513,20041,high,0.453,0.3979,18166,47866,0.777,,,,,,,44.662148,-74.973815,DRIVE,1000
196219,SUNY at Purchase College,Purchase,NY,1,3197,www.purchase.edu/,www.purchase.edu/offices/student-financial-services/,29043,8953,19203,11835,15230,19658,20886,25428,high,0.6277,0.5736,15194,45092,0.7405,620,710,565,670,27,30,41.047223,-73.701955,DRIVE,1000
196237,SUNY Old Westbury,Old Westbury,NY,1,4162,www.oldwestbury.edu/,https://www.oldwestbury.edu/financial-aid/net-price-calculator,21287,8422,18842,6645,9114,13852,15712,20426,medium,0.4457,0.401,12000,58526,0.8363,,,,,,,40.799021,-73.571907,DRIVE,1000
196246,State University of New York at Plattsburgh,Plattsburgh,NY,1,3769,https://www.plattsburgh.edu/,https://www.plattsburgh.edu/cost-aid/net-price-calculator.html,28244,9035,18945,9400,12121,17076,17655,24611,high,0.5851,0.5023,15000,56403,0.7841,540,640,540,610,22,28,44.69293,-73.466536,DRIVE,1000
196255,SUNY Downstate Health Sciences University,Brooklyn,NY,1,293,https://www.downstate.edu/,https://www.suny.edu/smarttrack/net-price-calculator/,,,,,,,,,,,,12500,109601,,,,,,,,40.653855,-73.945535,DRIVE,1000
196264,Empire State University,Saratoga Springs,NY,1,7585,www.sunyempire.edu/,https://sunyempire.edu/admissions-and-aid/tuition-and-fees/net-price-calculator.html,19699,7648,17558,8989,10507,14812,16481,19679,high,0.4123,0.4459,11000,54080,,,,,,,,43.077283,-73.782484,DRIVE,1000
196291,SUNY Maritime College,Throggs Neck,NY,1,1285,www.sunymaritime.edu/,www.suny.edu/howmuch/netpricecalculator.xhtml?bgColor=87CEFA&embed=N&headerUrl=www.sunymaritime.edu/upload/Maritime_HEADER.gif&id=25,29786,8589,19159,11726,17577,20721,23634,27565,high,0.6439,0.5526,15875,95951,0.7241,570,640,553,648,22,28,40.807217,-73.795309,DRIVE,1000
196307,Upstate Medical University,Syracuse,NY,1,159,www.upstate.edu/,www.suny.edu/howmuch/netpricecalculator.xhtml,,,,,,,,,,,,15000,92257,,,,,,,,43.041819,-76.140009,DRIVE,1000
196413,Syracuse University,Syracuse,NY,2,15477,https://www.syracuse.edu/,https://www.syracuse.edu/admissions-aid/tuition-fees/undergraduate-costs/net-price-calculator/,84517,65528,65528,15817,15845,21132,28780,55401,critical,0.8361,0.8299,23697,79164,0.4592,640,720,630,720,29,32,43.036644,-76.133989,DRIVE,1000
196431,Talmudical Seminary Oholei Torah,Brooklyn,NY,2,400,www.tsot.edu/,https://www.tsot.edu/NetPriceCalculator.php,20353,8750,8750,10333,9714,11613,12506,,high,0.2222,0.1579,,39230,0.7719,,,,,,,40.670089,-73.945759,DRIVE,1000
196565,Tompkins Cortland Community College,Dryden,NY,1,1469,www.tompkinscortland.edu/,www.tompkinscortland.edu/admissions/net-price-calculator,20222,6970,12855,9861,11117,14629,16591,19857,high,,,8250,40707,,,,,,,,42.502006,-76.287586,DRIVE,1000
196592,Touro University,New York,NY,2,4040,https://www.touro.edu/,https://npc.collegeboard.org/app/touro,40500,22450,22450,26605,28476,29054,31828,36341,critical,0.7239,0.6807,12500,53419,0.6083,630,730,588,723,24,32,40.756832,-73.987049,DRIVE,1000
196653,Trocaire College,Buffalo,NY,2,984,https://trocaire.edu/,https://trocaire.edu/admissions-and-aid/tuition-financial-aid/cost-of-attendance/,29845,20640,20640,14951,13543,17975,22777,28534,high,0.3086,0.2308,16617,55318,0.9749,,,,,,,42.846693,-78.812398,DRIVE,1000
196680,Excelsior University,Albany,NY,2,11550,www.excelsior.edu/,https://app.meadowfi.com/excelsior,,,,,,,,,,,,10870,78493,,,,,,,,42.705487,-73.862981,DRIVE,1000
196699,Ulster County Community College,Stone Ridge,NY,1,1341,https://www.sunyulster.edu/,www.suny.edu/howmuch/netpricecalculator.xhtml?bgcolor= 8fa5c6&embed=n&headerurl=www.sunyulster.edu/_global/images/net_price_calc_header,14925,6666,12146,2754,3770,7771,11780,14725,medium,,,6266,41896,,,,,,,,41.851218,-74.128698,DRIVE,1000
196866,Union College,Schenectady,NY,2,2046,www.union.edu/,https://npc.collegeboard.org/student/app/union,84561,69039,69039,11776,16415,23941,34100,45017,high,0.8039,0.8082,21085,88604,0.4392,660,720,650,760,29,33,42.818097,-73.928788,DRIVE,1000
197018,United Talmudical Seminary,Brooklyn,NY,2,2241,utsny.edu/,utsny.edu/NetPriceCalculator/npcalc.htm,22754,15000,15000,6446,6478,7771,9644,,medium,0.5813,0.6297,,25113,,,,,,,,40.705687,-73.959113,DRIVE,1000
197027,United States Merchant Marine Academy,Kings Point,NY,1,962,https://www.usmma.edu/,https://www.usmma.edu/admissions/financial-aid/cost-attendance,9168,895,895,1773,4098,5897,8752,9168,low,0.8238,0.7083,6500,90610,0.3424,560,650,550,650,22,29,40.81357,-73.763004,DRIVE,1000
197036,United States Military Academy,West  Point,NY,1,4408,www.westpoint.edu/,www.westpoint.edu/parents,,,,,,,,,,0.8706,,,,0.1245,600,710,600,720,27,33,41.388988,-73.956772,DRIVE,1000
197045,Utica University,Utica,NY,2,2278,https://www.utica.edu/,https://www.utica.edu/tuition-and-financial-aid/net-price-calculator,37205,26930,26930,13290,14518,16439,20217,26685,high,0.5624,0.4745,17538,63277,0.9195,480,660,510,590,,,43.096213,-75.272916,DRIVE,1000
197133,Vassar College,Poughkeepsie,NY,2,2444,www.vassar.edu/,https://npc.collegeboard.org/student/app/vassar,87419,71030,71030,15953,14548,14126,25773,56615,critical,0.9108,0.9157,17500,71366,0.1857,730,770,720,780,33,35,41.686895,-73.895088,DRIVE,1000
197142,Villa Maria College,Buffalo,NY,2,603,https://www.villa.edu/,https://www.villa.edu/admissions/financial-aid/tuition/npc/,36335,28670,28670,13049,13265,12274,12775,25069,high,0.3145,0.2469,10511,38857,0.8659,,,,,,,42.91223,-78.796823,DRIVE,1000
197197,Wagner College,Staten Island,NY,2,1651,www.wagner.edu/,https://wagner.edu/financial-aid/forms/net-price-calculator/,65574,53200,53200,20993,21944,24930,28217,32604,critical,0.6514,0.5,21000,74360,0.88,600,660,590,630,23,28,40.615588,-74.092913,DRIVE,1000
197221,Webb Institute,Glen Cove,NY,2,106,www.webb.edu/,https://www.webb.edu/admissions/financial-aid/net-price-calculator/,81950,63214,63214,,61170,,70713,76350,,0.88,1,,,0.1404,710,750,720,780,32,34,40.884444,-73.644909,DRIVE,1000
197294,SUNY Westchester Community College,Valhalla,NY,1,8078,https://www.sunywcc.edu/,https://www.suny.edu/howmuch/netpricecalculator.xhtml,15316,5948,12486,7965,8398,10505,12782,14403,high,,,5500,46822,,,,,,,,41.068458,-73.789669,DRIVE,1000
197531,Word of Life Bible Institute,Pottersville,NY,2,489,www.wordoflife.edu/,wordoflife.edu/admissions/cost-calculator/,22600,11500,11500,12632,12966,14683,16486,17626,high,,,5500,36173,,,,,,,,43.730713,-73.812057,DRIVE,1000
197601,Yeshiva Karlin Stolin,Brooklyn,NY,2,139,https://yeshivakarlinstolin.org/,www.yksrs.org/net-price-calculator,18612,13300,13300,5958,6374,7103,8112,,medium,0.2286,0.2414,,,,,,,,,,40.624918,-73.983373,DRIVE,1000
197647,Yeshiva Derech Chaim,Brooklyn,NY,2,115,https://ydc.edu/,https://ydc.edu/wp-content/uploads/2024/06/index.html,24200,12700,12700,9100,9200,14179,13700,,high,0.8,0.8889,,,0.8824,,,,,,,40.636889,-73.979757,DRIVE,1000
197674,Yeshiva of Nitra Rabbinical College,Chester,NY,2,243,yeshivaofnitra.org/,yeshivaofnitra.org/calculator/npcalc.htm,23300,14000,14000,10236,10834,13861,15555,,high,0.1132,0.1143,,41785,,,,,,,,41.353674,-74.255911,DRIVE,1000
197708,Yeshiva University,New York,NY,2,2852,www.yu.edu/,yu.studentaidcalculator.com/survey.aspx,70892,51800,51800,24103,25462,28207,41944,69618,critical,0.832,0.8243,14000,71353,0.5562,670,740,670,770,29,33,40.850605,-73.929873,DRIVE,1000
197735,Yeshivath Viznitz,Monsey,NY,2,1159,https://yeshivathviznitz.com/,https://yeshivathviznitz.com/?page_id=10,20397,12000,12000,7589,8898,11493,12200,15652,high,0.6932,0.7375,,,,,,,,,,41.114682,-74.070243,DRIVE,1000
197744,Yeshivath Zichron Moshe,South Fallsburg,NY,2,201,https://yeshivathzichronmoshe.com/,https://yeshivathzichronmoshe.com/links/,20440,10880,10880,8200,8380,9580,8560,,high,0.7,0.5,,,0.3,,,,,,,41.73048,-74.621823,DRIVE,1000
197814,College of the Albemarle,Elizabeth City,NC,1,2001,www.albemarle.edu/,www.albemarle.edu/wp-content/net-price-calculator/index.html,13621,2242,7652,398,2466,3869,7216,,low,,,,33234,,,,,,,,36.324885,-76.219765,FLY,2500
197850,South Piedmont Community College,Polkton,NC,1,1833,https://www.spcc.edu/,https://spcc.edu/wp-content/uploads/2025/06/index.html,16111,2022,6630,4948,5576,7866,11281,16111,medium,,,,37308,,,,,,,,35.000312,-80.211087,FLY,2500
197869,Appalachian State University,Boone,NC,1,19444,https://www.appstate.edu/,https://appstate.edu/npc/,23169,7579,25212,9325,11600,15204,20840,22382,high,0.7453,0.6734,15750,51836,0.9014,570,660,550,620,21,27,36.215536,-81.680583,FLY,2500
197887,Asheville-Buncombe Technical Community College,Asheville,NC,1,5110,www.abtech.edu/,www.abtech.edu/tuition-and-fees,16061,2882,9026,11491,11720,11862,11877,12786,high,,,10000,36048,,,,,,,,35.570439,-82.554826,FLY,2500
197911,Barton College,Wilson,NC,2,982,https://www.barton.edu/,https://www.barton.edu/financial-aid/calculator/,51935,37250,37250,19641,18497,22510,25308,30286,critical,0.4585,0.3613,15000,47913,0.942,,,,,,,35.734376,-77.913867,FLY,2500
197966,Beaufort County Community College,Washington,NC,1,1074,www.beaufortccc.edu/,www.beaufortccc.edu/financial-aid/net-price-calculator,16245,2540,8684,5337,5261,8609,9670,,medium,,,8125,32519,,,,,,,,35.533587,-76.96535,FLY,2500
197984,Belmont Abbey College,Belmont,NC,2,1276,www.belmontabbeycollege.edu/,https://npc.collegeboard.org/app/belmontabbey,34788,19500,19500,20610,18868,21195,24798,27059,critical,0.4668,0.4032,14560,47937,0.7465,490,610,470,590,18,26,35.260651,-81.041315,FLY,2500
197993,Bennett College,Greensboro,NC,2,178,https://www.bennett.edu/,https://bennett.edu/netpricecalculator/,41296,19140,19140,27576,28109,31569,34862,20527,critical,0.25,0.2429,17351,36654,0.5066,410,580,410,480,,,36.067531,-79.77998,FLY,2500
198011,Bladen Community College,Dublin,NC,1,1030,https://bladencc.edu/,https://bladencc.edu/advising-aid/financial-aid-2/net-price-calculator/,12613,2618,8762,8915,9265,10188,11040,,high,,,,30591,,,,,,,,34.644691,-78.731119,FLY,2500
198039,Blue Ridge Community College,Flat Rock,NC,1,1758,www.blueridge.edu/,www.blueridge.edu/paying-for-college/financial-aid/net-price-calculator/,13274,2660,8804,5723,4646,6581,8351,,medium,,,9280,36324,,,,,,,,35.30804,-82.425544,FLY,2500
198066,Brevard College,Brevard,NC,2,815,https://www.brevard.edu/,https://app.meadowfi.com/brevard,47288,32280,32280,19294,23532,21304,25337,28763,critical,0.4884,0.3925,11250,43545,0.4216,440,620,430,600,16,26,35.236763,-82.729494,FLY,2500
198084,Brunswick Community College,Bolivia,NC,1,1211,www.brunswickcc.edu/,brunswickcc.edu/net-price-calculator,12836,2553,8697,8748,9083,9985,7481,9138,high,,,,36668,,,,,,,,34.038973,-78.22979,FLY,2500
198109,Cabarrus College of Health Sciences,Concord,NC,2,712,https://cabarruscollege.edu/,https://cabarruscollege.edu/financial-information/calculator,26375,16550,16550,10412,9820,15956,12950,24194,high,0.7143,0.6667,11499,58708,0.2338,,,,,21,23,35.440038,-80.600824,FLY,2500
198118,Caldwell Community College and Technical Institute,Hudson,NC,1,2393,https://cccti.edu/,https://cccti.edu/paying-for-college/net-price-calculator/,20188,2526,6526,8827,10162,13646,14891,17271,high,,,6625,34515,,,,,,,,35.854604,-81.484148,FLY,2500
198136,Campbell University,Buies Creek,NC,2,2680,https://www.campbell.edu/,https://www.shoppingsheet.com/shopping/landing/campbell,62187,41600,41600,20751,20981,19979,26959,30864,critical,0.6096,0.4884,17000,54886,0.8718,,,,,,,35.409149,-78.738238,FLY,2500
198154,Cape Fear Community College,Wilmington,NC,1,9764,www.cfcc.edu/,cfcc.edu/resources/netprice/,14740,2748,8892,7221,11035,10335,14030,14507,medium,,,6334,38654,,,,,,,,34.240624,-77.948306,FLY,2500
198206,Carteret Community College,Morehead City,NC,1,1172,https://carteret.edu/,https://carteret.edu/paying-for-college/financial-aid/explore-your-financial-aid/cost-of-attendance/,19621,2310,8222,10411,9212,10321,15701,,high,,,4625,33357,,,,,,,,34.723681,-76.755538,FLY,2500
198215,Catawba College,Salisbury,NC,2,1235,www.catawba.edu/,www.catawba.edu/calculator,49516,34300,34300,13618,17495,15412,17440,24420,high,0.4729,0.3929,13000,48793,0.7521,520,650,510,650,17,25,35.691443,-80.482751,FLY,2500
198233,Catawba Valley Community College,Hickory,NC,1,2741,https://cvcc.edu/,www.cvcc.edu/student_services/financial_aid/netprice.cfm,20446,2427,7803,9170,9639,13129,15469,,high,,,5125,36977,,,,,,,,35.699732,-81.28792,FLY,2500
198251,Central Carolina Community College,Sanford,NC,1,3237,www.cccc.edu/,https://www.cccc.edu/paying-college/tuition-fees/net-price-calculator,14901,2711,8855,4326,4660,6961,8936,12542,medium,,,,33525,,,,,,,,35.471864,-79.143553,FLY,2500
198260,Central Piedmont Community College,Charlotte,NC,1,15067,www.cpcc.edu/,www.cpcc.edu/financial-aid/resources/net-price-calculator,10546,2792,8936,3258,2068,4725,8010,,medium,,,5500,37865,,,,,,,,35.217774,-80.829796,FLY,2500
198303,Chowan University,Murfreesboro,NC,2,603,https://www.chowan.edu/,https://npc.collegeboard.org/app/chowan,39027,27910,27910,13726,10950,14549,14565,19713,high,0.2995,0.2773,15250,38412,0.6879,,,,,,,36.436258,-77.099141,FLY,2500
198321,Cleveland Community College,Shelby,NC,1,1097,www.clevelandcc.edu/,clevelandcc.edu/consumer-information/,5565,2602,8746,498,1600,1676,3987,,low,,,,33755,,,,,,,,35.279833,-81.492856,FLY,2500
198330,Coastal Carolina Community College,Jacksonville,NC,1,2724,www.coastalcarolina.edu/,www.coastalcarolina.edu/admissions/paying-for-coastal/financial-aid-scholarships/net-price-calculator/,16793,2512,8656,9187,9049,9152,11581,15174,high,,,,36444,,,,,,,,34.771687,-77.384785,FLY,2500
198367,Craven Community College,New Bern,NC,1,1989,https://cravencc.edu/,https://cravencc.edu/paying-college/financial-aid/net-price-calculator,10735,2022,6630,2428,2132,5811,7519,,low,,,5500,34231,,,,,,,,35.111516,-77.102232,FLY,2500
198376,Davidson-Davie Community College,Thomasville,NC,1,2633,https://www.davidsondavie.edu/,https://www.davidsondavie.edu/wp-content/uploads/2024/08/net-price-calculator.html,14280,1980,6588,8564,7219,8963,10920,10280,high,,,9500,36337,,,,,,,,35.865471,-80.181868,FLY,2500
198385,Davidson College,Davidson,NC,2,1867,https://davidson.edu/,https://davidson.studentaidcalculator.com/survey.aspx,79475,64410,64410,9497,5354,6759,18616,42346,high,0.9107,0.9114,16511,81400,0.1337,695,750,705,780,31,34,35.499767,-80.843979,FLY,2500
198419,Duke University,Durham,NC,2,6442,www.duke.edu/,https://npc.collegeboard.org/student/app/duke,87072,68758,68758,735,-361,5706,17100,54230,low,0.9678,0.9563,12000,97800,0.0571,740,770,760,800,34,35,36.001135,-78.937624,FLY,2500
198455,Durham Technical Community College,Durham,NC,1,3890,www.durhamtech.edu/,www.durhamtech.edu/sites/default/files/npcalc/index.html,10430,1986,6594,525,1495,2850,9407,9930,low,,,8719,36142,,,,,,,,35.974768,-78.8817,FLY,2500
198464,East Carolina University,Greenville,NC,1,19896,https://www.ecu.edu/,https://shoppingsheet.com/Shopping/Landing/ecu,23867,7361,23638,10046,11699,14904,20417,23028,high,0.6262,0.5671,17500,55146,0.8921,540,630,530,610,21,26,35.607186,-77.368291,FLY,2500
198491,Edgecombe Community College,Tarboro,NC,1,1397,www.edgecombe.edu/,www.edgecombe.edu/current-students/financial-aid/net-price-calculator/,9330,2640,8784,0,0,0,,,low,,,9500,33267,,,,,,,,35.879867,-77.571786,FLY,2500
198507,Elizabeth City State University,Elizabeth City,NC,1,1975,https://www.ecsu.edu/,https://tcc.ruffalonl.com/Elizabeth City State University/Net_Price_Calculator,17701,6536,10536,4246,4538,5354,10205,15663,medium,0.4351,0.4217,12656,40026,0.6422,470,560,450,520,16,22,36.277978,-76.214041,FLY,2500
198516,Elon University,Elon,NC,2,6452,https://www.elon.edu/,https://www.elon.edu/u/admissions/undergraduate/financial-aid/tuition-and-aid/,62266,46958,46958,26523,23514,24064,34472,49743,critical,0.8404,0.8194,18500,74545,0.6635,580,650,550,630,23,28,36.104148,-79.50344,FLY,2500
198534,Fayetteville Technical Community College,Fayetteville,NC,1,9471,https://www.faytechcc.edu/,https://www2.faytechcc.edu/npcalc/npcalc2025.html,11277,2628,8772,2056,3685,4868,9380,10163,low,,,8000,31861,,,,,,,,35.068851,-78.92658,FLY,2500
198543,Fayetteville State University,Fayetteville,NC,1,5762,https://www.uncfsu.edu/,https://uncfsu.clearcostcalculator.com/student/default/netpricecalculator/survey,16652,4353,8353,6233,6908,8983,13354,14112,medium,0.3846,0.3775,15766,40144,0.8215,460,550,430,540,15,19,35.073641,-78.891696,FLY,2500
198552,Forsyth Technical Community College,Winston-Salem,NC,1,7113,https://www.forsythtech.edu/,https://www.forsythtech.edu/static/netpricecalculator/npcalc.htm,14101,2276,6884,6292,6955,7827,10834,12993,medium,,,5888,34139,,,,,,,,36.06854,-80.272215,FLY,2500
198561,Gardner-Webb University,Boiling Springs,NC,2,1856,www.gardner-webb.edu/,https://gardner-webb.edu/admissions-aid/financial-aid/,47091,34760,34760,15304,14594,13769,15946,22438,critical,0.5539,0.4843,16453,48039,0.7721,495,608,480,590,19,25,35.24732,-81.668141,FLY,2500
198570,Gaston College,Dallas,NC,1,3518,www.gaston.edu/,www.gaston.edu/netprice/npcalc.htm,16866,3186,9330,5784,5579,8432,10952,13399,medium,,,,35386,,,,,,,,35.312048,-81.18852,FLY,2500
198598,Greensboro College,Greensboro,NC,2,708,https://www.greensboro.edu/,https://greensboro.studentaidcalculator.com/welcome.aspx,35165,21000,21000,13877,14361,15614,21248,27075,high,0.462,0.3878,17986,46566,0.7014,,,,,,,36.071082,-79.800232,FLY,2500
198613,Guilford College,Greensboro,NC,2,1001,https://www.guilford.edu/,https://npc.collegeboard.org/student/app/guilford,55689,41362,41362,18367,22825,34680,49275,49368,critical,0.4581,0.3257,15448,47590,0.8,550,650,570,610,18,24,36.094233,-79.887737,FLY,2500
198622,Guilford Technical Community College,Jamestown,NC,1,9260,www.gtcc.edu/,https://www.gtcc.edu/_files/netpricecalculator/npcalc.htm,20529,2320,7696,13645,14393,16385,18819,20353,high,,,7915,33934,,,,,,,,35.99846,-79.92062,FLY,2500
198640,Halifax Community College,Weldon,NC,1,723,halifaxcc.edu/,halifaxcc.edu/getting-started/tuition-chart/,16938,2608,8752,8747,7406,9454,16438,,high,,,5670,31644,,,,,,,,36.427712,-77.617681,FLY,2500
198668,Haywood Community College,Clyde,NC,1,849,https://www.haywood.edu/,https://www.haywood.edu/net-price-calculator/index.htm,17011,2580,8724,5638,5914,8964,10483,,medium,,,,34770,,,,,,,,35.525905,-82.927918,FLY,2500
198695,High Point University,High Point,NC,2,5129,www.highpoint.edu/,https://www.highpoint.edu/admissions/net-price-calculator/,65548,45312,45312,32763,31937,32461,35508,41994,critical,0.737,0.68,19000,61389,0.7531,560,670,550,650,24,33,35.972035,-79.994675,FLY,2500
198710,Isothermal Community College,Spindale,NC,1,1169,https://www.isothermal.edu/,https://www.isothermal.edu/getstarted/financial-aid/netpricecalculator,18132,2030,6638,10108,10605,11592,12928,14687,high,,,,33325,,,,,,,,35.336728,-81.911857,FLY,2500
198729,James Sprunt Community College,Kenansville,NC,1,799,jamessprunt.edu/,jamessprunt.edu/admissions-aid/financial-aid/2811-2/,11870,2592,8736,376,1754,4149,7526,,low,,,5125,29307,,,,,,,,34.946802,-77.977639,FLY,2500
198756,Johnson C Smith University,Charlotte,NC,2,1244,https://www.jcsu.edu/,https://www.jcsu.edu/admissions/tuition-and-financial-aid/net-price-calculator,34923,21300,21300,19940,21165,21005,19722,29050,critical,0.3429,0.3125,20500,42680,0.4521,,,,,,,35.243033,-80.857251,FLY,2500
198774,Johnston Community College,Smithfield,NC,1,3453,https://www.johnstoncc.edu/,https://www.johnstoncc.edu/admissions-and-aid/paying-for-college/net-price-calculator.html,11230,2756,8900,1743,986,2495,1684,5814,low,,,6045,37310,,,,,,,,35.501418,-78.332293,FLY,2500
198808,Lees-McRae College,Banner Elk,NC,2,873,www.lmc.edu/,www.lmc.edu/admissions/financial-aid/net-price-calculator.htm,49498,33250,33250,23030,22733,25905,28854,33664,critical,0.4208,0.3837,12000,43415,0.7678,,,,,,,36.162477,-81.873371,FLY,2500
198817,Lenoir Community College,Kinston,NC,1,1469,https://www.lenoircc.edu/,https://static.lenoircc.edu/npcalc/npcalc.html,14929,2578,8722,3261,3366,5973,10681,,medium,,,,33866,,,,,,,,35.234405,-77.571532,FLY,2500
198835,Lenoir-Rhyne University,Hickory,NC,2,1359,www.lr.edu/,lr.studentaidcalculator.com/survey.aspx,44621,31900,31900,18669,18768,17209,21878,25866,critical,0.4778,0.3761,15750,45543,0.8459,,,,,,,35.739968,-81.327598,FLY,2500
198862,Livingstone College,Salisbury,NC,2,924,livingstone.edu/,livingstone.edu/netpricecal/npcalc.htm,28305,18296,18296,13860,14056,11028,14558,16018,high,0.2819,0.2733,26000,32600,0.5925,,,,,,,35.670877,-80.483956,FLY,2500
198871,Louisburg College,Louisburg,NC,2,402,https://www.louisburg.edu/,https://www.louisburg.edu/admissions/financial-aid/cost.php,38833,24120,24120,21975,20871,23406,23704,27614,critical,,,9500,34818,0.5581,,,,,,,36.105035,-78.29898,FLY,2500
198899,Mars Hill University,Mars Hill,NC,2,1044,www.mhu.edu/,https://www.mhu.edu/future-students/traditional-undergraduate/financial-aid/tuition-fees-financial-aid-traditional/,50099,37736,37736,17021,17020,20628,21637,21972,critical,0.4487,0.4145,18172,44781,0.679,,,,,,,35.82752,-82.551827,FLY,2500
198905,Martin Community College,Williamston,NC,1,313,www.martincc.edu/,www.martincc.edu/netprice,11275,2523,8667,1924,4637,3720,,,low,,,,26016,,,,,,,,35.836304,-77.094913,FLY,2500
198914,Mayland Community College,Spruce Pine,NC,1,362,https://www.mayland.edu/,https://www.mayland.edu/financial-aid/cost-and-payment/,14932,2626,8770,4571,7116,6502,8841,,medium,,,,34663,,,,,,,,35.934475,-82.016988,FLY,2500
198923,McDowell Technical Community College,Marion,NC,1,608,https://www.mcdowelltech.edu/,https://www.mcdowelltech.edu/net-cost-calculator,18783,2032,6640,7084,7478,9301,13766,,medium,,,,33035,,,,,,,,35.656254,-81.96208,FLY,2500
198950,Meredith College,Raleigh,NC,2,1188,www.meredith.edu/,https://tcc.ruffalonl.com/meredith college/net-price-calculator,57313,45630,45630,17207,19006,18064,23678,29117,critical,0.7007,0.669,20066,51539,0.7418,588,668,510,680,23,29,35.799351,-78.689995,FLY,2500
198969,Methodist University,Fayetteville,NC,2,1448,www.methodist.edu/,https://methodist.studentaidcalculator.com/survey.aspx,55796,41250,41250,20371,23073,21328,27698,30453,critical,0.4351,0.3012,12500,48050,0.7514,550,630,530,620,22,27,35.135058,-78.874426,FLY,2500
198987,Mitchell Community College,Statesville,NC,1,1948,https://www.mitchellcc.edu/,https://www.mitchellcc.edu/wp-content/uploads/2023/11/index.html,16661,2641,8785,5287,5495,8805,10056,,medium,,,,33298,,,,,,,,35.782814,-80.894083,FLY,2500
199023,Montgomery Community College,Troy,NC,1,852,www.montgomery.edu/,sftp.montgomery.edu/fa/NetPriceCalculator/npcalc.htm,17669,2538,8682,12034,14634,15251,17339,,high,,,,32742,,,,,,,,35.367107,-79.870005,FLY,2500
199032,Montreat College,Montreat,NC,2,762,https://www.montreat.edu/,https://www.montreat.edu/calculator/,47133,36450,36450,23261,24904,25075,25700,30607,critical,0.5031,0.5556,13875,45151,0.692,,,,,,,35.646577,-82.2976,FLY,2500
199069,University of Mount Olive,Mount Olive,NC,2,1796,https://umo.edu/,https://umo.edu/cost-calculator/,38569,27366,27366,18227,16066,20923,15250,21498,critical,0.5178,0.2741,20811,47139,0.7575,,,,,18,24,35.208166,-78.069388,FLY,2500
199087,Nash Community College,Rocky Mount,NC,1,1689,https://www.nashcc.edu/,https://www.nashcc.edu/tuition,10062,2866,8866,2138,2959,4183,8661,,low,,,7199,34912,,,,,,,,35.976823,-77.898348,FLY,2500
199102,North Carolina A & T State University,Greensboro,NC,1,12182,www.ncat.edu/,https://www.ncat.edu/admissions/financial-aid/netprice-calculator/index.php,20427,6813,20673,8223,9462,11973,16454,17311,high,0.5718,0.5105,20909,44440,0.499,510,600,510,590,17,23,36.07282,-79.773375,FLY,2500
199111,University of North Carolina Asheville,Asheville,NC,1,2910,https://new.unca.edu/,https://npc.collegeboard.org/app/uncashville,21685,7501,24849,8219,8735,11570,15854,18786,high,0.5448,0.4919,14138,44030,0.9192,600,700,570,660,23,29,35.617068,-82.565392,FLY,2500
199120,University of North Carolina at Chapel Hill,Chapel Hill,NC,1,20752,https://www.unc.edu/,https://studentaid.unc.edu/net-price-calculator/,26055,8994,41203,2004,3918,8538,16415,24396,low,0.9117,0.8854,12989,72200,0.1534,690,750,700,780,28,34,35.911769,-79.050969,FLY,2500
199139,University of North Carolina at Charlotte,Charlotte,NC,1,24453,https://www.charlotte.edu/,https://calculator.charlotte.edu/,23010,7239,22492,10357,10668,13690,19822,21761,high,0.6897,0.674,16500,57289,0.796,570,660,570,670,21,28,35.306022,-80.730919,FLY,2500
199148,University of North Carolina at Greensboro,Greensboro,NC,1,14062,www.uncg.edu/,https://spartancentral.uncg.edu/financial-aid/financial-aid-basics/net-price-calculator/,21373,7661,24012,7305,8082,11605,16979,19580,medium,0.5631,0.5469,16750,48160,0.8851,590,685,560,670,22,27,36.068236,-79.809414,FLY,2500
199157,North Carolina Central University,Durham,NC,1,6081,https://www.nccu.edu/,https://www.nccu.edu/net-price-calculator,26556,6699,19735,13032,13882,17527,22401,23658,high,0.4165,0.3948,22000,42968,0.8696,,,,,19,22,35.974237,-78.898602,FLY,2500
199184,University of North Carolina School of the Arts,Winston Salem,NC,1,945,www.uncsa.edu/,www.uncsa.edu/financialaid/netpricecalculator/npcalc.html,26470,9477,27211,3165,7828,11491,20173,25172,medium,0.7778,0.7679,19500,38357,0.2997,600,720,540,650,22,29,36.076183,-80.235672,FLY,2500
199193,North Carolina State University at Raleigh,Raleigh,NC,1,27371,www.ncsu.edu/,https://npc.collegeboard.org/app/ncsu,26425,8799,32847,6382,8758,13334,20087,24652,medium,0.8476,0.7921,17320,68758,0.4174,650,720,650,750,28,32,35.785111,-78.674517,FLY,2500
199209,North Carolina Wesleyan University,Rocky Mount,NC,2,1214,www.ncwu.edu/,https://ncwu.edu/npcalc.html,49974,35736,35736,16114,14020,16017,20403,22379,critical,0.4197,0.3705,19531,45873,0.8023,,,,,,,36.019665,-77.773982,FLY,2500
199218,University of North Carolina Wilmington,Wilmington,NC,1,14922,www.uncw.edu/,https://www.uncw.edu/seahawk-life/money-matters/financial-aid/affording-your-education/net-price-calculator,26547,7277,24152,10778,12572,17378,24046,25573,high,0.7059,0.6389,15178,54967,0.6424,620,680,610,660,24,29,34.225223,-77.875527,FLY,2500
199263,Pamlico Community College,Grantsboro,NC,1,165,www.pamlicocc.edu/,https://www.pamlicocc.edu/wp-content/uploads/2025/02/npc2025.html,8227,1867,6475,2161,132,,832,,low,,,,30005,,,,,,,,35.068398,-76.83372,FLY,2500
199272,William Peace University,Raleigh,NC,2,666,www.peace.edu/,www.peace.edu/admissions/understand-costs-and-financial-aid/traditional-undergraduate/,49362,34176,34176,15779,18233,20429,23046,30565,critical,0.4481,0.4167,15145,46643,0.9425,545,630,535,595,22,27,35.789139,-78.637697,FLY,2500
199281,University of North Carolina at Pembroke,Pembroke,NC,1,5330,https://www.uncp.edu/,https://uncp.clearcostcalculator.com/student/default/netpricecalculator/survey,17261,3648,7648,7919,8892,10932,14564,15999,high,0.4354,0.4108,15500,43407,0.9326,490,600,480,600,18,23,34.688313,-79.200347,FLY,2500
199306,Pfeiffer University,Misenheimer,NC,2,655,www.pfeiffer.edu/,www.pfeiffer.edu/admissions/financial-aid,45542,35070,35070,16167,14758,16941,20005,24513,critical,0.3497,0.3886,15500,51562,0.9603,,,,,,,35.484696,-80.283168,FLY,2500
199324,Piedmont Community College,Roxboro,NC,1,457,www.piedmontcc.edu/,https://piedmontcc.edu/wp-content/uploads/2023/07/index-3.html,12039,2556,8700,2072,770,,,,low,,,,33274,,,,,,,,36.431674,-78.980607,FLY,2500
199333,Pitt Community College,Winterville,NC,1,5317,https://pittcc.edu/,https://pittcc.edu/net-price-calculator.html,15979,2580,8724,6633,6796,8364,11556,15029,medium,,,8250,37259,,,,,,,,35.550591,-77.407203,FLY,2500
199412,Queens University of Charlotte,Charlotte,NC,2,1211,www.queens.edu/,tcc.ruffalonl.com/Queens University of Charlotte/Freshman Students,65742,45846,45846,22792,20593,26435,30159,40426,critical,0.6131,0.469,19500,57673,0.6208,560,670,580,670,20,27,35.189051,-80.833509,FLY,2500
199421,Randolph Community College,Asheboro,NC,1,1417,https://www.randolph.edu/,https://www.randolph.edu/financial-aid/net-price-calculator.html,16435,2416,8176,6347,6385,7180,11461,14318,medium,,,,33336,,,,,,,,35.672814,-79.828538,FLY,2500
199449,Richmond Community College,Hamlet,NC,1,1352,https://richmondcc.edu/,https://richmondcc.edu/sites/default/files/public/NetPriceCalculator/index_0.html,15667,1956,6564,4289,4925,6853,11172,,medium,,,,29951,,,,,,,,34.905252,-79.70964,FLY,2500
199458,Mid-Atlantic Christian University,Elizabeth City,NC,2,132,https://www.macuniversity.edu/,https://www.macuniversity.edu/netprice.html,33011,17280,17280,17512,16406,17385,21476,20004,critical,0.2075,0.2121,9500,38342,0.6216,390,640,440,570,,,36.303812,-76.216483,FLY,2500
199467,Roanoke-Chowan Community College,Ahoskie,NC,1,309,www.roanokechowan.edu/,https://www.collegeraptor.com/Shopping/School/Roanoke-Chowan-Community-College-NC--199467,9415,2642,8786,5690,4479,6792,,,medium,,,,29324,,,,,,,,36.324827,-77.023662,FLY,2500
199476,Robeson Community College,Lumberton,NC,1,1551,www.robeson.edu/,https://www.robeson.edu/wp-content/uploads/index-24-25-Net-Calculator.html,12628,2581,8725,2286,2554,5009,7364,,low,,,9250,29036,,,,,,,,34.675194,-79.00664,FLY,2500
199485,Rockingham Community College,Wentworth,NC,1,1065,https://www.rockinghamcc.edu/,https://rockinghamcc.edu/netcal/npcalc.html,10933,1966,6574,1161,1586,3023,6782,1774,low,,,,32480,,,,,,,,36.388682,-79.758353,FLY,2500
199494,Rowan-Cabarrus Community College,Salisbury,NC,1,4164,https://www.rccc.edu/,https://www.rccc.edu/financialaid/net-price-calculator/,17338,2064,6672,6580,7494,8903,13074,,medium,,,8457,34936,,,,,,,,35.639388,-80.48181,FLY,2500
199582,Saint Augustine's University,Raleigh,NC,2,172,www.st-aug.edu/,https://saintaugustinesuniversity.formstack.com/forms/net_price_calculator,33179,16896,16896,27815,20801,23499,19943,21944,critical,0.25,0.1987,12750,35730,0.338,,,,,,,35.785468,-78.621301,FLY,2500
199607,Salem College,Winston-Salem,NC,2,423,www.salem.edu/,https://www.salem.edu/net-price-calculator,48532,33848,33848,19074,16001,16147,19940,24027,critical,0.5743,0.4792,19500,44640,0.7667,553,643,513,600,16,22,36.086271,-80.241297,FLY,2500
199625,Sampson Community College,Clinton,NC,1,846,https://www.sampsoncc.edu/,www.sampsoncc.edu/student-services/net-price-calculator/npcalc.html,13142,2877,9789,2063,4462,3184,7874,,low,,,,33409,,,,,,,,34.99046,-78.36006,FLY,2500
199634,Sandhills Community College,Pinehurst,NC,1,2539,https://www.sandhills.edu/,https://www.sandhills.edu/_resources/document/index2024.html,14709,2040,6648,2674,3988,5713,7778,12360,medium,,,,31656,,,,,,,,35.220086,-79.40635,FLY,2500
199643,Shaw University,Raleigh,NC,2,875,www.shawu.edu/,shawu.clearcostcalculator.com/student/default/netpricecalculator/survey,30861,17538,17538,16236,16276,21145,,24966,critical,0.2179,0.2006,19000,34409,0.8016,,,,,,,35.771181,-78.637693,FLY,2500
199722,Southeastern Community College,Whiteville,NC,1,820,www.sccnc.edu/,www.sccnc.edu/wp-content/uploads/2023/06/index-3.html,15193,2600,8744,8660,9330,12051,,,high,,,5500,30284,,,,,,,,34.331749,-78.783365,FLY,2500
199731,Southwestern Community College,Sylva,NC,1,1249,https://www.southwesterncc.edu/,https://www.southwesterncc.edu/NetPriceCalculator/index.html,15856,4112,13184,4982,4423,6494,7592,,medium,,,7000,34145,,,,,,,,35.348575,-83.207129,FLY,2500
199740,Stanly Community College,Albemarle,NC,1,1465,www.stanly.edu/,https://www.stanly.edu/financial-aid/net-price-calculator.html,15370,2672,8816,5640,5354,7252,5570,,medium,,,,36686,,,,,,,,35.339895,-80.236303,FLY,2500
199759,Southeastern Baptist Theological Seminary,Wake Forest,NC,2,585,https://www.judsoncollege.com/,www.judsoncollege.com/admissions/cost-estimator.aspx,22632,11318,11318,18587,12263,11970,4099,,critical,0.5806,,,,0.7463,540,660,460,590,21,24,35.981858,-78.513755,FLY,2500
199768,Surry Community College,Dobson,NC,1,1475,https://surry.edu/,https://surry.edu/net-price-calculator/,14271,2668,8812,3483,3716,6782,10664,,medium,,,,36012,,,,,,,,36.384334,-80.716834,FLY,2500
199786,Alamance Community College,Graham,NC,1,3080,www.alamancecc.edu/,https://www.alamancecc.edu/how-to-pay/tuition-fees.php,15922,2592,8736,4914,5328,8374,10344,,medium,,,,34241,,,,,,,,36.066683,-79.357657,FLY,2500
199795,Tri-County Community College,Murphy,NC,1,472,https://www.tricountycc.edu/,https://www.tricountycc.edu/wp-content/themes/tricountycc/npcalc.htm,18830,2636,8780,7220,7224,8984,10013,,medium,,,,32232,,,,,,,,35.067021,-83.966476,FLY,2500
199838,Vance-Granville Community College,Henderson,NC,1,1665,www.vgcc.edu/,www.vgcc.edu/wp-content/uploads/2024/08/Net-Price-Calculator.html,13153,1944,6552,1701,2722,5636,8373,,low,,,4750,34304,,,,,,,,36.323887,-78.487651,FLY,2500
199847,Wake Forest University,Winston-Salem,NC,2,5485,www.wfu.edu/,https://npc.collegeboard.org/student/app/wfu,87499,67642,67642,6525,6331,7647,12771,58081,medium,0.8915,0.8661,19500,78158,0.2167,700,750,710,770,32,34,36.133609,-80.277446,FLY,2500
199856,Wake Technical Community College,Raleigh,NC,1,19675,www.waketech.edu/,https://www.waketech.edu/financial-aid/consumer-disclosure-information/net-price,15953,2254,6862,6682,7486,9108,12603,15067,medium,,,7000,41769,,,,,,,,35.650151,-78.706126,FLY,2500
199865,Warren Wilson College,Swannanoa,NC,2,707,https://www.warren-wilson.edu/,https://wwc.wbnpc.com/,56966,41500,41500,13566,17514,21046,25834,27982,high,0.42,0.3417,9500,36260,0.7134,,,,,25,29,35.610328,-82.442619,FLY,2500
199883,Watts College of Nursing,Durham,NC,2,124,wattscollegeofnursing.edu/,https://wattscollegeofnursing.edu/financial-information/consumer-information/,,,,,,,,,,,,,,,,,,,,,36.027649,-78.9413,FLY,2500
199892,Wayne Community College,Goldsboro,NC,1,2739,www.waynecc.edu/,https://cdn.waynecc.edu/net-price-calculator/,11096,2566,8710,1371,2169,3271,4601,7179,low,,,5875,34148,,,,,,,,35.403079,-77.945873,FLY,2500
199908,Western Piedmont Community College,Morganton,NC,1,1339,https://www.wpcc.edu/,https://www.wpcc.edu/financial-aid/net-price-calculator,16642,2650,8794,4471,6147,7386,13421,,medium,,,3750,34195,,,,,,,,35.722876,-81.687345,FLY,2500
199926,Wilkes Community College,Wilkesboro,NC,1,1355,www.wilkescc.edu/,www.wilkescc.edu/npcalc.html,9844,2572,8716,-1444,-992,1679,4528,6653,low,,,5600,34728,,,,,,,,36.136617,-81.182994,FLY,2500
199953,Wilson Community College,Wilson,NC,1,1373,www.wilsoncc.edu/,www.wilsoncc.edu/netprice/npcalc.htm,10765,2572,8716,2584,2120,3034,7598,10765,medium,,,9004,32973,,,,,,,,35.730114,-77.895663,FLY,2500
199962,Wingate University,Wingate,NC,2,2668,https://www.wingate.edu/,https://www.wingate.edu/admissions/financial-aid/net-price-calculator,57473,41636,41636,18772,18092,18865,21651,24759,critical,0.4635,0.4052,12000,52649,0.9113,510,610,500,600,18,25,34.986064,-80.44305,FLY,2500
199999,Winston-Salem State University,Winston-Salem,NC,1,4170,https://www.wssu.edu/,https://connect.wssu.edu/register/npc,23147,6126,16782,11463,12412,14681,18813,21405,high,0.4668,0.4591,18447,45344,0.7826,430,520,400,500,15,20,36.089554,-80.225033,FLY,2500
200004,Western Carolina University,Cullowhee,NC,1,10024,www.wcu.edu/,www.wcu.edu/apply/financial-aid/facts-and-resources/npcalc.html,19992,4630,8630,8816,10012,12605,17060,17992,high,0.6026,0.5533,15348,49458,0.8183,560,660,520,610,19,25,35.308979,-83.186258,FLY,2500
200022,Bismarck State College,Bismarck,ND,1,2839,https://bismarckstate.edu/,https://bismarckstate.edu/includes/netprice/,15771,5247,7331,6140,5828,8524,12160,13979,medium,0.4724,0.3971,6750,54277,,,,,,,,46.821459,-100.816534,FLY,2500
200059,Dickinson State University,Dickinson,ND,1,1090,www.dickinsonstate.edu/,www.dickinsonstate.edu/Assets/uploads/files/financial-aid/netpricecalculator/npcalc.htm,20567,9118,9118,10479,8094,12985,15484,16922,high,0.506,0.4423,11960,50720,0.3702,,,,,,,46.882917,-102.799679,FLY,2500
200086,Nueta Hidatsa Sahnish College,New Town,ND,1,161,www.nhsc.edu/,nhsc.edu/admission-financial-aid/financial-aid/,14090,3870,3870,10255,6945,10717,,,high,0.0732,0.2308,,,,,,,,,,47.983311,-102.472814,FLY,2500
200156,University of Jamestown,Jamestown,ND,2,1041,www.uj.edu/,https://app.meadowfi.com/uj,38013,24990,24990,14788,14826,18260,20408,21448,high,0.4904,0.2887,15897,56621,0.8808,,,,,,,46.914302,-98.698416,FLY,2500
200192,Lake Region State College,Devils Lake,ND,1,611,www.lrsc.edu/,https://www.lrsc.edu/cost-aid,18731,5520,5520,9238,12396,12807,15312,16525,high,,,7475,49502,,,,,,,,48.127948,-98.869034,FLY,2500
200208,Cankdeska Cikana Community College,Fort Totten,ND,1,222,www.littlehoop.edu/,www.littlehoop.edu//NetPriceCalculator/,11969,3950,3950,7018,5862,5769,,,medium,,,,17008,,,,,,,,47.978122,-98.990801,FLY,2500
200217,University of Mary,Bismarck,ND,2,2416,https://www.umary.edu/,https://www.umary.edu/financial-aid/net-price-calculator.php,33672,22356,22356,11593,12282,13087,16001,20063,high,0.666,0.5238,18750,60909,0.753,580,680,530,660,21,26,46.723767,-100.75274,FLY,2500
200226,Mayville State University,Mayville,ND,1,733,www.mayvillestate.edu/,www.mayvillestate.edu/paying-school/cost-calculator,20657,7979,11237,5971,4878,9558,13885,15766,medium,0.406,0.3617,12268,47828,,,,,,,,47.505415,-97.322554,FLY,2500
200253,Minot State University,Minot,ND,1,2062,www.minotstateu.edu/,https://www.minotstateu.edu/finaid/npcalc.htm,19339,8702,8702,9492,10388,11359,13674,15632,high,0.4505,0.3039,11980,51759,0.6462,500,570,430,570,18,24,48.246961,-101.29861,FLY,2500
200280,University of North Dakota,Grand Forks,ND,1,9981,https://und.edu/,https://und.edu/admissions/cost-and-aid/calculator.html,25605,10951,15570,13126,12251,15206,18981,20730,high,0.6048,0.5285,15238,63552,0.769,,,,,,,47.921654,-97.071738,FLY,2500
200305,North Dakota State College of Science,Wahpeton,ND,1,1909,https://ndscs.edu/,https://ndscs.edu/admissions-aid/paying-for-college/financial-aid/net-price-calculator/,17265,5974,6973,7803,7297,9678,12078,14772,high,,,8250,50513,,,,,,,,46.272158,-96.607379,FLY,2500
200314,Dakota College at Bottineau,Bottineau,ND,1,399,www.dakotacollege.edu/,www.dakotacollege.edu/netprice/,16774,5388,6294,7225,6229,8476,11796,16037,medium,,,8421,40576,,,,,,,,48.832505,-100.441103,FLY,2500
200332,North Dakota State University-Main Campus,Fargo,ND,1,9471,https://www.ndsu.edu/,https://www.ndsu.edu/admission/cost-aid,23716,11110,15764,9370,11343,11923,16082,18856,high,0.6389,0.5502,16750,62203,0.9496,,,,,19,25,46.893127,-96.800838,FLY,2500
200341,Williston State College,Williston,ND,1,651,https://willistonstate.edu/,https://willistonstate.edu/admissions/Student-Financial-Aid/Estimated-Cost-of-Attendance/,16651,6128,6128,4454,3213,5026,7187,8854,medium,,,6500,44017,,,,,,,,48.158603,-103.613066,FLY,2500
200466,Sitting Bull College,Fort Yates,ND,1,257,https://sittingbull.edu/,sittingbull.edu/uploads/28/index.html,10012,4010,4010,5056,3739,3122,,,medium,0.2162,0.24,,28488,,,,,,,,46.085288,-100.674735,FLY,2500
200484,Trinity Bible College and Graduate School,Ellendale,ND,2,141,trinitybiblecollege.edu/,netprice.tbc2day.edu/,31544,19700,19700,19123,19825,16755,22294,23003,critical,0.4595,0.2941,16043,35604,0.2575,,,,,,,46.001037,-98.517906,FLY,2500
200527,Turtle Mountain College,Belcourt,ND,2,543,www.tm.edu/,www.tm.edu/netprice/,13655,2794,2794,3067,4921,2500,4737,12020,medium,0.4341,0.4112,,32079,,,,,,,,48.883758,-99.750836,FLY,2500
200554,United Tribes Technical College,Bismarck,ND,2,569,https://uttc.edu/,https://uttc.edu/tuition-and-aid/additional-financial-resources/college-cost-calculator/,14309,4632,4632,3571,4061,2284,7049,,medium,0.2133,0.2222,,25292,,,,,,,,46.767157,-100.755131,FLY,2500
200572,Valley City State University,Valley City,ND,1,958,www.vcsu.edu/,www.vcsu.edu/admissions/tuition-fees/net-price-calculator/,20468,8514,13544,7879,7787,10841,12538,14570,high,0.5333,0.6047,11761,52725,0.9907,420,530,410,540,17,24,46.918517,-98.00389,FLY,2500
200785,Herzing University-Akron,Akron,OH,2,391,https://www.herzing.edu/,https://www.herzing.edu/tuition-financial-aid/net-price-calculator,27417,13450,13450,18120,18858,17716,23322,25700,critical,0.1892,0.2,11756,36909,0.9457,,,,,,,41.02817,-81.493109,FLY,2500
200800,University of Akron Main Campus,Akron,OH,1,9052,www.uakron.edu/,https://www.uakron.edu/finaid/net-price-calculator,26284,13135,20815,10413,10131,13519,17800,20226,high,0.5186,0.3655,15250,46600,0.5967,460,600,440,590,17,25,41.075923,-81.511167,FLY,2500
200846,University of Akron Wayne College,Orrville,OH,1,457,https://wayne.uakron.edu/,https://www.uakron.edu/finaid/net-price-calculator,15993,7723,15403,3982,4100,6663,11082,12160,medium,0.1852,0.1236,15250,46600,0.8992,440,550,390,550,16,23,40.861519,-81.789979,FLY,2500
201061,Art Academy of Cincinnati,Cincinnati,OH,2,205,https://www.artacademy.edu/,https://www.artacademy.edu/about-aac/consumer-information-statistics/net-price-calculator,53879,41375,41375,33835,26702,34052,41927,36786,critical,0.4127,0.4286,11750,34368,0.3449,,,,,,,39.108805,-84.513913,FLY,2500
201104,Ashland University,Ashland,OH,2,2199,https://www.ashland.edu/,https://www.ashland.edu/form/cost-of-attendance-calculator,43434,31210,31210,16489,17893,19052,24229,26507,critical,0.6063,0.4908,20000,52928,0.764,505,610,530,598,20,25,40.861755,-82.321061,FLY,2500
201177,Aultman College of Nursing and Health Sciences,Canton,OH,2,280,https://www.aultmancollege.edu/,https://www.aultmancollege.edu/netprice/npcalc.htm,28979,20230,20230,21580,22068,26346,26343,25133,critical,0.5333,0.4667,13531,63582,0.4588,,,,,15,25,40.796186,-81.404053,FLY,2500
201195,Baldwin Wallace University,Berea,OH,2,2842,https://www.bw.edu/,https://bw.clearcostcalculator.com/student,55606,39832,39832,21296,20381,22994,27597,31288,critical,0.6677,0.5824,24250,54122,0.757,550,650,510,640,22,29,41.373017,-81.851145,FLY,2500
201283,Belmont College,St Clairsville,OH,1,600,www.belmontcollege.edu/,www.belmontcollege.edu/admissions-and-aid/paying-for-college/net-price-calculator/,12680,4698,7200,5903,5905,7617,9213,8831,medium,,,5322,35329,,,,,,,,40.07695,-80.964901,FLY,2500
201371,Bluffton University,Bluffton,OH,2,582,www.bluffton.edu/,https://www.bluffton.edu/admissions/financialaid/calculator.html,51862,37362,37362,16363,16689,18469,21233,26321,critical,0.5294,0.3788,19500,49547,0.6723,430,550,430,580,16,22,40.895606,-83.899439,FLY,2500
201432,Bowling Green State University-Firelands,Huron,OH,1,1251,https://www.firelands.bgsu.edu/,www.bgsu.edu/bursar/calculate-your-cost-of-attendance.html,22070,6407,14395,15207,15447,17855,20900,21882,critical,0.1132,0.0961,17500,47896,,,,,,,,41.397566,-82.594266,FLY,2500
201441,Bowling Green State University-Main Campus,Bowling Green,OH,1,12812,www.bgsu.edu/,www.bgsu.edu/bursar/calculate-your-cost-of-attendance.html,33007,14460,22448,18396,18547,21820,25741,27414,critical,0.6373,0.5156,17500,47896,0.8096,500,610,500,600,19,26,41.375513,-83.640896,FLY,2500
201469,Bryant & Stratton College-Parma,Parma,OH,2,624,https://www.bryantstratton.edu/,https://www.bryantstratton.edu/financial-aid/net-price-calculator,23917,19580,19580,12920,,8480,,15518,high,0.1882,0.1875,9500,32568,,,,,,,,41.404607,-81.781757,FLY,2500
201548,Capital University,Columbus,OH,2,1585,https://www.capital.edu/,https://www.capital.edu/admission-aid/office-of-financial-aid/,57130,43234,43234,19062,18574,20331,23348,27299,critical,0.6027,0.5027,20927,54143,0.7022,450,590,460,590,18,25,39.954875,-82.937867,FLY,2500
201645,Case Western Reserve University,Cleveland,OH,2,6437,www.case.edu/,case.edu/financialaid/resources/net-price-calculator/,85851,66608,66608,19025,18506,20849,26159,53061,critical,0.8717,0.8314,21488,87989,0.3654,700,760,730,780,32,34,41.507419,-81.609596,FLY,2500
201654,Cedarville University,Cedarville,OH,2,4024,https://www.cedarville.edu/,https://www.cedarville.edu/offices/financial-aid/net-price-calculator,49320,37150,37150,18987,17762,19743,23426,28127,critical,0.7253,0.6207,17500,55443,0.6529,580,690,550,670,22,29,39.749237,-83.814692,FLY,2500
201672,Central Ohio Technical College,Newark,OH,1,1941,www.cotc.edu/,https://coursecast.cotc.edu/websitemediafiles/netpricecalculator/npcalc.htm,14764,5256,8016,9305,9867,11473,11428,,high,0.3026,0.2768,6644,39168,,,,,,,,40.069314,-82.447441,FLY,2500
201690,Central State University,Wilberforce,OH,1,2620,https://www.centralstate.edu/,https://centralstate.clearcostcalculator.com/student/default/netpricecalculator/surveycentralstate.studentaidcalculator.com/survey.aspx,21929,8058,10058,19581,7161,8773,10343,10187,critical,0.2281,0.205,13740,33267,0.9861,,,,,,,39.715787,-83.880186,FLY,2500
201821,The Christ College of Nursing and Health Sciences,Cincinnati,OH,2,713,https://www.thechristcollege.edu/,https://npc.collegeboard.org/app/thechristcollege,28094,16836,16836,17255,15801,12650,21245,22283,critical,0.5571,0.5357,19500,68303,0.5894,,,,,15,25,39.121821,-84.509564,FLY,2500
201867,Cincinnati College of Mortuary Science,Cincinnati,OH,2,107,www.ccms.edu/,https://www.ccms.edu/NetPriceCalculator.html,,,,,,,,,,,,15000,55695,,,,,,,,39.206578,-84.505604,FLY,2500
201885,University of Cincinnati-Main Campus,Cincinnati,OH,1,29882,www.uc.edu/,https://uc.studentaidcalculator.com/survey.aspx,32171,13976,29310,17974,18092,22492,27596,29616,critical,0.7496,0.6579,12000,54810,0.8529,570,670,590,700,24,29,39.131159,-84.51428,FLY,2500
201928,Cincinnati State Technical and Community College,Cincinnati,OH,1,5667,www.cincinnatistate.edu/,www.cincinnatistate.edu/financial-aid/calculator/,12229,5517,10044,2823,3377,6077,10062,11878,medium,0.1633,0.1679,7966,40137,,,,,,,,39.149915,-84.536936,FLY,2500
201946,University of Cincinnati-Clermont College,Batavia,OH,1,3019,www.ucclermont.edu/,https://uc.studentaidcalculator.com/survey.aspx,19165,6750,13982,11078,10577,14070,16588,18083,high,0.2374,0.1791,12000,54810,,,,,,,,39.080645,-84.19437,FLY,2500
201955,University of Cincinnati-Blue Ash College,Blue Ash,OH,1,4354,www.ucblueash.edu/,https://uc.studentaidcalculator.com/survey.aspx,21784,7200,15998,13917,14342,16657,19401,20970,high,0.159,0.1383,12000,54810,,,,,,,,39.234333,-84.399956,FLY,2500
201964,Ohio Christian University,Circleville,OH,2,862,www.ohiochristian.edu/,https://www.ohiochristian.edu/university/about-ocu/net-price-calculator,35017,24600,24600,22113,22338,15292,22034,20159,critical,0.3394,0.3385,21250,39813,0.3797,,,,,,,39.613155,-82.904885,FLY,2500
201973,Clark State College,Springfield,OH,1,3456,https://www.clarkstate.edu/,https://res.clarkstate.edu/npc/,16812,4393,8049,10526,10129,13884,15540,16081,high,0.2176,0.2,6899,39584,,,,,,,,39.896411,-83.799788,FLY,2500
202046,Cleveland Institute of Art,Cleveland,OH,2,539,www.cia.edu/,https://collegepricecalculator.com/cia,64587,49400,49400,23423,24992,26654,30518,37436,critical,0.5771,0.5325,26500,42509,0.6135,500,660,480,620,23,29,41.510435,-81.602416,FLY,2500
202073,Cleveland Institute of Music,Cleveland,OH,2,159,www.cim.edu/,www.cim.edu/net-price-calculator,61212,52880,52880,23782,29767,16884,21212,32629,critical,0.7213,0.375,18500,32641,0.4731,,,,,,,41.512444,-81.608878,FLY,2500
202134,Cleveland State University,Cleveland,OH,1,8969,www.csuohio.edu/,www.csuohio.edu/financial-aid/net-price-calculator,27159,12988,18510,11958,13561,14727,15690,20378,high,0.5057,0.4255,15333,52131,0.913,,,,,,,41.502281,-81.674355,FLY,2500
202170,Columbus College of Art & Design,Columbus,OH,2,882,https://www.ccad.edu/,https://ccad.clearcostcalculator.com/student/default/netpricecalculator/survey,54443,40825,40825,24204,27218,27534,29717,33114,critical,0.556,0.4952,20500,40664,0.6766,,,,,,,39.966074,-82.989479,FLY,2500
202222,Columbus State Community College,Columbus,OH,1,17549,https://www.cscc.edu/,https://www.cscc.edu/academics/tuition-and-fees/net-price-calculator.shtml,13381,5488,11224,6777,7161,8643,11660,12985,medium,0.2806,0.1108,5993,39435,,,,,,,,39.96887,-82.98766,FLY,2500
202356,Cuyahoga Community College District,Cleveland,OH,1,13382,www.tri-c.edu/,www.tri-c.edu/payingforcollege/pages/tuitionpaymentschedule.aspx,11189,3249,7249,2941,3646,6005,8699,10491,medium,,,4724,35654,,,,,,,,41.494906,-81.683533,FLY,2500
202480,University of Dayton,Dayton,OH,2,7682,https://udayton.edu/,https://udayton.edu/netprice/,65881,49140,49140,21736,21595,24155,26871,33731,critical,0.8018,0.6963,19500,75537,0.6545,600,690,600,690,25,31,39.739547,-84.176113,FLY,2500
202514,Defiance College,Defiance,OH,2,499,https://www.defiance.edu/,https://tcc.ruffalonl.com/defiance college/freshman-students,53667,29320,29320,27196,26105,25884,24554,26637,critical,0.3057,0.2841,11000,49351,0.4755,,,,,,,41.296842,-84.357075,FLY,2500
202523,Denison University,Granville,OH,2,2380,https://www.denison.edu/,https://www.denison.edu/forms/net-price-calculator,81900,67000,67000,16656,13086,17827,20839,48472,critical,0.789,0.8151,21250,67753,0.1739,660,730,660,760,30,33,40.071505,-82.523272,FLY,2500
202648,Edison State Community College,Piqua,OH,1,1302,https://www.edisonohio.edu/,https://www.edisonohio.edu/tuition-aid/financial-aid/net-price-calculator,13472,4499,8346,6708,8925,8674,6342,12146,medium,0.3801,0.2927,9278,41360,,,,,,,,40.157699,-84.212385,FLY,2500
202763,The University of Findlay,Findlay,OH,2,2223,https://www.findlay.edu/,https://app.meadowfi.com/findlay,54580,41164,41164,22052,22908,24481,28486,28963,critical,0.5786,0.4205,19500,56996,0.8337,,,,,,,41.053344,-83.652313,FLY,2500
202806,Franklin University,Columbus,OH,2,5562,www.franklin.edu/,https://www.franklin.edu/lp/npcalc/npcalc.htm,30696,9577,9577,24968,25876,24690,25389,29964,critical,0.1111,0.0377,14238,51892,,,,,,,,39.95831,-82.990375,FLY,2500
202903,Gods Bible School and College,Cincinnati,OH,2,281,https://www.gbs.edu/,https://www.gbs.edu/admissions/tuition-calculator/net-price-calculator/,18358,7710,7710,7801,10728,10542,8808,,high,0.4048,0.4783,5500,37722,0.7532,,,,,,,39.1153,-84.505703,FLY,2500
202912,Good Samaritan College of Nursing and Health Science,Cincinnati,OH,2,690,www.gscollege.edu/,www.gscollege.edu/net-price-calculator/,26627,15470,15470,17891,14532,13724,23704,24269,critical,0.7273,0.5,16013,66111,0.4574,,,,,,,39.140348,-84.521196,FLY,2500
203085,Heidelberg University,Tiffin,OH,2,915,https://www.heidelberg.edu/,https://heidelberg.aidcalc.cloud/#window_top,47025,33650,33650,18217,15974,14556,21376,26286,critical,0.5198,0.4222,20500,48466,0.8579,,,,,,,41.114833,-83.168387,FLY,2500
203128,Hiram College,Hiram,OH,2,777,www.hiram.edu/,https://www.hiram.edu/admissions-aid/financial-aid/net-price-calculator/,40572,27600,27600,16550,16382,18515,22236,26698,critical,0.5451,0.5115,19500,54311,0.9353,,,,,,,41.3107,-81.143981,FLY,2500
203155,Hocking College,Nelsonville,OH,1,1311,https://www.hocking.edu/,https://www.collegeraptor.com/Shopping/School/Hocking-College-OH--203155,19171,5540,10290,11364,12869,13253,16848,18104,high,,,6701,37791,,,,,,,,39.441954,-82.220791,FLY,2500
203368,John Carroll University,University Heights,OH,2,2274,jcu.edu/,https://collegepricecalculator.com/johncarrolluniversity,65827,50500,50500,19945,19485,24900,29477,34240,critical,0.7855,0.7444,21500,62860,0.809,600,660,580,670,25,32,41.490259,-81.531224,FLY,2500
203447,Kent State University at Ashtabula,Ashtabula,OH,1,1290,www.kent.edu/ashtabula,www.kent.edu/fbe-center/calculator,17513,7492,17342,9957,9318,13166,15819,15990,high,0.2471,0.22,17500,45388,,,,,,,,41.888296,-80.830377,FLY,2500
203456,Kent State University at East Liverpool,East Liverpool,OH,1,797,www.kent.edu/columbiana,https://www.kent.edu/fbe-center/calculator,18635,7492,17342,11004,13928,12226,17968,17635,high,0.2632,0.1905,17500,45388,,,,,,,,40.616966,-80.576702,FLY,2500
203465,Kent State University at Stark,North Canton,OH,1,2692,www.kent.edu/stark,https://www.kent.edu/fbe-center/calculator,15936,7492,17342,8312,8216,10651,14401,14909,high,0.3672,0.3131,17500,45388,,,,,,,,40.868568,-81.43731,FLY,2500
203474,Kent State University at Trumbull,Warren,OH,1,1629,www.kent.edu/trumbull,https://www.kent.edu/fbe-center/calculator,18371,7492,17342,9578,10077,10920,15516,17771,high,0.3218,0.2797,17500,45388,,,,,,,,41.278748,-80.836233,FLY,2500
203483,Kent State University at Tuscarawas,New Philadelphia,OH,1,1654,www.kent.edu/tusc,https://www.kent.edu/fbe-center/calculator,17539,7492,17342,10337,11024,12417,15473,16148,high,0.3774,0.3286,17500,45388,,,,,,,,40.467736,-81.407707,FLY,2500
203492,Kent State University at Salem,Salem,OH,1,1164,www.kent.edu/columbiana,https://www.kent.edu/fbe-center/calculator,18446,7492,17342,10684,9900,14582,17624,18045,high,0.3087,0.2703,17500,45388,,,,,,,,40.86408,-80.835458,FLY,2500
203517,Kent State University at Kent,Kent,OH,1,19320,www.kent.edu/,www.kent.edu/fbe-center/calculator,30567,13232,23082,15280,15718,17296,23685,26278,critical,0.6372,0.5317,17500,45388,0.8634,510,630,500,610,18,25,41.146653,-81.342533,FLY,2500
203526,Kent State University at Geauga,Burton,OH,1,1601,www.kent.edu/geauga,https://www.kent.edu/fbe-center/calculator,16480,7492,17342,10000,9649,13301,14128,15403,high,0.2027,0.1538,17500,45388,,,,,,,,41.483727,-81.143085,FLY,2500
203535,Kenyon College,Gambier,OH,2,1732,https://www.kenyon.edu/,www.kenyon.edu/admissions-aid/financial-aid-scholarships/estimate-financial-aid/,87590,71520,71520,18242,26319,19156,23757,51432,critical,0.8234,0.8113,15000,71830,0.3103,680,743,678,760,31,33,40.374408,-82.397977,FLY,2500
203544,Kettering College,Kettering,OH,2,549,kc.edu/,https://kc.edu/admissions/student-financial-services/net-price-calculator/,32839,16320,16320,16000,15162,22231,26714,26172,critical,0.6512,0.4667,19456,67492,0.7654,,,,,19,24,39.695052,-84.192006,FLY,2500
203580,Lake Erie College,Painesville,OH,2,852,www.lec.edu/,https://www.lec.edu/financial-aid/net-price-calculator/,50790,37634,37634,20195,19575,18548,23205,22370,critical,0.3795,0.3061,13875,50417,0.7036,,,,,,,41.717841,-81.251817,FLY,2500
203599,Lakeland Community College,Kirtland,OH,1,2773,www.lakelandcc.edu/,https://lkn.lakelandcc.edu/public/calculator/lcc/,11859,3872,9235,5977,6333,8506,10631,11028,medium,,,7780,39612,,,,,,,,41.637463,-81.364723,FLY,2500
203614,Collins Career Technical Center,Chesapeake,OH,1,454,https://adult.collins-cc.edu/,adult.collins-cc.edu/future-students/financial-aid,,,,9261,7868,9214,12169,15814,high,,,9711,47329,,,,,,,,38.491898,-82.473516,FLY,2500
203678,James A. Rhodes State College,Lima,OH,1,1590,www.rhodesstate.edu/,www.rhodesstate.edu/financial-aid/net-price-calculator.html,14578,4560,9120,7461,7850,10275,11062,13392,medium,0.4697,0.4138,7759,41855,,,,,,,,40.738347,-84.026319,FLY,2500
203748,Lorain County Community College,Elyria,OH,1,5373,https://www.lorainccc.edu/,https://apps.lorainccc.edu/netprice,9860,4265,8860,3099,3261,4874,6686,9202,medium,0.3094,0.2703,8917,38837,,,,,,,,41.413293,-82.073549,FLY,2500
203757,Lourdes University,Sylvania,OH,2,543,www.lourdes.edu/,https://www.lourdes.edu/costs-financial-aid/net-price-calculator/,45378,29500,29500,22220,22184,23192,27236,21394,critical,0.3246,0.2667,19000,48150,0.7413,,,,,,,41.710009,-83.706108,FLY,2500
203775,Malone University,Canton,OH,2,798,https://www.malone.edu/,https://www.malone.edu/admissions-and-aid/undergraduate-financial-aid/net-price-calculator/,49754,37160,37160,13290,17253,17667,24502,24613,high,0.4498,0.3451,20515,48909,0.7586,470,590,460,590,18,24,40.825662,-81.376863,FLY,2500
203845,Marietta College,Marietta,OH,2,952,https://www.marietta.edu/,https://www.shoppingsheet.com/shopping/landing/marietta,53709,39652,39652,18254,17191,18547,20084,25570,critical,0.6138,0.5505,12000,57180,0.7931,510,600,530,600,17,24,39.41668,-81.450045,FLY,2500
203881,Marion Technical College,Marion,OH,1,1475,mtc.edu/,https://mtc.edu/financial-aid/pdfs/NetPriceCalculator/npcalc1.htm,13026,6595,11225,6554,6511,7476,10928,13026,medium,0.3062,0.3465,5500,41495,,,,,,,,40.577017,-83.089156,FLY,2500
203960,Mercy College of Ohio,Toledo,OH,2,939,www.mercycollege.edu/,https://mercycollege.edu/net-price-calculator,30260,19470,19470,19867,13037,11567,21291,19735,critical,0.5581,0.5385,15084,65409,0.9322,410,510,380,500,15,20,41.658319,-83.552538,FLY,2500
204006,Miami University-Hamilton,Hamilton,OH,1,2043,miamioh.edu/regionals/,miamioh.edu/onestop/paying-for-college/costs/net-price-calculators/index.html,15352,7491,19407,7760,8737,11171,13775,14425,high,0.2494,0.203,16000,55076,,,,,,,,39.377448,-84.563385,FLY,2500
204015,Miami University-Middletown,Middletown,OH,1,837,miamioh.edu/regionals/,miamioh.edu/onestop/paying-for-college/costs/net-price-calculators/index.html,14890,7491,19407,7452,8415,10126,13331,13354,medium,0.3175,0.2796,16000,55076,,,,,,,,39.523776,-84.35724,FLY,2500
204024,Miami University-Oxford,Oxford,OH,1,16656,miamioh.edu/,miamioh.edu/onestop/paying-for-college/costs/net-price-calculators/index.html,38757,18161,41221,16015,18193,23806,29048,31431,critical,0.7979,0.7188,16000,55076,0.754,610,690,610,700,25,30,39.507757,-84.732954,FLY,2500
204176,Mount Carmel College of Nursing,Columbus,OH,2,532,www.mccn.edu/,https://carmelink.mccn.edu/ICS/Admissions/Financial_Services.jnz,21446,22080,22080,6312,7184,14438,17556,16383,medium,0.5385,0.6,21000,75103,0.8429,,,,,,,39.956625,-83.021501,FLY,2500
204185,University of Mount Union,Alliance,OH,2,1995,www.mountunion.edu/,https://www.shoppingsheet.com/shopping/landing/204185,49276,36600,36600,16786,19428,17741,23474,26495,critical,0.5865,0.4434,20500,53217,0.782,460,620,450,620,18,25,40.905256,-81.111029,FLY,2500
204194,Mount Vernon Nazarene University,Mount Vernon,OH,2,1358,mvnu.edu/,https://calculator.mvnu.edu/,49858,37158,37158,22358,20508,18116,21486,26271,critical,0.6811,0.6357,19565,49555,0.8415,528,645,518,670,18,25,40.372901,-82.471074,FLY,2500
204200,Mount St. Joseph University,Cincinnati,OH,2,1129,www.msj.edu/,https://www.msj.edu/tuition-aid/financial-aid-grants-loans-scholarships/net-price-calculator/index.html,46719,38150,38150,11689,12602,13817,18092,21682,high,0.5633,0.4915,18837,51509,0.5912,470,580,460,560,20,28,39.095893,-84.639453,FLY,2500
204255,Zane State College,Zanesville,OH,1,715,www.zanestate.edu/,https://www.zanestate.edu/calculator.html,13935,6006,11766,6648,7668,8632,10907,13460,medium,0.4648,0.3562,3995,35006,,,,,,,,39.96241,-82.031198,FLY,2500
204264,Muskingum University,New Concord,OH,2,1376,www.muskingum.edu/,https://www.muskingum.edu/financial-aid/cost-calculator,44658,32665,32665,14684,14479,16336,21372,23493,high,0.5637,0.4702,16750,48440,0.8184,460,560,450,545,17,22,39.996585,-81.737127,FLY,2500
204422,North Central State College,Mansfield,OH,1,1273,https://www.ncstatecollege.edu/,https://ncstatecollege.edu/admissions-and-aid/financial-aid/net-price-calculator/,10118,4624,9103,3344,2087,5076,7753,7248,medium,0.3606,0.2965,4500,38158,,,,,,,,40.798777,-82.581582,FLY,2500
204440,Northwest State Community College,Archbold,OH,1,1115,https://northweststate.edu/,https://northweststate.edu/wp-content/uploads/calc/,17994,4698,9170,13166,13461,13785,13987,14904,high,,,5500,40004,,,,,,,,41.450596,-84.297855,FLY,2500
204486,University of Northwestern Ohio,Lima,OH,2,2494,https://www.unoh.edu/,https://unoh.clearcostcalculator.com/student/default/netpricecalculator/survey,26266,13875,13875,16009,16997,20391,24031,25190,critical,0.5402,0.4765,12000,50968,,,,,,,,40.762917,-84.157004,FLY,2500
204501,Oberlin College,Oberlin,OH,2,2887,www.oberlin.edu/,collegepricecalculator.com/Oberlin,87404,67366,67366,18774,15799,22123,29207,48731,critical,0.8089,0.8676,19500,58343,0.3418,700,760,660,760,31,34,41.291992,-82.216795,FLY,2500
204617,Ohio Dominican University,Columbus,OH,2,760,https://www.ohiodominican.edu/,https://www.ohiodominican.edu/financial-aid/undergraduate,47621,35720,35720,16997,17459,19572,21907,22999,critical,0.4102,0.3359,16557,51748,0.9423,,,,,,,39.992764,-82.940689,FLY,2500
204635,Ohio Northern University,Ada,OH,2,2489,www.onu.edu/,https://www.onu.edu/admissions-aid/financial-aid/scholarship-and-cost-calculator,53580,39800,39800,18525,19223,22336,25605,27710,critical,0.7548,0.665,24250,80928,0.744,585,690,590,710,24,29,40.7662,-83.827441,FLY,2500
204662,Ohio State University Agricultural Technical Institute,Wooster,OH,1,464,ati.osu.edu/,sfa.osu.edu/incoming-freshmen/about-aid/net-price-calculator,24595,9584,36362,14441,14136,15863,20345,22795,high,,,14500,60409,,,,,,,,40.775194,-81.922936,FLY,2500
204671,Ohio State University-Lima Campus,Lima,OH,1,621,lima.osu.edu/,sfa.osu.edu/incoming-freshmen/about-aid/net-price-calculator,19487,9488,36266,9805,10006,10092,14098,18468,high,0.2271,0.1931,14500,60409,,,,,,,,40.738521,-84.02384,FLY,2500
204680,Ohio State University-Mansfield Campus,Mansfield,OH,1,736,mansfield.osu.edu/,sfa.osu.edu/incoming-freshmen/about-aid/net-price-calculator,23623,9488,36266,12765,13499,14810,18676,22564,high,0.1531,0.1256,14500,60409,,,,,,,,40.796536,-82.580194,FLY,2500
204699,Ohio State University-Marion Campus,Marion,OH,1,794,osumarion.osu.edu/,sfa.osu.edu/incoming-freshmen/about-aid/net-price-calculator,18928,9488,36266,7730,8263,9069,13826,16480,high,0.2669,0.2343,14500,60409,,,,,,,,40.577779,-83.090597,FLY,2500
204705,Ohio State University-Newark Campus,Newark,OH,1,2396,newark.osu.edu/,sfa.osu.edu/incoming-freshmen/about-aid/net-price-calculator,22063,9488,36266,12280,12122,12858,16732,20979,high,0.2915,0.223,14500,60409,,,,,,,,40.069314,-82.447441,FLY,2500
204796,Ohio State University-Main Campus,Columbus,OH,1,45638,www.osu.edu/,sfa.osu.edu/incoming-freshmen/about-aid/net-price-calculator,30305,13244,40022,4885,5751,9807,20461,27359,medium,0.8772,0.8018,14500,60409,0.6057,640,720,670,760,28,32,39.999803,-83.007525,FLY,2500
204802,Ohio University-Eastern Campus,Saint Clairsville,OH,1,298,https://www.ohio.edu/eastern/,https://npc.collegeboard.org/app/ohio,10777,6362,9444,1691,2178,4438,5927,7490,low,0.2065,0.1404,15332,52581,,,,,,,,40.073392,-80.976073,FLY,2500
204820,Ohio University-Chillicothe Campus,Chillicothe,OH,1,833,https://www.ohio.edu/chillicothe/,https://npc.collegeboard.org/app/ohio,11356,6362,9444,3118,3217,4835,8345,9112,medium,0.1439,0.1364,15332,52581,,,,,,,,39.329404,-83.002175,FLY,2500
204839,Ohio University-Southern Campus,Ironton,OH,1,415,https://www.ohio.edu/southern/,https://npc.collegeboard.org/app/ohio,11607,6362,9444,4649,4943,5297,8332,8753,medium,0.2103,0.1681,15332,52581,,,,,,,,38.524781,-82.666876,FLY,2500
204848,Ohio University-Lancaster Campus,Lancaster,OH,1,691,https://www.ohio.edu/lancaster/,https://npc.collegeboard.org/app/ohio,10984,6362,9444,3375,4466,3791,7790,9562,medium,0.1441,0.1511,15332,52581,,,,,,,,39.738752,-82.586069,FLY,2500
204857,Ohio University-Main Campus,Athens,OH,1,19633,https://www.ohio.edu/,https://npc.collegeboard.org/app/ohio,30586,14158,24838,15673,15160,19078,23689,24492,critical,0.6545,0.5428,15332,52581,0.8499,550,650,540,640,22,28,39.326798,-82.100985,FLY,2500
204866,Ohio University-Zanesville Campus,Zanesville,OH,1,560,https://www.ohio.edu/zanesville/,https://npc.collegeboard.org/app/ohio,11041,6362,9444,3280,3163,5459,7853,8773,medium,0.216,0.1455,15332,52581,,,,,,,,39.96098,-82.031063,FLY,2500
204909,Ohio Wesleyan University,Delaware,OH,2,1516,https://www.owu.edu/,owu.edu/admission/financial-aid-scholarships-tuition/net-price-calculator-npc,68424,53888,53888,15412,10706,13339,18031,30036,critical,0.5857,0.5278,21500,55624,0.556,,,,,,,40.295963,-83.069757,FLY,2500
204936,Otterbein University,Westerville,OH,2,2157,https://www.otterbein.edu/,https://www.otterbein.edu/financial-aid/financial-aid-estimator/,48321,35548,35548,12458,12659,16478,23061,24620,high,0.6788,0.6145,20500,53313,0.8453,,,,,22,28,40.125327,-82.936444,FLY,2500
204945,Owens Community College,Perrysburg,OH,1,4361,https://www.owens.edu/,https://www.owens.edu/calculator/npcalc.htm,14436,5870,10502,8214,8300,11058,12514,13629,high,,,8731,37275,,,,,,,,41.587998,-83.538634,FLY,2500
205203,University of Rio Grande,Rio Grande,OH,2,1400,https://www.rio.edu/,https://hope.rio.edu/NetPriceCalculator/npcalc.htm,33716,20560,20560,21776,22733,24432,27008,25788,critical,0.3602,0.3457,11750,41478,,,,,,,,38.881764,-82.378852,FLY,2500
205443,Shawnee State University,Portsmouth,OH,1,2247,https://www.shawnee.edu/,https://www.shawnee.edu/net-price-calculator/,21974,10626,17358,12310,11956,14326,16787,18754,high,0.4811,0.4229,12885,39596,,,,,,,,38.730867,-82.993769,FLY,2500
205470,Sinclair Community College,Dayton,OH,1,13308,https://www.sinclair.edu/,https://www.sinclair.edu/services/welcome-center/finaid/net-price-calculator/,11003,3675,8556,4592,4379,5865,8460,8785,medium,0.4111,0.3412,5500,37558,,,,,,,,39.757598,-84.200628,FLY,2500
205841,Stark State College,North Canton,OH,1,5749,www.starkstate.edu/,www.starkstate.edu/admissions/finaid/npcalculator/,10755,4790,7886,5916,7268,6985,,10755,medium,,,6886,34661,,,,,,,,40.870597,-81.439017,FLY,2500
205957,Franciscan University of Steubenville,Steubenville,OH,2,2901,www.franciscan.edu/,tcc.ruffalonl.com/Franciscan University of Steubenville/Franciscan University Net Price Calculator,44580,34100,34100,19696,18616,20288,20744,25675,critical,0.7545,0.6957,18590,50030,0.5836,590,700,520,650,22,29,40.376919,-80.620524,FLY,2500
205966,Southern State Community College,Hillsboro,OH,1,761,https://www.sscc.edu/,https://www.sscc.edu/_private/npcalc.htm,15244,5912,10818,8099,7950,10926,13478,10805,high,,,7433,35463,,,,,,,,39.236924,-83.614085,FLY,2500
206011,Terra State Community College,Fremont,OH,1,1028,https://terra.edu/,https://www.terra.edu/apply_aid/paying_for_college/net_price_calculator/,23647,5748,8544,16285,17371,19266,19553,22802,critical,,,8557,36612,,,,,,,,41.354111,-83.157799,FLY,2500
206048,Tiffin University,Tiffin,OH,2,2051,www.tiffin.edu/,www.tiffin.edu/forms/netprice,48004,34790,34790,24278,22255,24974,29205,29977,critical,0.3987,0.384,15795,35942,0.8005,470,555,440,555,15,21,41.118316,-83.184197,FLY,2500
206084,University of Toledo,Toledo,OH,1,9770,www.utoledo.edu/,www.utoledo.edu/financialaid/netpricecalculator.html,26512,12744,22104,13524,13365,16407,19659,22053,high,0.5704,0.4219,14750,50632,0.9202,550,650,550,650,23,29,41.660572,-83.614714,FLY,2500
206349,Ursuline College,Pepper Pike,OH,2,670,www.ursuline.edu/,www.ursuline.edu/inc/net-price-calculator.html,50523,38990,38990,13134,13286,14768,19119,22048,high,0.6667,0.6538,21938,56878,0.7493,523,578,483,555,20,26,41.497035,-81.465118,FLY,2500
206437,Walsh University,North Canton,OH,2,1390,https://www.walsh.edu/,https://www.walsh.edu/net-price-calculator.html,47575,35745,35745,20458,17849,18642,22737,20373,critical,0.585,0.4176,20000,59764,0.7074,510,630,530,650,20,27,40.873908,-81.369931,FLY,2500
206446,Washington State College of Ohio,Marietta,OH,1,1484,www.wsco.edu/,www.wsco.edu/current/financial-aid/net-price-calculator-tool/,12847,4128,4152,5594,7025,7078,10741,12847,medium,0.3238,0.2246,6750,37988,,,,,,,,39.430824,-81.43392,FLY,2500
206491,Wilberforce University,Wilberforce,OH,2,822,www.wilberforce.edu/,npc.collegeboard.org/student/app/wilberforce,25676,16448,16448,5630,5313,5211,5217,5226,medium,0.1202,0.1202,12000,38298,0.405,,,,,,,39.707291,-83.880595,FLY,2500
206507,Wilmington College,Wilmington,OH,2,1006,https://www.wilmington.edu/,https://www.wilmington.edu/financial-aid/calculate-tuition-costs/,43431,32082,32082,19820,21434,21559,27017,27149,critical,0.4727,0.4389,14782,48491,0.924,450,610,400,610,16,23,39.444744,-83.818342,FLY,2500
206525,Wittenberg University,Springfield,OH,2,1215,https://www.wittenberg.edu/,https://www.wittenberg.edu/admission/net-price-calculator,57799,45940,45940,17609,16328,17197,19178,25058,critical,0.5269,0.3681,23252,54947,0.7235,500,650,480,625,21,28,39.934029,-83.815445,FLY,2500
206589,The College of Wooster,Wooster,OH,2,1730,https://wooster.edu/,https://wooster.edu/admissions/afford/net-price-calculator/,75656,61640,61640,12512,14032,17941,26165,32223,high,0.7394,0.6336,21115,59629,0.5953,630,740,590,720,27,33,40.81046,-81.934674,FLY,2500
206604,Wright State University-Main Campus,Dayton,OH,1,6762,https://www.wright.edu/,https://www.wright.edu/enrollment-services/forms-and-resources/cost-estimator,24373,11522,21222,11952,11631,14501,18734,20720,high,0.4169,0.2788,15854,49500,0.9633,,,,,,,39.780634,-84.064881,FLY,2500
206613,Wright State University-Lake Campus,Celina,OH,1,892,https://lake.wright.edu/,https://www.wright.edu/enrollment-services/forms-and-resources/cost-estimator,16340,7728,17428,7349,7436,10188,12536,15152,medium,0.4091,0.2809,15854,49500,,,,,,,,40.546074,-84.509194,FLY,2500
206622,Xavier University,Cincinnati,OH,2,4207,https://www.xavier.edu/,https://www.xavier.edu/net-price-calculator/,65476,50640,50640,26728,28201,32175,33824,35451,critical,0.6865,0.5385,18750,64873,0.8641,553,660,550,650,22,29,39.149547,-84.47465,FLY,2500
206695,Youngstown State University,Youngstown,OH,1,7961,https://ysu.edu/,https://cfweb.cc.ysu.edu/finaid/estimator/est_estimator.cfm,21708,11113,11473,9328,9421,13369,16249,18235,high,0.5048,0.395,15750,41544,0.8445,510,620,500,610,19,25,41.104928,-80.64659,FLY,2500
206835,Oklahoma Wesleyan University,Bartlesville,OK,2,673,www.okwu.edu/,www.okwu.edu/net-price-calculator/,44743,33550,33550,25011,22831,28645,30697,31238,critical,0.3476,0.2857,16679,59841,0.6617,,,,,,,36.717453,-95.95671,FLY,2500
206862,Southern Nazarene University,Bethany,OK,2,1455,https://www.snu.edu/,https://www.snu.edu/net-price-calculator,46465,31190,31190,18931,18323,22590,27082,27434,critical,0.5051,0.4504,17337,54951,,,,,,,,35.513295,-97.629504,FLY,2500
206914,Cameron University,Lawton,OK,1,2492,https://www.cameron.edu/,https://www.cameron.edu/financial_aid/cost-calculators,19862,7095,16515,8752,10555,11919,16504,15808,high,0.3067,0.2894,11000,40118,,,,,,,,34.606487,-98.434163,FLY,2500
206923,Carl Albert State College,Poteau,OK,1,1308,https://www.carlalbert.edu/,https://carlalbert.edu/admissions/financial-aid/financial-aid-information/,23617,4380,9098,13902,13399,16156,20618,,high,,,6496,34117,,,,,,,,35.039173,-94.633986,FLY,2500
206941,University of Central Oklahoma,Edmond,OK,1,10170,https://www.uco.edu/,https://www.uco.edu/admissions-aid/financial-aid/,26392,8818,19704,15275,15828,17776,23249,24183,critical,0.3676,0.3052,13000,48351,0.7812,,,,,18,24,35.6552,-97.471508,FLY,2500
206996,Connors State College,Warner,OK,1,2076,connorsstate.edu/,connorsstate.edu/coa/,17957,3792,7530,9493,9845,11202,13283,14701,high,,,8500,38469,,,,,,,,35.492873,-95.319541,FLY,2500
207041,East Central University,Ada,OK,1,2467,https://www.ecok.edu/,https://www.ecok.edu/current-students/paying-college/net-price-calculator.php,18459,8032,17842,8151,6402,7155,12154,10702,high,0.3442,0.2747,11250,44962,0.5815,460,560,440,560,17,24,34.771934,-96.663849,FLY,2500
207050,Eastern Oklahoma State College,Wilburton,OK,1,964,www.eosc.edu/,https://www.eosc.edu/admissions-aid/tuition-fees/tuition-calculator,18546,4947,8384,9371,9169,11970,15179,18069,high,,,8750,38658,,,,,,,,34.914079,-95.328995,FLY,2500
207069,Redlands Community College,El Reno,OK,1,946,www.redlandscc.edu/,https://www.redlandscc.edu/costs-aid/financial-aid.php,15510,5385,7951,4451,5454,10287,13634,,medium,,,5500,37224,,,,,,,,35.518475,-97.974592,FLY,2500
207157,Randall University,Moore,OK,2,267,www.ru.edu/,https://ru.edu/current-students/financial-information/calculator/,26126,17714,17714,19216,15639,14832,13726,17483,critical,0.2639,0.4348,13250,42051,0.5786,,,,,16,20,35.300757,-97.491107,FLY,2500
207209,Langston University,Langston,OK,1,1742,www.langston.edu/,www.langston.edu/popups/cost-of-attendance/,21394,6863,14616,11117,9782,12315,15530,15756,high,0.1684,0.1494,11664,33261,,,,,,,,35.943982,-97.260317,FLY,2500
207236,Murray State College,Tishomingo,OK,1,1786,https://www.mscok.edu/,https://www.mscok.edu/admissions/financial-aid/npc,20726,7230,11430,13223,12481,13190,13257,12111,high,0.2713,0.2488,8886,36545,,,,,,,,34.222949,-96.677906,FLY,2500
207263,Northeastern State University,Tahlequah,OK,1,4772,https://www.nsuok.edu/,https://offices.nsuok.edu/_resources/includes/costcalculator.inc,21551,7810,17290,10598,9827,12612,18188,19511,high,0.3536,0.2968,12000,45379,0.9959,438,593,428,543,18,23,35.919939,-94.967229,FLY,2500
207281,Northern Oklahoma College,Tonkawa,OK,1,1941,www.noc.edu/,www.noc.edu/students/current-students/bursar/tuition-and-fees/,15242,5083,12202,4308,5343,5351,5441,10983,medium,,,7375,37566,,,,,,,,36.678649,-97.295887,FLY,2500
207290,Northeastern Oklahoma A&M College,Miami,OK,1,1720,https://www.neo.edu/,https://neo.edu/app/uploads/2023/09/index.html,18885,5213,11363,9778,9155,12873,14892,16383,high,,,7277,38337,,,,,,,,36.877255,-94.867248,FLY,2500
207306,Northwestern Oklahoma State University,Alva,OK,1,1498,www.nwosu.edu/,www.nwosu.edu/uploads//npc.html,18672,5970,11664,6439,7828,10539,12638,16065,medium,0.3035,0.2487,11000,44358,0.6545,420,518,383,518,16,21,36.796658,-98.667673,FLY,2500
207324,Oklahoma Christian University,Edmond,OK,2,1885,www.oc.edu/,https://www.oc.edu/admissions/financial-services/net-price-calculator,39106,27180,27180,17818,18908,18849,23184,27472,critical,0.5551,0.4365,18500,49203,0.9654,500,640,510,630,19,26,35.611412,-97.469526,FLY,2500
207342,University of Oklahoma-Health Sciences Center,Oklahoma City,OK,1,1214,ouhsc.edu/,https://financialservices.ouhsc.edu/departments/student-financial-aid/ouhsc-estimated-costs/costs,,,,,,,,,,,,15500,63126,,,,,,,,35.47928,-97.496289,FLY,2500
207351,Oklahoma Panhandle State University,Goodwell,OK,1,917,https://opsu.edu/,https://opsu.edu/net-price/,15055,8092,8673,7302,,15055,15055,,medium,0.2094,0.1912,7500,44933,,,,,,,,36.594518,-101.638488,FLY,2500
207388,Oklahoma State University-Main Campus,Stillwater,OK,1,21773,www.okstate.edu/,https://orange.okstate.edu/register/net-price-calculator,28290,10234,25754,12243,12314,15893,21896,24711,high,0.6817,0.5542,15500,57413,0.7504,530,630,510,620,20,27,36.123085,-97.069743,FLY,2500
207397,Oklahoma State University-Oklahoma City,Oklahoma City,OK,1,3514,osuokc.edu/,osuokc.edu/cost-aid/cost-attendance/net-price-calculator.html,12881,3779,9564,6981,5341,9124,10477,7881,medium,0.1485,0.1514,8989,41307,,,,,,,,35.474969,-97.581959,FLY,2500
207403,Oklahoma Baptist University,Shawnee,OK,2,1308,https://www.okbu.edu/,https://www.okbu.edu/financial-aid/net-price-calculator.html,48695,35570,35570,17562,17103,21033,21570,26102,critical,0.5237,0.4188,15363,48434,0.4941,540,630,530,610,17,19,35.360492,-96.932459,FLY,2500
207449,Oklahoma City Community College,Oklahoma City,OK,1,9758,www.occc.edu/,www.occc.edu/financialaid/net-price-calculator.html,11439,4059,9810,3899,4276,5480,9351,10633,medium,,,5668,38146,,,,,,,,35.387699,-97.570109,FLY,2500
207458,Oklahoma City University,Oklahoma City,OK,2,1514,www.okcu.edu/,www.okcu.edu/paying-for-ocu/net-price-calculator,47247,35648,35648,15187,18079,20511,26803,29358,critical,0.6488,0.5882,15250,54655,0.7702,540,650,510,610,21,27,35.495271,-97.541242,FLY,2500
207500,University of Oklahoma-Norman Campus,Norman,OK,1,22734,https://www.ou.edu/,https://www.ou.edu/sfc/estimating-costs/net-price-calculator,28872,9797,27377,10509,10602,14536,19342,20986,high,0.7533,0.6796,15500,63126,0.766,580,670,560,660,23,29,35.209407,-97.444211,FLY,2500
207564,Oklahoma State University Institute of Technology,Okmulgee,OK,1,2028,https://osuit.edu/,https://admissions.osuit.edu/register/estimated_cost_of_attendance,17256,5774,11384,8469,9444,11217,15781,16881,high,0.4239,0.397,9000,45634,,,,,,,,35.626934,-95.940373,FLY,2500
207582,Oral Roberts University,Tulsa,OK,2,3487,https://oru.edu/,https://oru.edu/admissions/price-calculator.php,50004,35470,35470,21894,22022,22902,27269,30514,critical,0.5683,0.4331,20250,46885,0.989,580,660,540,650,22,28,36.049129,-95.952547,FLY,2500
207661,Rogers State University,Claremore,OK,1,2657,https://www.rsu.edu/,https://tcc.ruffalonl.com/rogers state university/net_price_calculator,21064,7750,16410,13714,14130,15125,17978,19675,high,0.2896,0.1978,11250,43166,,,,,,,,36.321437,-95.635718,FLY,2500
207670,Rose State College,Midwest City,OK,1,4953,https://www.rose.edu/,https://rose.edu/affordability/tuition-fees/net-price-calculator/,18655,5030,11407,10882,10768,13521,15477,17382,high,0.2,0.1601,5500,37555,,,,,,,,35.44372,-97.414113,FLY,2500
207722,University of Science and Arts of Oklahoma,Chickasha,OK,1,941,https://usao.edu/,https://usao.edu/financial-aid/npc.html,20662,9000,20190,3493,3548,7223,13352,14413,medium,0.4413,0.4333,10736,41913,0.6582,580,700,510,580,21,26,35.031392,-97.95641,FLY,2500
207740,Seminole State College,Seminole,OK,1,1086,www.sscok.edu/,www.sscok.edu/NetPriceCalculator/npcalc.htm,23353,5460,11790,14825,12691,14874,15384,17923,high,,,8033,35390,,,,,,,,35.249515,-96.704908,FLY,2500
207847,Southeastern Oklahoma State University,Durant,OK,1,3018,www.se.edu/,https://www.se.edu/admission/net-price-calculator/,18594,7530,16740,5193,6333,8247,13275,13570,medium,0.3154,0.2734,10623,45079,0.7643,490,593,490,593,18,24,34.006808,-96.376864,FLY,2500
207856,Southwestern Christian University,Bethany,OK,2,377,www.swcu.edu/,swcu.edu/admissions/cost-attendance-net-price-calculator,33305,21900,21900,18830,16903,18700,22401,26620,critical,0.1613,0.1268,13000,40391,,,,,,,,35.513314,-97.63934,FLY,2500
207865,Southwestern Oklahoma State University,Weatherford,OK,1,3514,https://www.swosu.edu/,https://tcc.ruffalonl.com/Southwestern Oklahoma State University/Freshman-Students,23334,8469,8499,10987,10094,12069,17500,19595,high,0.3969,0.3035,11750,45744,,,,,,,,35.535281,-98.707768,FLY,2500
207935,Tulsa Community College,Tulsa,OK,1,12228,www.tulsacc.edu/,www.tulsacc.edu/paying-college/cost-attendance/net-price-calculator,12900,3792,9720,5082,5346,7112,9490,10548,medium,,,7933,39746,,,,,,,,36.147629,-95.986186,FLY,2500
207971,University of Tulsa,Tulsa,OK,2,2813,https://utulsa.edu/,https://utulsa.edu/net-price-calculator/,64459,50061,50061,5578,8616,10871,18579,25473,medium,0.7229,0.6421,12500,61408,0.6151,610,760,613,770,25,34,36.152324,-95.945941,FLY,2500
208035,Western Oklahoma State College,Altus,OK,1,815,www.wosc.edu/,www.wosc.edu/index.php?page=netpricecalc,15372,5586,9954,5781,5875,5440,11646,13233,medium,,,5500,38248,,,,,,,,34.669018,-99.33699,FLY,2500
208275,Blue Mountain Community College,Pendleton,OR,1,962,https://bluecc.edu/,https://bluecc.edu/net-price-calculator/,20650,7076,9754,12374,11884,13508,15288,17245,high,,,8961,38375,,,,,,,,45.677313,-118.816944,FLY,2500
208318,Central Oregon Community College,Bend,OR,1,3789,www.cocc.edu/,www.cocc.edu/departments/financial-aid/forms-resources-policies/resources/net-price-calculator.aspx,19753,5049,13545,8888,10620,13827,15005,17265,high,,,8000,38940,,,,,,,,44.071401,-121.348585,FLY,2500
208390,Chemeketa Community College,Salem,OR,1,6610,www.chemeketa.edu/,https://www.chemeketa.edu/cost-aid/net-price-calculator/,16151,6345,14040,6346,6515,8932,11689,15167,medium,0.2134,0.1835,7408,40968,,,,,,,,44.978655,-122.978076,FLY,2500
208406,Clackamas Community College,Oregon City,OR,1,4963,www.clackamas.edu/,www.clackamas.edu/docs/default-source/admissions-and-financial-aid/educational-tax-credits/net-price-calculator.htm,11085,6345,14265,7860,6534,7216,11085,11085,high,,,6973,42886,,,,,,,,45.323185,-122.574272,FLY,2500
208415,Clatsop Community College,Astoria,OR,1,493,www.clatsopcc.edu/,www.clatsopcc.edu/net-price-calculator/,18567,5110,9610,10245,10467,10577,12201,,high,,,9500,39477,,,,,,,,46.183107,-123.823339,FLY,2500
208646,Eastern Oregon University,La Grande,OR,1,2172,www.eou.edu/,https://static.eou.edu/net-price-calc/,26718,11076,25431,12563,11150,14208,22566,21835,high,0.43,0.3631,13500,50112,0.9831,,,,,,,45.319795,-118.092495,FLY,2500
208822,George Fox University,Newberg,OR,2,2699,https://www.georgefox.edu/,https://www.georgefox.edu/college-admissions/scholarships/net-price-calculator.html,58644,42750,42750,22871,23580,24631,32052,36847,critical,0.7196,0.6493,19500,59761,0.9351,560,680,510,660,20,29,45.303629,-122.967494,FLY,2500
209038,Lane Community College,Eugene,OR,1,6064,https://www.lanecc.edu/,https://inside.lanecc.edu/custom/npc.php,18699,6202,13078,7555,9165,13517,,,high,0.2039,0.1797,6450,38075,,,,,,,,44.009325,-123.032644,FLY,2500
209056,Lewis & Clark College,Portland,OR,2,2120,https://www.lclark.edu/,https://www.lclark.edu/offices/financial_aid/undergrad/net_price_calculator/,79987,64828,64828,15962,18362,22712,25917,44990,critical,0.7536,0.7339,13644,62205,0.7849,,,,,,,45.450882,-122.669137,FLY,2500
209065,Linfield University,McMinnville,OR,2,1621,https://www.linfield.edu/,https://www.linfield.edu/financial-aid/net-price-calculator.html,65935,50850,50850,20059,18664,22806,26070,32519,critical,0.7046,0.7143,20500,78638,0.8517,,,,,,,45.201173,-123.199642,FLY,2500
209074,Linn-Benton Community College,Albany,OR,1,5174,https://www.linnbenton.edu/index.php,https://www.linnbenton.edu/future-students/explore-lb/cost/net-price-calc.html,18789,7317,15901,7648,9299,11425,14678,15216,high,,,6500,41363,,,,,,,,44.587663,-123.11403,FLY,2500
209250,Mt Hood Community College,Gresham,OR,1,3856,www.mhcc.edu/,https://my.mhcc.edu/ics/Resources/MyMHCC_Portal_Documentation_for_Students.jnz?portlet=External_Content,17462,5247,9819,5800,7725,8016,10697,12292,medium,0.2368,0.2,7339,41125,,,,,,,,45.514862,-122.396972,FLY,2500
209409,Bushnell University,Eugene,OR,2,517,www.bushnell.edu/,www.bushnell.edu/admissions/undergraduate/tuition-scholarships-financial-aid/net-price-calculator/,47143,35800,35800,17924,21033,12656,22084,23361,critical,0.56,0.3939,15633,53623,0.6728,,,,,18,20,44.047483,-123.079754,FLY,2500
209490,Oregon Health & Science University,Portland,OR,1,836,www.ohsu.edu/,,,,,,,,,,,,,16625,101028,,,,,,,,45.498772,-122.686096,FLY,2500
209506,Oregon Institute of Technology,Klamath Falls,OR,1,2892,https://www.oit.edu/,https://www.oit.edu/college-costs/tuition-fees/net-price-calculator,27524,13260,37196,9085,8729,14385,18925,22431,high,0.5378,0.4474,15625,72273,0.9502,500,650,500,620,18,27,42.257152,-121.785177,FLY,2500
209542,Oregon State University,Corvallis,OR,1,30743,https://oregonstate.edu/,https://financialaid.oregonstate.edu/net-price-calculator,31653,14400,38190,12107,13036,15729,20262,27459,high,0.7011,0.6078,15000,64010,0.773,580,700,560,700,24,31,44.56395,-123.274723,FLY,2500
209551,University of Oregon,Eugene,OR,1,20497,https://www.uoregon.edu/,https://financialaid.uoregon.edu/net_price_calculator,34793,16137,44598,15909,15760,18364,24704,31021,critical,0.7169,0.6454,15000,61324,0.883,580,690,550,670,23,30,44.045146,-123.075792,FLY,2500
209603,Pacific Northwest College of Art,Portland,OR,2,420,willamette.edu/pnca/index.html,willamette.edu/offices/finaid/net-price-calculator/index.html,70376,49006,49006,28219,30517,30916,36998,44522,critical,0.2913,0.234,10500,34883,0.7485,,,,,,,45.526766,-122.678182,FLY,2500
209612,Pacific University,Forest Grove,OR,2,1516,https://www.pacificu.edu/,https://www.pacificu.edu/financial-aid-scholarships/net-price-calculator,72374,56374,56374,23318,23607,29844,34369,40911,critical,0.6698,0.5313,17036,60583,0.8956,480,630,420,610,18,29,45.521394,-123.108777,FLY,2500
209746,Portland Community College,Portland,OR,1,19531,www.pcc.edu/,www.pcc.edu/enroll/paying-for-college/financial-aid/net-price-calculator/,17934,5220,10440,8937,9229,11327,14102,15868,high,,,7287,44592,,,,,,,,45.438154,-122.730876,FLY,2500
209807,Portland State University,Portland,OR,1,13182,www.pdx.edu/,www.pdx.edu/finaid/net-price-calculator,21590,11679,31074,7655,7752,8981,12993,19112,high,0.5266,0.5301,15457,57906,0.9087,,,,,,,45.511601,-122.686289,FLY,2500
209825,University of Portland,Portland,OR,2,2957,https://www.up.edu/,https://www.up.edu/finaid/costs/net-price-calculator.html,73224,58100,58100,20070,16577,23858,27021,37284,critical,0.7984,0.7474,18500,82804,0.8917,580,670,580,700,25,31,45.572724,-122.726691,FLY,2500
209922,Reed College,Portland,OR,2,1320,https://www.reed.edu/,https://npc.collegeboard.org/app/reed,86376,69350,69350,12674,12514,14513,23421,46711,high,0.7147,0.7619,15750,62927,0.2461,680,750,610,770,30,34,45.480959,-122.630348,FLY,2500
209940,Rogue Community College,Grants Pass,OR,1,3559,www.roguecc.edu/,https://www.roguecc.edu/RCCfinAid/npc/,18962,5256,6300,10318,10329,12448,15214,18962,high,,,10247,36845,,,,,,,,42.412159,-123.39326,FLY,2500
210146,Southern Oregon University,Ashland,OR,1,2751,www.sou.edu/,https://sou.edu/financial-aid/cost-of-attendance/tuition-calculator/,27636,12762,31887,11830,12466,15813,22415,24181,high,0.4253,0.3632,15000,49175,0.8862,,,,,,,42.185077,-122.695081,FLY,2500
210155,Southwestern Oregon Community College,Coos Bay,OR,1,1270,www.socc.edu/,https://www.socc.edu/get-started/pay-for-college/,16274,7192,7192,6414,7062,8238,12342,13702,medium,,,8303,38349,,,,,,,,43.395327,-124.25224,FLY,2500
210234,Treasure Valley Community College,Ontario,OR,1,1193,https://www.tvcc.cc/,https://npc.collegeboard.org/app/tvcc,14990,6345,6795,10685,10777,12049,13552,12817,high,,,9200,36738,,,,,,,,44.020811,-116.974487,FLY,2500
210270,Umpqua Community College,Roseburg,OR,1,2219,https://www.umpqua.edu/,https://www.umpqua.edu/netprice,17440,6104,6104,6704,6377,9683,13391,13806,medium,,,5095,36676,,,,,,,,43.289317,-123.332475,FLY,2500
210304,Warner Pacific University,Portland,OR,2,375,https://www.warnerpacific.edu/,www.warnerpacific.edu/admissions-aid/net-price-calculator/,38948,22220,22220,18577,27432,23495,30169,32393,critical,0.4918,0.4681,20250,55204,0.7114,,,,,,,45.506265,-122.592498,FLY,2500
210331,Corban University,Salem,OR,2,678,https://www.corban.edu/,https://npc.collegeboard.org/student/app/corban,52019,40280,40280,20555,14018,22737,31227,33015,critical,0.6059,0.5769,17951,48917,0.939,,,,,,,44.882399,-122.961129,FLY,2500
210401,Willamette University,Salem,OR,2,1592,www.willamette.edu/,https://willamette.edu/cost-aid/financial-aid/cost-calculator,67501,51156,51156,16182,16825,18225,22382,33794,critical,0.7124,0.6869,18913,56911,0.7709,640,730,600,710,28,33,44.935457,-123.030537,FLY,2500
210429,Western Oregon University,Monmouth,OR,1,3103,https://wou.edu/,https://wou.edu/business/tuition-calculators/,25062,11879,32534,15575,14585,16151,17974,20243,critical,0.4712,0.4303,15000,51815,0.981,,,,,,,44.852235,-123.238309,FLY,2500
210492,Bryn Athyn College of the New Church,Bryn Athyn,PA,2,244,www.brynathyn.edu/,https://brynathyn.edu/_media/documents/net-price-calculator.html,41093,28917,28917,13271,18355,24368,20581,23565,high,0.6774,0.5769,13500,40457,0.8294,,,,,,,40.134393,-75.060808,DRIVE,600
210571,Albright College,Reading,PA,2,1217,www.albright.edu/home/,https://albright.studentaidcalculator.com/survey.aspx,43711,29082,29082,16345,16892,19741,21355,24947,critical,0.507,0.4787,23250,58700,0.7633,,,,,,,40.361351,-75.909742,DRIVE,600
210605,Community College of Allegheny County,Pittsburgh,PA,1,9544,https://www.ccac.edu/,https://webapps.ccac.edu/NetPriceCalc/npcalc.htm,19716,4842,12583,12524,13255,14623,17788,19491,high,,,7132,39449,,,,,,,,40.450908,-80.018453,DRIVE,600
210669,Allegheny College,Meadville,PA,2,1156,https://allegheny.edu/,https://allegheny.edu/npc,71348,56550,56550,18495,27718,13059,21357,30046,critical,0.7255,0.6301,25017,62069,0.5457,610,690,563,668,25,30,41.64869,-80.147168,DRIVE,600
210739,DeSales University,Center Valley,PA,2,2128,www.desales.edu/,www.desales.edu/admissions-financial-aid/undergraduate-admissions-aid/tuition-fees/net-price-calculator,62745,46800,46800,24007,25400,26096,29982,34878,critical,0.722,0.6667,20000,61295,0.7709,550,640,540,620,27,28,40.539091,-75.375608,DRIVE,600
210775,Alvernia University,Reading,PA,2,2152,https://www.alvernia.edu/,https://www.alvernia.edu/tuition-residential-costs,57565,45000,45000,23436,23701,24131,28016,32152,critical,0.5553,0.4195,20500,55055,0.5806,570,658,523,628,,,40.310028,-75.936754,DRIVE,600
210809,American College of Financial Services,King of Prussia,PA,2,5144,https://www.theamericancollege.edu/,https://www.theamericancollege.edu/plan-your-studies/paying-for-your-education,,,,,,,,,,,,,,,,,,,,,40.101644,-75.394652,DRIVE,600
211079,Community College of Beaver County,Monaca,PA,1,1247,https://www.ccbc.edu/,https://www.ccbc.edu/calculator,12556,7500,20700,4392,5476,7098,10463,12204,medium,,,9500,45090,,,,,,,,40.655601,-80.305876,DRIVE,600
211088,Arcadia University,Glenside,PA,2,1948,https://www.arcadia.edu/,https://www.arcadia.edu/admissions/financial-aid-scholarships/net-price-calculator,64645,49610,49610,23127,25388,25978,28654,34339,critical,0.6674,0.607,21852,58336,0.8022,550,650,515,615,,,40.092606,-75.163876,DRIVE,600
211273,Bryn Mawr College,Bryn Mawr,PA,2,1359,www.brynmawr.edu/,npc.collegeboard.org/student/app/brynmawr,83250,65920,65920,11017,18457,17262,19330,40085,high,0.8179,0.7368,21441,75217,0.2943,660,750,620,760,29,33,40.02736,-75.313223,DRIVE,600
211291,Bucknell University,Lewisburg,PA,2,3876,www.bucknell.edu/,npc.collegeboard.org/student/app/bucknell,83756,67812,67812,20980,12276,23679,28165,55724,critical,0.8632,0.8723,23250,93807,0.2893,650,730,660,740,30,33,40.954317,-76.882616,DRIVE,600
211307,Bucks County Community College,Newtown,PA,1,5289,www.bucks.edu/,bucks.studentaidcalculator.com/survey.aspx,11688,5683,13963,3725,4534,6371,10516,11581,medium,,,8250,47324,,,,,,,,40.239102,-74.965841,DRIVE,600
211343,Butler County Community College,Butler,PA,1,1789,https://www.bc3.edu/,https://www.bc3.edu/paying/financial-aid/net-price-calculator/index.html,12340,5910,12000,4083,3439,6865,9940,11826,medium,,,5500,38891,,,,,,,,40.829364,-79.911433,DRIVE,600
211431,Carlow University,Pittsburgh,PA,2,1348,www.carlow.edu/,www.carlow.edu/admissions-aid/tuition-financial-aid/net-price-calculators/,49327,35874,35874,17901,15748,19517,21601,25214,critical,0.5992,0.5276,21513,51051,0.8695,500,598,460,570,,,40.439293,-79.963448,DRIVE,600
211440,Carnegie Mellon University,Pittsburgh,PA,2,7304,www.cmu.edu/,https://www.cmu.edu/admission/costs-aid/net-price-calculator,83654,66246,66246,9097,6994,14468,24865,51480,high,0.9413,0.9173,20250,114862,0.1166,730,770,770,800,34,35,40.44357,-79.941993,DRIVE,600
211468,Cedar Crest College,Allentown,PA,2,834,www.cedarcrest.edu/,https://collegepricecalculator.com/cedarcrestcollege,57206,46314,46314,21044,24250,21490,19909,11008,critical,0.6039,0.5618,23044,59460,0.8407,,,,,,,40.586318,-75.519221,DRIVE,600
211556,Chatham University,Pittsburgh,PA,2,1232,www.chatham.edu/,https://tcc.ruffalonl.com/chatham university/first-year students,61261,44626,44626,22675,24086,26051,30120,33636,critical,0.6306,0.6471,18326,52410,0.6196,550,670,520,625,21,30,40.448432,-79.926083,DRIVE,600
211583,Chestnut Hill College,Philadelphia,PA,2,815,www.chc.edu/,https://admissions.chc.edu/register/net_price,58168,39870,39870,28011,24447,22714,28168,33175,critical,0.4878,0.5256,20782,52015,0.7446,,,,,,,40.08678,-75.228742,DRIVE,600
211608,Cheyney University of Pennsylvania,Cheyney,PA,1,617,https://www.cheyney.edu/,https://app.meadowfi.com/cheyney,26782,10904,18870,13585,12358,14773,20215,16493,high,0.4059,0.4462,13000,37837,,,,,,,,39.932274,-75.529262,DRIVE,600
211635,Citizens School of Nursing,Tarentum,PA,2,152,https://www.ahn.org/education/citizens-school-nursing,www.ahn.org/health-care-professionals/education/nursing/schools/citizens-school/financial-aid/citizens-school-of-nursing-net-price-calculator,,,,26654,,26196,29578,29252,critical,,,12000,69939,0.8333,,,,,,,40.573248,-79.798934,DRIVE,600
211893,Curtis Institute of Music,Philadelphia,PA,2,109,www.curtis.edu/,https://www.curtis.edu/,,0,0,,,,,,,0.9615,1,,,0.0458,,,,,,,39.948857,-75.170727,DRIVE,600
211927,Delaware County Community College,Media,PA,1,6861,www.dccc.edu/,https://dccc.edu/sites/all/themes/new/net-price-calculator/,13530,6930,15540,5591,6075,8770,9918,10603,medium,,,8176,45391,,,,,,,,39.966724,-75.39308,DRIVE,600
211981,Delaware Valley University,Doylestown,PA,2,1628,www.delval.edu/,delval.studentaidcalculator.com/survey.aspx,59933,44850,44850,21896,22118,24746,28104,32804,critical,0.5591,0.4625,17500,55838,0.9321,560,663,530,640,23,30,40.298659,-75.158452,DRIVE,600
212009,Dickinson College,Carlisle,PA,2,2273,https://www.dickinson.edu/,https://npc.collegeboard.org/student/app/dickinson,82902,65650,65650,40755,15081,16316,22696,45175,critical,0.7978,0.79,17294,70204,0.4209,670,740,640,720,30,33,40.202796,-77.197854,DRIVE,600
212054,Drexel University,Philadelphia,PA,2,13233,https://drexel.edu/,https://drexel.edu/drexelcentral/finaid/prospective-students/net-price-calculator/,76835,62412,62412,28055,29435,34970,37842,48089,critical,0.7816,0.756,20204,84648,0.7944,620,700,620,740,27,32,39.955217,-75.190051,DRIVE,600
212106,Duquesne University,Pittsburgh,PA,2,5350,www.duq.edu/,www.duq.edu/admissions-and-aid/tuition/net-price-calculator,67776,48986,48986,29986,31729,32102,35611,41273,critical,0.7749,0.7065,23500,74742,0.8356,600,670,580,670,26,32,40.43589,-79.993123,DRIVE,600
212115,East Stroudsburg University of Pennsylvania,East Stroudsburg,PA,1,4814,https://www.esu.edu/,www.passhe.edu/answers/Calculator/EA/npcalc-212115.htm,27917,11536,19502,15365,14511,17382,21135,22892,critical,0.4312,0.3489,16750,56148,0.9205,500,590,500,590,22,23,40.99599,-75.173905,DRIVE,600
212133,Eastern University,Saint Davids,PA,2,2404,https://www.eastern.edu/about/student-consumer-information,https://www.eastern.edu/admissions/undergraduate/undergraduate-net-price-calculator,55001,38400,38400,26557,22232,23373,25963,32353,critical,0.54,0.4792,18000,51655,0.9077,,,,,,,40.050448,-75.370316,DRIVE,600
212197,Elizabethtown College,Elizabethtown,PA,2,1868,www.etown.edu/,https://npc.collegeboard.org/app/etown/start,50865,37950,37950,17776,17113,20967,25064,31198,critical,0.7617,0.5949,26000,62399,0.7787,560,660,545,650,26,31,40.149236,-76.593224,DRIVE,600
212577,Franklin and Marshall College,Lancaster,PA,2,1799,https://www.fandm.edu/,https://npc.collegeboard.org/student/app/fandm,85776,70794,70794,12321,16942,16245,25104,49996,high,0.8377,0.8476,19000,76124,0.2819,660,730,650,733,30,33,40.048045,-76.319037,DRIVE,600
212601,Gannon University,Erie,PA,2,2365,www.gannon.edu/,https://www.gannon.edu/tuition-and-financial-aid/net-price-calculator/,52869,40656,40656,18489,15945,20352,23354,25445,critical,0.6636,0.6141,23031,58845,0.7416,,,,,,,42.128403,-80.087166,DRIVE,600
212656,Geneva College,Beaver Falls,PA,2,1096,www.geneva.edu/,https://www.geneva.edu/financial-aid/calculators,45407,33450,33450,20283,15089,16079,20361,34864,critical,0.6098,0.5882,18907,50004,,,,,,,,40.772518,-80.321826,DRIVE,600
212674,Gettysburg College,Gettysburg,PA,2,2099,https://www.gettysburg.edu/,https://www.gettysburg.edu/admissions-aid/tuition-fees/net-price-calculator,81960,66640,66640,13625,13184,21261,28822,44863,high,0.8253,0.7958,23250,71517,0.389,640,720,630,740,29,32,39.836597,-77.236792,DRIVE,600
212771,Gratz College,Jenkintown,PA,2,143,https://www.gratz.edu/,https://www.gratz.edu/net-price-calculator,,,,,,,,,,,,,,,,,,,,,40.067206,-75.133915,DRIVE,600
212805,Grove City College,Grove City,PA,2,2216,www.gcc.edu/,https://www.gcc.edu/calculator,,21700,21700,,,,,,,0.8317,,,,0.7232,583,703,558,685,23,31,41.1558,-80.081481,DRIVE,600
212832,Gwynedd Mercy University,Gwynedd Valley,PA,2,1067,https://www.gmercyu.edu/,https://www.gmercyu.edu/admissions-aid/financial-aid-tuition/net-price-calculator,55786,40122,40122,21995,20617,22269,27992,32456,critical,0.5688,0.4957,23256,67145,0.8963,530,598,493,588,,,40.19774,-75.237224,DRIVE,600
212869,Harcum College,Bryn Mawr,PA,2,876,https://www.harcum.edu/s/1044/edu/start.aspx,https://app.meadowfi.com/harcum,42997,32000,32000,21881,19744,26450,31428,39270,critical,,,12000,46827,,,,,,,,40.022582,-75.314801,DRIVE,600
212878,Harrisburg Area Community College,Harrisburg,PA,1,9533,https://www.hacc.edu/,https://www.hacc.edu/Paying/Net-Price-Calculator.cfm,18369,6975,12472,11685,12788,14644,16995,18290,high,,,9500,42007,,,,,,,,40.296777,-76.886408,DRIVE,600
212911,Haverford College,Haverford,PA,2,1430,https://www.haverford.edu/,https://www.haverford.edu/admission/tuition-and-aid,90382,70688,70688,7531,9388,12007,18171,45991,high,0.8964,0.8909,12000,79966,0.1237,720,770,740,780,33,35,40.007452,-75.305207,DRIVE,600
212975,Commonwealth Technical Institute,Johnstown,PA,2,129,www.dli.pa.gov/Individuals/Disability-Services/CTI-HGAC/Pages/Home.aspx,www.dli.pa.gov/Individuals/Disability-Services/CTI-HGAC/Pages/Financial-Aid.aspx,20876,7714,7714,9295,11959,18817,17532,,high,,,,21632,,,,,,,,40.301691,-78.947004,DRIVE,600
212984,Holy Family University,Philadelphia,PA,2,2464,https://www.holyfamily.edu/,https://www.holyfamily.edu/admissions-aid/financial-aid/net-price-calculator,40539,35330,35330,9721,9369,12056,16307,17822,high,0.6091,0.5298,21175,62235,0.7104,480,580,430,570,,,40.060581,-74.986451,DRIVE,600
213011,Immaculata University,Immaculata,PA,2,1320,www.immaculata.edu/,https://www.immaculata.edu/admissions/tuition-fees/undergraduate-tuition/net-price-calculator/,43979,29330,29330,20539,19694,19150,24204,28997,critical,0.7104,0.6207,19560,75701,0.8576,578,660,578,663,,,40.027981,-75.570711,DRIVE,600
213020,Indiana University of Pennsylvania,Indiana,PA,1,6764,www.iup.edu/,www.passhe.edu/answers/calculator/in/npcalc-213020.htm,26898,11380,16297,12364,11851,14516,19722,21933,high,0.5551,0.4525,19995,51019,0.9077,490,600,480,580,20,27,40.617531,-79.159332,DRIVE,600
213163,UPMC Jameson School of Nursing,New Castle,PA,2,326,www.upmc.com/healthcare-professionals/education/schools-of-nursing/campuses/jameson,https://www.upmc.com/healthcare-professionals/education/schools-of-nursing/campuses/jameson/financial-aid,29863,15940,15940,19736,22673,19531,27747,29863,critical,,,9500,70472,0.9956,,,,,,,41.026499,-80.353,DRIVE,600
213233,Johnson College,Scranton,PA,2,590,www.johnson.edu/,https://www.johnson.edu/net-price-calculator/,27354,21225,21225,15861,17553,19368,23558,26946,critical,,,12000,55194,0.9793,,,,,,,41.450409,-75.642476,DRIVE,600
213251,Juniata College,Huntingdon,PA,2,1191,www.juniata.edu/,https://more.juniata.edu/admission/aid-calculator/index.php,71850,58580,58580,18729,17265,16997,19312,31255,critical,0.735,0.6768,23858,56918,0.7891,570,670,560,650,22,30,40.500523,-78.017292,DRIVE,600
213303,Keystone College,La Plume,PA,2,771,https://www.keystone.edu/,https://web.keystone.edu/netprice/index.html,32071,18300,18300,21925,24335,18916,28291,30271,critical,0.3587,0.3173,16250,44976,0.848,,,,,,,41.558969,-75.777456,DRIVE,600
213321,King's College,Wilkes-Barre,PA,2,1484,www.kings.edu/,https://www.kings.edu/cost-aid/business_office/net-price-calculator.html,57973,44100,44100,17283,17259,19692,23657,28391,critical,0.5989,0.4444,22847,59498,0.9311,540,650,530,620,,,41.250097,-75.879822,DRIVE,600
213349,Kutztown University of Pennsylvania,Kutztown,PA,1,6180,https://www.kutztown.edu/,https://app.meadowfi.com/kutztown,29866,11314,16068,15957,16386,19306,23840,26759,critical,0.5382,0.4297,20000,53775,0.9075,570,670,550,640,,,40.513561,-75.783933,DRIVE,600
213358,La Roche University,Pittsburgh,PA,2,751,www.laroche.edu/,www.laroche.edu/financial_aid/net_price_calculator/,47111,34052,34052,16152,15200,17960,25120,27145,critical,0.5721,0.5093,19470,52341,0.7576,480,600,460,600,15,22,40.568615,-80.014851,DRIVE,600
213367,La Salle University,Philadelphia,PA,2,1953,www.lasalle.edu/,https://collegepricecalculator.com/lasalle,48337,37800,37800,16545,17393,20557,21263,27190,critical,0.5712,0.4881,17500,67416,0.9659,,,,,,,40.037979,-75.153061,DRIVE,600
213376,Lackawanna College,Scranton,PA,2,1947,https://www.lackawanna.edu/,https://www.lackawanna.edu/financial-aid/net-price-calculator/,28770,18400,18400,18142,18288,20224,23796,26351,critical,0.3673,0.3604,11500,41000,,,,,,,,41.411556,-75.658963,DRIVE,600
213385,Lafayette College,Easton,PA,2,2757,https://www.lafayette.edu/,https://npc.collegeboard.org/app/lafayette,83133,65398,65398,12716,7445,10881,12581,52608,high,0.8759,0.8553,14000,91410,0.3145,670,740,680,760,31,33,40.69956,-75.209786,DRIVE,600
213400,Lancaster Bible College,Lancaster,PA,2,1569,https://www.lbc.edu/,https://lbc.studentaidcalculator.com/survey.aspx,44066,29990,29990,24486,22017,23904,24034,29957,critical,0.6667,0.5333,15000,44096,0.5589,530,665,540,615,,,40.075347,-76.287761,DRIVE,600
213507,Lebanon Valley College,Annville,PA,2,1684,www.lvc.edu/,https://collegepricecalculator.com/lebanonvalleycollege,66497,52080,52080,20788,21773,22266,26236,31533,critical,0.6496,0.5308,21000,62621,0.8377,580,652,560,650,,,40.330604,-76.514431,DRIVE,600
213525,Lehigh Carbon Community College,Schnecksville,PA,1,4148,www.lccc.edu/,https://www.lccc.edu/paying-for-college/tuition-and-fees/net-price-calculator/,15405,5280,13270,7219,7820,9908,13079,14702,medium,,,6000,42436,,,,,,,,40.66474,-75.610715,DRIVE,600
213543,Lehigh University,Bethlehem,PA,2,5898,www.lehigh.edu/,https://npc.collegeboard.org/student/app/lehigh,80856,64980,64980,16917,17140,18722,22184,48751,critical,0.8791,0.8444,19500,105584,0.2593,680,730,690,770,31,34,40.606822,-75.380236,DRIVE,600
213598,Lincoln University,Lincoln University,PA,1,1539,www.lincoln.edu/,www.lincoln.edu/departments/financial-aid/net-price-calculator,28505,12512,19384,14011,13000,15641,19881,21303,high,0.4355,0.4132,22862,43167,0.6572,420,500,400,460,,,39.807723,-75.926458,DRIVE,600
213659,Luzerne County Community College,Nanticoke,PA,1,3317,www.luzerne.edu/,www.luzerne.edu/financialaid/npc/index.html,14499,6600,16260,7711,8530,10358,12980,14093,high,,,5500,40437,,,,,,,,41.194728,-75.991095,DRIVE,600
213668,Lycoming College,Williamsport,PA,2,996,https://www.lycoming.edu/,https://www.lycoming.edu/financial-aid/net-price-calculator.aspx,64105,50029,50029,12151,14785,15883,20435,26233,high,0.5963,0.5776,23500,56210,0.7407,540,650,540,650,,,41.24666,-77,DRIVE,600
213774,Manor College,Jenkintown,PA,2,443,www.manor.edu/,https://www.manor.edu/netprice/npcalc.htm,27557,21780,21780,13135,9493,13154,15838,17817,high,0.2574,0.241,11250,46825,0.9486,360,445,365,490,,,40.08714,-75.104786,DRIVE,600
213826,Marywood University,Scranton,PA,2,1784,https://www.marywood.edu/,https://collegepricecalculator.com/marywooduniversity,55582,41420,41420,18941,21192,21303,24083,28365,critical,0.7165,0.6119,23235,55817,0.6058,530,640,530,610,18,30,41.434587,-75.634142,DRIVE,600
213987,Mercyhurst University,Erie,PA,2,2191,www.mercyhurst.edu/,https://mercyhurst.edu/npc,59557,45770,45770,22626,22429,17197,21665,16748,critical,0.6017,0.4344,19500,47452,0.8102,,,,,,,42.10578,-80.053412,DRIVE,600
213996,Messiah University,Mechanicsburg,PA,2,2259,www.messiah.edu/,https://www.messiah.edu/ug-fin-aid/pages/net_price_calculator,55875,42240,42240,19393,20317,20916,23574,31847,critical,0.7496,0.6644,21911,54064,0.7897,570,680,540,670,26,31,40.156579,-76.988269,DRIVE,600
214041,Millersville University of Pennsylvania,Millersville,PA,1,5728,www.millersville.edu/,www.millersville.edu/finaid/npc.php,26913,11128,22952,14565,15313,17961,22010,24541,high,0.5763,0.4517,17220,55246,0.8619,520,620,500,590,,,40.000337,-76.357381,DRIVE,600
214069,Misericordia University,Dallas,PA,2,1672,www.misericordia.edu/,misericordia.aidcalc.cloud/,53648,40370,40370,36759,37554,36848,37879,37665,critical,0.7171,0.57,24854,64313,0.7093,,,,,,,41.345277,-75.971541,DRIVE,600
214111,Montgomery County Community College,Blue Bell,PA,1,7301,www.mc3.edu/,www.mc3.edu/paying-for-college/tuition-and-other-costs/net-price-calculator,16233,6690,17250,7881,9250,11837,14073,16169,high,,,7250,46108,,,,,,,,40.175609,-75.276093,DRIVE,600
214148,Moore College of Art and Design,Philadelphia,PA,2,535,www.moore.edu/,moore.edu/about/student-consumer-information,71327,52812,52812,34834,42789,34168,46865,47504,critical,0.5714,0.5581,20500,37839,0.5646,620,710,560,670,26,32,39.957078,-75.172105,DRIVE,600
214157,Moravian University,Bethlehem,PA,2,1949,www.moravian.edu/,www.moravian.edu/admissions/resources/calculator,65601,53500,53500,24609,28271,26390,30595,34834,critical,0.7169,0.6299,22000,61860,0.5417,540,655,530,630,24,29,40.630947,-75.383638,DRIVE,600
214166,Mount Aloysius College,Cresson,PA,2,1094,www.mtaloy.edu/,https://tcc.ruffalonl.com/Mount Aloysius College/Freshman-Students,40435,27072,27072,21530,20389,19770,21769,26786,critical,0.5691,0.5455,16980,46165,0.8205,473,598,445,570,,,40.459679,-78.600898,DRIVE,600
214175,Muhlenberg College,Allentown,PA,2,1727,www.muhlenberg.edu/,https://www.muhlenberg.edu/financialaid/prospectivestudents/netpricecalculator/,77270,62805,62805,12302,16629,19717,25452,37603,high,0.8223,0.8302,22000,69107,0.7199,640,710,610,700,29,33,40.596416,-75.508502,DRIVE,600
214272,Neumann University,Aston,PA,2,1533,https://www.neumann.edu/,https://www.neumann.edu/calculator,57180,39100,39100,24467,23150,25679,30495,34471,critical,0.5368,0.4667,19630,57817,0.8128,,,,,,,39.874876,-75.440022,DRIVE,600
214379,Northampton County Area Community College,Bethlehem,PA,1,7667,www.northampton.edu/,https://npc.collegeboard.org/app/northampton,18119,5550,15270,8986,10102,13016,15912,17697,high,,,9500,41566,,,,,,,,40.67253,-75.32351,DRIVE,600
214528,Orleans Technical College,Philadelphia,PA,2,340,https://www.orleanstech.edu/,https://orleanstech.edu/wp-content/uploads/2023/07/NetPrice.html,,,,17941,19628,22757,23196,26587,critical,,,7521,38668,0.7951,,,,,,,40.090338,-75.011324,DRIVE,600
214582,Pennsylvania Institute of Technology,Media,PA,2,810,www.pit.edu/,https://www.pit.edu/financial-aid/net-price-calculator/,23995,14850,14850,18159,16247,15109,,,critical,0.2105,0.1935,6334,35703,,,,,,,,39.908335,-75.38893,DRIVE,600
214591,Pennsylvania State University-Penn State Erie-Behrend College,Erie,PA,1,3240,https://behrend.psu.edu/,https://tuition.psu.edu/student-tuition-calculators,34081,15972,26958,16092,17884,20539,26914,29692,critical,0.4363,0.4692,19500,63435,0.9683,560,650,560,660,25,31,42.119417,-79.983818,DRIVE,600
214625,Pennsylvania State University-Penn State New Kensington,New Kensington,PA,1,416,https://newkensington.psu.edu/,https://tuition.psu.edu/student-tuition-calculators,26863,14408,24134,11541,13323,17589,21666,23654,high,0.2761,0.25,19500,63435,0.9529,580,625,530,640,,,40.551056,-79.697461,DRIVE,600
214634,Pennsylvania State University-Penn State Shenango,Sharon,PA,1,256,https://shenango.psu.edu/,https://tuition.psu.edu/student-tuition-calculators,26821,14024,23560,14946,15847,14896,17600,22729,high,0.4194,0.4375,19500,63435,0.922,,,,,,,41.235131,-80.50924,DRIVE,600
214643,Pennsylvania State University-Penn State Wilkes-Barre,Dallas,PA,1,313,https://wilkesbarre.psu.edu/,https://tuition.psu.edu/student-tuition-calculators,25994,14280,24006,9795,11760,15570,17530,22027,high,0.2273,0.225,19500,63435,0.9699,550,680,540,650,,,41.305602,-76.016151,DRIVE,600
214652,Pennsylvania State University-Penn State Scranton,Dunmore,PA,1,793,https://scranton.psu.edu/,https://tuition.psu.edu/student-tuition-calculators,27862,15208,25392,14322,12857,14839,22064,23599,high,0.3929,0.3611,19500,63435,0.9852,560,650,540,620,,,41.439843,-75.621401,DRIVE,600
214670,Pennsylvania State University-Penn State Lehigh Valley,Center Valley,PA,1,859,https://lehighvalley.psu.edu/,https://tuition.psu.edu/student-tuition-calculators,28109,15208,25392,12422,13319,16438,23611,24539,high,0.1783,0.2447,19500,63435,0.9737,580,660,550,660,,,40.559201,-75.40267,DRIVE,600
214689,Pennsylvania State University-Penn State Altoona,Altoona,PA,1,2367,https://altoona.psu.edu/,https://tuition.psu.edu/student-tuition-calculators,32559,15972,26958,16017,16546,19464,23562,28263,critical,0.165,0.1672,19500,63435,0.9806,530,650,540,640,22,28,40.541759,-78.409601,DRIVE,600
214698,Pennsylvania State University-Penn State Beaver,Monaca,PA,1,482,https://beaver.psu.edu/,https://tuition.psu.edu/student-tuition-calculators,26210,14408,24134,9228,8366,15831,17143,22285,high,0.2174,0.2308,19500,63435,0.9565,530,630,550,660,24,27,40.678271,-80.296316,DRIVE,600
214704,Pennsylvania State University-Penn State Berks,Reading,PA,1,1872,https://berks.psu.edu/,https://tuition.psu.edu/student-tuition-calculators,32242,15972,26958,16429,15862,23583,25465,29541,critical,0.3152,0.4012,19500,63435,0.9867,550,640,540,635,18,27,40.358839,-75.97329,DRIVE,600
214713,Pennsylvania State University-Penn State Harrisburg,Middletown,PA,1,4031,https://harrisburg.psu.edu/,https://tuition.psu.edu/student-tuition-calculators,32521,15972,26958,16219,16221,21176,25103,29834,critical,0.2612,0.432,19500,63435,0.976,550,650,570,660,22,31,40.204253,-76.741216,DRIVE,600
214731,Pennsylvania State University-Penn State Brandywine,Media,PA,1,1223,https://brandywine.psu.edu/,https://tuition.psu.edu/student-tuition-calculators,31088,15208,25392,15904,16580,21157,25067,29031,critical,0.2598,0.3286,19500,63435,0.9811,550,650,530,660,,,39.927123,-75.449704,DRIVE,600
214740,Pennsylvania State University-Penn State DuBois,DuBois,PA,1,349,https://dubois.psu.edu/,https://tuition.psu.edu/student-tuition-calculators,28530,14408,24134,7490,12708,13029,20623,25301,medium,0.3381,0.34,19500,63435,0.9712,490,630,500,580,,,41.127184,-78.751554,DRIVE,600
214759,Pennsylvania State University-Penn State Fayette- Eberly,Lemont Furnace,PA,1,402,https://fayette.psu.edu/,https://tuition.psu.edu/student-tuition-calculators,25154,14408,24134,9445,8574,11644,13165,22545,high,0.3862,0.4505,19500,63435,0.9547,580,660,540,590,,,39.946455,-79.659317,DRIVE,600
214768,Pennsylvania State University-Penn State Hazleton,Hazleton,PA,1,501,https://hazleton.psu.edu/,https://tuition.psu.edu/student-tuition-calculators,29677,15208,25392,11770,14756,13902,19777,23218,high,0.2615,0.3158,19500,63435,0.9641,550,660,540,630,,,40.98396,-76.030975,DRIVE,600
214777,Pennsylvania State University-Main Campus,University Park,PA,1,42284,https://psu.edu/,https://tuition.psu.edu/student-tuition-calculators,39694,20644,41790,19845,20049,25667,31834,37831,critical,0.8609,0.8078,19500,63435,0.6056,620,700,620,720,27,32,40.7965,-77.862848,DRIVE,600
214786,Pennsylvania State University-Penn State Greater Allegheny,McKeesport,PA,1,349,https://greaterallegheny.psu.edu/,https://tuition.psu.edu/student-tuition-calculators,26214,14408,24134,10600,11053,13420,20009,22758,high,0.1897,0.2105,19500,63435,0.9647,560,620,520,660,,,40.345591,-79.827428,DRIVE,600
214795,Pennsylvania State University-Penn State Mont Alto,Mont Alto,PA,1,559,https://montalto.psu.edu/,https://tuition.psu.edu/student-tuition-calculators,28841,14408,24134,15811,13306,15334,21654,24009,critical,0.3365,0.2258,19500,63435,0.9821,500,650,480,650,,,39.842212,-77.541797,DRIVE,600
214801,Pennsylvania State University-Penn State Abington,Abington,PA,1,2877,https://abington.psu.edu/,https://tuition.psu.edu/student-tuition-calculators,28795,15268,25664,13629,13597,16296,22249,25785,high,0.1975,0.3115,19500,63435,0.9677,540,635,530,630,23,27,40.117101,-75.110724,DRIVE,600
214810,Pennsylvania State University-Penn State Schuylkill,Schuylkill Haven,PA,1,620,https://schuylkill.psu.edu/,https://tuition.psu.edu/student-tuition-calculators,30065,15208,25392,14657,14543,18556,23004,26293,high,0.3188,0.3333,19500,63435,0.9664,520,630,500,600,,,40.640512,-76.166374,DRIVE,600
214829,Pennsylvania State University-Penn State York,York,PA,1,668,https://york.psu.edu/,https://tuition.psu.edu/student-tuition-calculators,27826,15208,25392,11582,11156,16261,20054,24411,high,0.1627,0.2034,19500,63435,0.9741,530,620,520,625,22,28,39.95283,-76.703486,DRIVE,600
214883,Peirce College,Philadelphia,PA,2,799,https://www.peirce.edu/,https://npc.collegeboard.org/app/peirce,18660,15060,15060,,,13686,10610,,,0.1,0.125,21875,50660,,,,,,,,39.949623,-75.168105,DRIVE,600
215053,Pennsylvania College of Art and Design,Lancaster,PA,2,400,pcad.edu/,https://connect.pcad.edu/register/npc,43815,32150,32150,24547,24115,26576,30876,37851,critical,0.6852,0.6154,23980,33301,0.9924,,,,,,,40.041152,-76.308769,DRIVE,600
215062,University of Pennsylvania,Philadelphia,PA,2,10650,www.upenn.edu/,https://npc.collegeboard.org/student/app/upenn,89028,68686,68686,-3012,316,10439,25476,55972,low,0.9654,0.9274,14000,111371,0.054,740,770,770,800,34,36,39.950929,-75.19391,DRIVE,600
215114,Cairn University-Langhorne,Langhorne,PA,2,775,www.cairn.edu/,cairn.edu/admissions/undergrad/aid/#calculator,46233,34009,34009,24029,23867,26050,26309,33129,critical,0.5968,0.55,17063,44172,0.8817,540,590,460,570,,,40.165809,-74.909509,DRIVE,600
215239,Community College of Philadelphia,Philadelphia,PA,1,11948,https://www.ccp.edu/,https://www.ccp.edu/admission-aid/paying-college/tuition-fees/tuition-calculator,19172,4632,12744,10728,11339,13144,17032,18795,high,,,5500,40852,,,,,,,,39.962458,-75.165604,DRIVE,600
215266,University of Pittsburgh-Bradford,Bradford,PA,1,995,https://www.upb.pitt.edu/,https://pitt.studentaidcalculator.com/survey.aspx,30478,14770,26644,9138,8265,17407,18875,23352,high,0.4761,0.4248,20500,66125,0.8854,510,620,500,580,20,28,41.943415,-78.673701,DRIVE,600
215275,University of Pittsburgh-Greensburg,Greensburg,PA,1,1305,www.greensburg.pitt.edu/,pitt.studentaidcalculator.com/survey.aspx,30141,14710,26584,9514,10146,15877,21381,24751,high,0.397,0.3557,20500,66125,0.9521,545,633,510,620,17,26,40.276447,-79.532676,DRIVE,600
215284,University of Pittsburgh-Johnstown,Johnstown,PA,1,1808,www.upj.pitt.edu/,pitt.studentaidcalculator.com/survey.aspx,30349,14906,26780,10106,10488,15248,19887,24980,high,0.5582,0.4585,20500,66125,0.9484,500,610,485,610,22,27,40.265957,-78.834163,DRIVE,600
215293,University of Pittsburgh-Pittsburgh Campus,Pittsburgh,PA,1,20370,www.pitt.edu/,pitt.studentaidcalculator.com/survey.aspx,38105,21926,41430,14709,18371,23192,31567,36008,high,0.855,0.772,20500,66125,0.5808,640,720,640,740,29,33,40.444388,-79.953254,DRIVE,600
215381,Pittsburgh Institute of Aeronautics,West Mifflin,PA,2,663,https://pia.edu/,https://pia.edu/netprice.html,37350,18730,18730,28445,29124,30623,35275,36940,critical,,,12000,66642,,,,,,,,40.350804,-79.926575,DRIVE,600
215390,Pittsburgh Institute of Mortuary Science Inc,Pittsburgh,PA,2,351,www.pims.edu/,https://pims.edu/NetPrice/,,,,,,,,,,,,15009,53524,,,,,,,,40.459175,-79.930487,DRIVE,600
215442,Point Park University,Pittsburgh,PA,2,2331,www.pointpark.edu/,www.pointpark.edu/admissions/tuitioncosts/netpricecalc,52643,39570,39570,22436,22064,22362,27325,29813,critical,0.5854,0.4651,20957,45856,0.9691,,,,,,,40.438768,-80.002061,DRIVE,600
215479,Joseph F McCloskey School of Nursing,Pottsville,PA,2,100,www.lvhn.org/education/joseph-f-mccloskey-school-nursing,https://collegepricecalculator.com/alvernia,,,,,,,,,,,,14000,86138,,,,,,,,40.692149,-76.189544,DRIVE,600
215585,Reading Area Community College,Reading,PA,1,3703,https://www.racc.edu/,https://www.racc.edu/sites/default/files/HEOA/NetPrice-Calculator/index.html,14563,6480,12510,7968,8553,8987,12121,14049,high,,,8250,39082,,,,,,,,40.334861,-75.935086,DRIVE,600
215594,Reading Hospital School of Health Sciences,Reading,PA,2,294,https://reading.towerhealth.org/academics/health-sciences/,https://reading.towerhealth.org/academics/health-sciences/financial-information/net-price-calculator/,29377,12225,12225,,25732,26679,29377,29377,,,,17250,74572,0.2925,,,,,,,40.32606,-75.950474,DRIVE,600
215655,Robert Morris University,Moon Township,PA,2,2896,www.rmu.edu/,https://www.rmu.edu/admissions/financial-aid/net-price-calculator,51621,35970,35970,19548,16857,20199,23230,28842,critical,0.6569,0.6146,23250,62105,0.8989,,,,,,,40.520415,-80.210468,DRIVE,600
215682,Rosedale Technical College,Pittsburgh,PA,2,475,www.rosedaletech.edu/,www.rosedaletech.edu/wp-content/uploads/2024/02/index.html,29468,17402,17402,16171,19277,19935,22286,27428,critical,,,12000,47880,0.75,,,,,,,40.45205,-80.103926,DRIVE,600
215691,Rosemont College,Rosemont,PA,2,486,www.rosemont.edu/,https://www.shoppingsheet.com/shopping/landing/215691,38498,23845,23845,10124,13373,20180,24825,30670,high,0.5714,0.3947,27000,48555,0.7634,,,,,,,40.033417,-75.32925,DRIVE,600
215743,Saint Francis University,Loretto,PA,2,1557,www.francis.edu/,www.francis.edu/financial-aid,59815,44000,44000,21906,19995,22677,28717,22945,critical,0.7439,0.622,27000,62101,0.7682,530,620,520,610,21,27,40.506734,-78.63904,DRIVE,600
215770,Saint Joseph's University - Philadelphia,Philadelphia,PA,2,4948,https://www.sju.edu/,https://sju.studentaidcalculator.com/survey.aspx,67954,53260,53260,22570,23022,24297,28772,33222,critical,0.7884,0.6868,21500,86881,0.8883,590,680,580,670,28,31,39.994442,-75.238343,DRIVE,600
215798,Saint Vincent College,Latrobe,PA,2,1259,https://www.stvincent.edu/,https://www.shoppingsheet.com/Shopping/Landing/stvincent,56752,42396,42396,17249,18117,19637,23382,26448,critical,0.6859,0.5669,23250,59982,0.6173,510,620,510,610,20,27,40.29265,-79.403762,DRIVE,600
215929,University of Scranton,Scranton,PA,2,3554,www.scranton.edu/,https://scranton.aidcalc.cloud/,69552,53983,53983,23896,23407,23912,29482,39348,critical,0.7979,0.7273,25500,74652,0.8123,590,660,570,658,25,30,41.406556,-75.656915,DRIVE,600
215947,Seton Hill University,Greensburg,PA,2,1492,www.setonhill.edu/,https://www.setonhill.edu/tuition-financial-aid/financial-aid-process-policies/estimated-costs/,56183,42944,42944,15143,13436,17823,21993,27764,critical,0.6736,0.6239,23000,51748,0.7953,510,620,510,620,19,27,40.309407,-79.557433,DRIVE,600
215974,UPMC Shadyside School of Nursing,Pittsburgh,PA,2,715,https://www.upmc.com/shyson,https://www.upmc.com/healthcare-professionals/education/schools-of-nursing/campuses/shadyside/financial-aid,33489,16190,16190,22860,29479,,29549,32411,critical,,,12000,68801,0.7795,,,,,,,40.454751,-79.939494,DRIVE,600
216010,Shippensburg University of Pennsylvania,Shippensburg,PA,1,4086,www.ship.edu/,https://ship.studentaidcalculator.com/survey.aspx,30785,13720,15974,18709,18515,21386,25469,28387,critical,0.557,0.405,16192,56351,0.865,,,,,16,28,40.057933,-77.522335,DRIVE,600
216038,Slippery Rock University of Pennsylvania,Slippery Rock,PA,1,6788,https://www.sru.edu/,https://www.sru.edu/admissions/net-price-calculator,25537,10568,14676,12555,13401,16990,21972,24121,high,0.6557,0.5389,19500,53032,0.7147,500,610,480,580,18,26,41.062719,-80.045965,DRIVE,600
216278,Susquehanna University,Selinsgrove,PA,2,2163,www.susqu.edu/,www.susqu.edu/admission-and-aid/tuition-and-financial-aid/net-price-calculator,75410,59850,59850,19757,18493,21171,24190,33866,critical,0.8174,0.7358,27000,61723,0.8143,560,660,540,640,21,29,40.797502,-76.875329,DRIVE,600
216287,Swarthmore College,Swarthmore,PA,2,1613,www.swarthmore.edu/,www.swarthmore.edu/financial-aid/net-price-calculator,84103,65494,65494,7690,4951,11444,22443,47544,high,0.9227,0.9205,13000,80257,0.0746,740,770,750,790,33,35,39.905159,-75.354278,DRIVE,600
216296,Thaddeus Stevens College of Technology,Lancaster,PA,1,1446,stevenscollege.edu/,https://stevenscollege.edu/financialaid/netpricecalculator/,18694,9050,9050,10981,11230,13176,16504,18359,high,,,6625,54681,0.7122,,,,,,,40.037951,-76.288718,DRIVE,600
216311,Talmudical Yeshiva of Philadelphia,Philadelphia,PA,2,112,https://www.meterware.com/typ/Talmudical_Yeshiva_of_Philadelphia/?C=N;O=D,www.meterware.com/typ/Talmudical_Yeshiva_of_Philadelphia/NetPriceCalculator/,22680,11512,11512,14100,8600,11140,10740,,high,0.5,0.7143,,,0.9024,,,,,,,39.989249,-75.247964,DRIVE,600
216339,Temple University,Philadelphia,PA,1,20970,www.temple.edu/,https://sfs.temple.edu/sites/sfs/files/netprice.html,40903,23011,38958,22694,23431,26534,29397,34947,critical,0.7505,0.6718,19750,63727,0.8041,,,,,,,39.980546,-75.156859,DRIVE,600
216357,Thiel College,Greenville,PA,2,788,https://www.thiel.edu/,https://npc.collegeboard.org/app/thiel,53202,38344,38344,17247,20947,20038,23683,26400,critical,0.4873,0.381,18250,49714,0.7155,,,,,,,41.41354,-80.384383,DRIVE,600
216366,Thomas Jefferson University,Philadelphia,PA,2,3755,www.jefferson.edu/,jefferson.wbnpc.com/,64197,47505,47505,22537,24407,24680,29734,34889,critical,0.6857,0.6332,12500,77449,0.8097,580,660,580,670,25,30,39.948274,-75.158266,DRIVE,600
216524,Ursinus College,Collegeville,PA,2,1491,www.ursinus.edu/,https://www.ursinus.edu/offices/student-financial-services/net-price-calculator/,76815,61210,61210,20622,24154,28815,31326,33625,critical,0.7328,0.7312,26000,73721,0.9177,610,705,590,680,28,32,40.193023,-75.456505,DRIVE,600
216542,University of Valley Forge,Phoenixville,PA,2,471,https://www.valleyforge.edu/,https://valleyforge.edu/wp-content/uploads/2024/06/index-1.html,45422,25240,25240,30614,31228,32077,33146,32981,critical,0.4904,0.4902,20166,39016,0.612,,,,,,,40.117835,-75.5469,DRIVE,600
216597,Villanova University,Villanova,PA,2,6938,www.villanova.edu/,https://npc.collegeboard.org/student/app/villanova,84793,67776,67776,17823,16496,20923,33389,58741,critical,0.9186,0.9102,25000,100423,0.2698,685,740,710,770,32,34,40.036463,-75.340502,DRIVE,600
216667,Washington & Jefferson College,Washington,PA,2,1295,www.washjeff.edu/,www.washjeff.edu/future-students/tuition-fees/net-price-calculator/,42972,29392,29392,15265,13958,18975,32322,29655,critical,0.6952,0.6083,26000,67918,0.8064,,,,,,,40.170622,-80.24049,DRIVE,600
216694,Waynesburg University,Waynesburg,PA,2,1009,www.waynesburg.edu/,https://www.waynesburg.edu/admissions/financial-aid/net-price-calculator,44397,30480,30480,12916,11974,14786,19300,27921,high,0.6554,0.521,21500,58537,0.8982,470,630,460,620,19,23,39.899871,-80.186205,DRIVE,600
216764,West Chester University of Pennsylvania,West Chester,PA,1,14164,https://www.wcupa.edu/,https://www.wcupa.edu/financialaid/net-price-calculator.aspx,28394,10775,22599,17018,17414,20417,24715,27160,critical,0.7051,0.6143,18750,61258,0.784,560,650,540,620,24,28,39.953398,-75.59812,DRIVE,600
216773,Western Pennsylvania Hospital School of Nursing,Pittsburgh,PA,2,164,https://www.ahn.org/health-care-professionals/education/nursing/schools/west-penn-hospital,https://www.ahn.org/health-care-professionals/education/nursing/schools/west-penn-hospital/net-price-calculator,29938,13410,13410,28089,,20232,25235,27938,critical,,,12000,56487,1,,,,,,,40.462132,-79.945111,DRIVE,600
216807,Westminster College,New Wilmington,PA,2,1041,www.westminster.edu/,www.westminster.edu/admissions/financial-aid/101.cfm,53003,40290,40290,15226,15101,17687,19595,23964,critical,0.6455,0.5079,22825,53861,0.9256,,,,,,,41.119272,-80.331017,DRIVE,600
216825,Westmoreland County Community College,Youngwood,PA,1,2441,https://westmoreland.edu/,https://westmoreland.edu/admissions_aid/tuition-and-fees/netpricecalculator.html,10573,6018,14424,2972,3007,4615,8025,9798,medium,,,8977,37439,,,,,,,,40.234321,-79.564897,DRIVE,600
216852,Widener University,Chester,PA,2,2951,https://www.widener.edu/,https://tcc.ruffalonl.com/Widener University/Net Price Calculator,70621,55730,55730,21200,22275,22514,25900,32296,critical,0.6832,0.5503,24567,70920,0.7093,550,650,530,640,,,39.861689,-75.355363,DRIVE,600
216931,Wilkes University,Wilkes-Barre,PA,2,1985,https://www.wilkes.edu/,https://www.wilkes.edu/admissions/financial-aid/undergraduate-aid/net-price-calculator.aspx,56765,43496,43496,25062,23440,26432,27843,31638,critical,0.6317,0.5348,20500,63454,0.9064,530,630,490,620,22,29,41.244199,-75.890262,DRIVE,600
216940,Williamson College of the Trades,Media,PA,2,322,https://www.williamson.edu/,https://npc.collegeboard.org/app/williamson,37263,31611,31611,1545,1545,1545,1545,,low,,,,,0.2188,,,,,,,39.90807,-75.422024,DRIVE,600
217013,Wilson College,Chambersburg,PA,2,865,www.wilson.edu/,https://www.shoppingsheet.com/shopping/landing/wilson,39344,27100,27100,14808,18436,18236,20905,26246,high,0.4815,0.4091,19500,43326,0.9211,480,610,450,570,,,39.949659,-77.650712,DRIVE,600
217059,York College of Pennsylvania,York,PA,2,3265,https://www.ycp.edu/,https://collegepricecalculator.com/ycp,37319,25588,25588,12927,14581,17024,17799,22196,high,0.641,0.5635,19500,61012,0.7374,520,640,500,630,21,28,39.94614,-76.727984,DRIVE,600
217156,Brown University,Providence,RI,2,7226,www.brown.edu/,https://npc.collegeboard.org/app/brown,87648,71412,71412,-420,2031,5858,16219,44937,low,0.9569,0.9196,10000,93487,0.0539,740,780,770,800,34,35,41.82617,-71.40385,DRIVE,1500
217165,Bryant University,Smithfield,RI,2,3194,https://www.bryant.edu/,https://tcc.ruffalonl.com/bryant university/freshman-students,69964,52677,52677,32698,34055,36130,39680,44846,critical,0.7975,0.6935,23250,90008,0.6546,610,660,580,670,27,28,41.920092,-71.539547,DRIVE,1500
217235,Johnson & Wales University-Providence,Providence,RI,2,3868,https://www.jwu.edu/campuses/providence/,https://enroll.jwu.edu/register/npcpvd?_ga=2.20956152.1144428041.1661956580-1253747645.1659483415,60314,42419,42419,25530,25443,28088,31803,35464,critical,0.5541,0.4474,16334,43418,0.8841,460,590,430,570,22,27,41.819956,-71.41277,DRIVE,1500
217305,New England Institute of Technology,East Greenwich,RI,2,1718,https://www.neit.edu/,https://www.neit.edu/admissions-aid/net-price-calculator,48543,37275,37275,32208,31358,36414,39100,42414,critical,0.5954,0.5166,12000,48684,0.6673,,,,,,,41.661783,-71.502892,DRIVE,1500
217402,Providence College,Providence,RI,2,4229,https://www.providence.edu/,https://npc.collegeboard.org/student/app/providence,80466,63550,63550,28152,21835,25296,33169,56699,critical,0.8582,0.8757,27000,87054,0.5089,630,700,620,690,29,32,41.842742,-71.437446,DRIVE,1500
217420,Rhode Island College,Providence,RI,1,5049,www.ric.edu/,https://www.ric.edu/net-price-calculator,17454,11300,27299,6378,6989,8701,12809,15681,medium,0.4813,0.4465,13833,56318,0.9182,450,580,420,540,,,41.842415,-71.46556,DRIVE,1500
217475,Community College of Rhode Island,Warwick,RI,1,11171,www.ccri.edu/,https://www.ccri.edu/onestop/fa/calc-test.html,12725,5550,14834,6213,6299,6825,6965,8152,medium,,,5567,42659,,,,,,,,41.712817,-71.481509,DRIVE,1500
217484,University of Rhode Island,Kingston,RI,1,13381,https://web.uri.edu/,https://web.uri.edu/ir/netprice-2/,34321,16942,37146,14368,12923,17803,23394,28460,high,0.7331,0.6634,17750,69743,0.7216,520,650,500,630,,,41.484691,-71.527356,DRIVE,1500
217493,Rhode Island School of Design,Providence,RI,2,2084,https://www.risd.edu/,https://risd.studentaidcalculator.com/survey.aspx,81727,62688,62688,29135,30233,25872,33893,64493,critical,0.8877,0.7765,23250,68140,0.1866,688,750,708,780,31,34,41.827114,-71.409309,DRIVE,1500
217518,Roger Williams University,Bristol,RI,2,3946,https://www.rwu.edu/,https://www.rwu.edu/net-price-calculator,61950,44418,44418,29778,30087,33623,37318,40792,critical,0.6865,0.6651,19500,70266,0.8771,580,660,560,650,24,29,41.650214,-71.260374,DRIVE,1500
217536,Salve Regina University,Newport,RI,2,2121,www.salve.edu/,https://salve.wbnpc.com/,70630,50100,50100,26939,30844,31264,34374,39244,critical,0.7688,0.7345,27000,72975,0.6817,600,680,560,650,26,29,41.471545,-71.30124,DRIVE,1500
217615,Aiken Technical College,Graniteville,SC,1,1925,https://www.atc.edu/,https://www.atc.edu/netpricecalculator/npcalc.htm,13171,5174,7924,4566,2659,6048,9207,10230,medium,,,7110,39225,,,,,,,,33.533833,-81.841666,FLY,2500
217624,Allen University,Columbia,SC,2,576,https://www.allenuniversity.edu/,https://allenuniversity.edu/cost-of-attendance-net-price-calculator,23998,14304,14304,10553,9375,12610,12976,13298,high,0.1331,0.0766,12000,30497,0.7254,,,,,,,34.010348,-81.020045,FLY,2500
217633,Anderson University,Anderson,SC,2,3183,https://www.andersonuniversity.edu/,https://andersonuniversity.edu/admission/policies-and-disclosures/consumer-information-disclosures/,50192,34970,34970,17188,18724,19647,24926,27080,critical,0.6568,0.5705,22000,42101,0.5471,560,650,540,630,22,29,34.5152,-82.640358,FLY,2500
217688,Charleston Southern University,Charleston,SC,2,2893,https://www.charlestonsouthern.edu/,https://www.charlestonsouthern.edu/admissions/financial-aid/tuition-calculator/,44558,32520,32520,20145,23024,20697,21648,23226,critical,0.4724,0.3983,18250,45898,0.9646,480,600,450,560,18,24,32.983047,-80.072587,FLY,2500
217712,Technical College of the Lowcountry,Beaufort,SC,1,1679,www.tcl.edu/,https://sftp.tcl.edu/NetPriceCalculator.html,23832,6156,11916,14531,15726,20323,,,high,,,6431,35090,,,,,,,,32.420197,-80.689468,FLY,2500
217721,Benedict College,Columbia,SC,2,1536,www.benedict.edu/,https://www.collegeraptor.com/shopping/school/benedict-college-sc--217721,32000,17440,17440,17177,18686,19295,20250,20328,critical,0.2426,0.1687,16000,31902,0.957,,,,,,,34.012941,-81.020403,FLY,2500
217749,Bob Jones University,Greenville,SC,2,2005,www.bju.edu/,https://www.bju.edu/admission/tuition-aid/net-price-calculator.php,36580,24470,24470,14287,13936,15414,17997,23972,high,0.6475,0.5806,12453,44354,,,,,,,,34.874016,-82.365838,FLY,2500
217776,Southern Wesleyan University,Central,SC,2,747,https://www.swu.edu/,https://www.swu.edu/campus/financial-aid/net-price-calculator/,39914,29800,29800,14084,14218,14230,14899,17381,high,0.5236,0.4444,19500,47756,0.9953,530,620,510,590,22,28,34.728068,-82.761586,FLY,2500
217819,College of Charleston,Charleston,SC,1,10558,https://www.charleston.edu/,https://charleston.edu/cost-aid/tuition-fees/net-price-calculator.php,32362,12978,38296,12133,13406,16797,20089,24996,high,0.6583,0.6051,17500,56416,0.6003,590,670,550,640,25,30,32.784225,-79.939794,FLY,2500
217837,Northeastern Technical College,Cheraw,SC,1,921,www.netc.edu/,www.netc.edu/netcalc/npcalc.htm,18221,5664,6024,7012,5751,7130,10469,10201,medium,,,,32141,,,,,,,,34.698248,-79.939245,FLY,2500
217864,Citadel Military College of South Carolina,Charleston,SC,1,2705,https://citadel.edu/,https://citadel.edu/financial-aid/net-price-calculator/,33880,12570,38508,15430,16456,18140,20620,24047,critical,0.75,0.7532,18000,72085,0.2272,540,640,545,645,22,27,32.797183,-79.958775,FLY,2500
217873,Claflin University,Orangeburg,SC,2,1706,www.claflin.edu/,www.claflin.edu/admissions-aid/tuition-and-fees/cost-of-attending-claflin,33530,18282,18282,16354,21118,22279,23502,25071,critical,0.516,0.4745,22049,40304,0.6493,,,,,,,33.498444,-80.854319,FLY,2500
217882,Clemson University,Clemson,SC,1,23300,www.clemson.edu/,https://netprice.app.clemson.edu/calc/,35015,15554,40866,13607,14109,18851,24833,27922,high,0.8656,0.7966,19000,71513,0.3834,620,700,620,710,28,32,34.679381,-82.835114,FLY,2500
217891,Clinton College,Rock Hill,SC,2,126,www.clintoncollege.edu/,www.clintoncollege.edu/current-students/tuition-and-fees,25015,11136,11136,11105,11999,6854,12222,,high,0.1405,1,12000,30180,,,,,,,,34.913721,-81.043469,FLY,2500
217907,Coker University,Hartsville,SC,2,840,https://coker.edu/,https://www.coker.edu/admissions-aid/traditional-students/costs-aid/financial-aid/net-price-calculator/,45805,33416,33416,16789,15138,18227,24421,24160,critical,0.3953,0.3841,15000,40117,0.9396,,,,,,,34.37696,-80.070416,FLY,2500
217925,Columbia International University,Columbia,SC,2,716,www.ciu.edu/,https://www.ciu.edu/cost-aid/cost-estimator/,43045,27900,27900,21955,25644,23535,28722,29751,critical,0.4679,0.3922,10500,38951,0.9447,,,,,,,34.07551,-81.07443,FLY,2500
217934,Columbia College,Columbia,SC,2,1343,www.columbiasc.edu/,https://npc.collegeboard.org/app/columbiasc,35258,22214,22214,17541,17017,16816,22928,20399,critical,0.3688,0.3,14750,41338,0.9393,,,,,,,34.045581,-81.029967,FLY,2500
217961,Converse University,Spartanburg,SC,2,1173,https://www.converse.edu/,https://www.converse.edu/admissions/financial-aid-and-tuition/undergraduate-freshmen-and-transfer-students/net-cost-calculator-for-freshman/,38838,25240,25240,14137,18500,23610,24754,29105,high,0.6154,0.5213,22500,40867,0.6774,510,630,500,620,19,26,34.955534,-81.917881,FLY,2500
217989,Denmark Technical College,Denmark,SC,1,519,www.denmarktech.edu/,www.denmarktech.edu/netpricecalculator/,24590,6315,11955,18698,17597,21300,23662,,critical,,,6750,25351,,,,,,,,33.313355,-81.123629,FLY,2500
217998,Erskine College,Due West,SC,2,766,www.erskine.edu/,https://erskine.studentaidcalculator.com/survey.aspx,55248,36710,36710,14555,12666,18652,16405,18942,high,0.4518,0.4182,9500,53459,0.6274,,,,,,,34.332087,-82.39095,FLY,2500
218025,Florence-Darlington Technical College,Florence,SC,1,3055,https://www.fdtc.edu/,https://static.fdtc.edu/vendor/net price calculator/,10731,4636,6772,1589,1913,2414,3783,6708,low,,,6750,32748,,,,,,,,34.243882,-79.81469,FLY,2500
218061,Francis Marion University,Florence,SC,1,2628,www.fmarion.edu/,netprice.fmarion.edu/,23850,11160,21544,9723,9449,11582,13788,17435,high,0.4339,0.3913,15617,43888,0.8639,450,575,420,540,16,24,34.189777,-79.652854,FLY,2500
218070,Furman University,Greenville,SC,2,2379,www.furman.edu/,https://collegepricecalculator.com/furmanuniversity,76798,59770,59770,16401,17290,21041,27736,39310,critical,0.7876,0.6889,19500,68635,0.4295,650,720,610,710,28,32,34.924676,-82.440458,FLY,2500
218113,Greenville Technical College,Greenville,SC,1,8916,www.gvltec.edu/,www.gvltec.edu/admissions_aid/tuition_and_payments/cost2attend.html,20166,5495,10775,11138,11388,12221,13455,15198,high,0.2087,0.1768,8604,39473,,,,,,,,34.826212,-82.371178,FLY,2500
218140,Horry-Georgetown Technical College,Conway,SC,1,6274,www.hgtc.edu/,www.hgtc.edu/admissions/financialaid/collegecalc.html,11909,4468,8836,3673,4165,4457,5443,7666,medium,,,8250,35507,,,,,,,,33.79614,-79.003611,FLY,2500
218229,Lander University,Greenwood,SC,1,3397,https://www.lander.edu/,https://www.lander.edu/_files/npc/npcalc.htm,27277,11700,21300,11450,11778,13842,18319,19102,high,0.4977,0.436,12503,42396,0.8131,490,608,460,570,16,23,34.199892,-82.164736,FLY,2500
218335,Medical University of South Carolina,Charleston,SC,1,303,https://musc.edu/,https://education.musc.edu/admissions/tuition-fees,,,,,,,,,,,,13021,88420,,,,,,,,32.784363,-79.947158,FLY,2500
218353,Midlands Technical College,West Columbia,SC,1,7564,https://www.midlandstech.edu/,www.midlandstech.edu/net-price-calculator,14274,5100,14700,3429,3549,5157,8378,9503,medium,,,6750,38701,,,,,,,,33.949325,-81.115761,FLY,2500
218399,Morris College,Sumter,SC,2,383,https://www.morris.edu/,https://npc.collegeboard.org/app/morris,30148,16664,16664,20485,20609,20727,21121,,critical,0.1735,0.173,14750,30614,,,,,,,,33.938574,-80.346155,FLY,2500
218414,Newberry College,Newberry,SC,2,1479,www.newberry.edu/,https://www.newberry.edu/admission/financial-aid/net-price-calculator,46442,31100,31100,19887,19229,21786,23619,23578,critical,0.4514,0.3789,15750,48040,0.8979,,,,,,,34.285868,-81.619777,FLY,2500
218441,North Greenville University,Tigerville,SC,2,1819,https://www.ngu.edu/,https://www.shoppingsheet.com/Shopping/School/218441,42034,25800,25800,18947,16988,20704,20433,24550,critical,0.5453,0.5229,15000,43035,0.6667,540,630,520,610,20,28,35.069758,-82.37026,FLY,2500
218487,Orangeburg Calhoun Technical College,Orangeburg,SC,1,1539,www.octech.edu/,www.octech.edu/wp-content/uploads/netpricecalc.html,15165,5210,8354,7122,5679,4842,5737,6853,medium,,,7000,35761,,,,,,,,33.54485,-80.82927,FLY,2500
218520,Piedmont Technical College,Greenwood,SC,1,3977,https://www.ptc.edu/,https://www.ptc.edu/cost-financial-aid/tuition-fees/net-price-calculator,21746,4775,6923,11778,10878,10420,11552,13299,high,,,9500,35768,,,,,,,,34.207415,-82.120635,FLY,2500
218539,Presbyterian College,Clinton,SC,2,852,https://www.presby.edu/,https://www.presby.edu/costs-and-aid/net-price-calculator/,60242,44910,44910,18277,15985,19366,19901,27032,critical,0.5146,0.3694,13000,60194,0.6837,500,620,480,580,21,26,34.465834,-81.87448,FLY,2500
218645,University of South Carolina Aiken,Aiken,SC,1,2962,https://www.usca.edu/,https://ie.usca.edu/netprice/npcalc.html,21540,10760,21218,8987,8435,11440,16046,17502,high,0.3985,0.3585,13000,45603,0.7854,510,620,470,600,19,26,33.572704,-81.767612,FLY,2500
218654,University of South Carolina Beaufort,Bluffton,SC,1,2052,www.uscb.edu/,https://www.uscb.edu/admissions/tuition-and-financial-aid/net-price-calculator/index.html,24353,10730,21776,11397,10614,13846,19001,20250,high,0.3399,0.3064,13750,48088,0.725,,,,,,,32.303308,-80.973595,FLY,2500
218663,University of South Carolina-Columbia,Columbia,SC,1,29820,www.sc.edu/,sc.edu/about/offices_and_divisions/financial_aid/cost_and_aid/cost_to_attend/index.php,31638,12688,35972,12634,14953,19859,24478,28125,high,0.7882,0.6946,18500,62177,0.6015,600,680,580,680,26,32,33.996788,-81.026935,FLY,2500
218672,University of South Carolina-Lancaster,Lancaster,SC,1,668,www.sc.edu/about/system_and_campuses/lancaster/index.php,sc.edu/pcnetprice/lancaster/,18682,7558,18238,6306,6462,9072,12310,13884,medium,,,5500,39426,0.8344,,,,,,,34.736282,-80.787069,FLY,2500
218681,University of South Carolina-Salkehatchie,Allendale,SC,1,271,sc.edu/about/system_and_campuses/salkehatchie/index.php,sc.edu/pcnetprice/salkehatchie/,19297,7558,18238,8535,6158,10592,14089,15119,high,,,6500,31360,0.7599,,,,,,,33.014312,-81.301838,FLY,2500
218690,University of South Carolina-Sumter,Sumter,SC,1,716,www.sc.edu/about/system_and_campuses/sumter/index.php,sc.edu/pcnetprice/sumter/,17964,7558,18238,5894,5582,8586,11560,12380,medium,,,5500,42437,0.7406,,,,,,,33.934698,-80.373459,FLY,2500
218706,University of South Carolina-Union,Union,SC,1,270,www.sc.edu/about/system_and_campuses/union/index.php,sc.edu/pcnetprice/union/,19112,7558,18238,7340,5918,7482,13146,12638,medium,,,5500,33699,0.6222,,,,,,,34.717771,-81.621042,FLY,2500
218724,Coastal Carolina University,Conway,SC,1,10377,https://www.coastal.edu/,https://www.coastal.edu/financialaid/netpricecalculators/,26692,11640,29628,9563,10292,12938,16350,20219,high,0.4846,0.3984,16979,47258,0.7527,530,620,520,600,21,26,33.794995,-79.011767,FLY,2500
218733,South Carolina State University,Orangeburg,SC,1,2934,https://scsu.edu/,https://scsu.edu/netprice.html,30015,11060,21750,16846,16968,20449,22587,24523,critical,0.3663,0.3657,20900,38262,0.8262,,,,,,,33.497968,-80.848722,FLY,2500
218742,University of South Carolina-Upstate,Spartanburg,SC,1,4038,www.uscupstate.edu/,netprice.uscupstate.edu/,25124,11588,23090,11618,11537,13394,17356,19325,high,0.4304,0.3911,15000,48587,0.6726,510,605,495,570,21,26,34.996403,-81.970583,FLY,2500
218821,Spartanburg Methodist College,Spartanburg,SC,2,1116,https://www.smcsc.edu/,https://www.smcsc.edu/resources/net-price-calc-2/,32183,20650,20650,13794,13416,15673,15204,18025,high,0.4292,0.3729,7500,42895,0.7816,,,,,,,34.955117,-81.970863,FLY,2500
218830,Spartanburg Community College,Spartanburg,SC,1,5006,https://www.sccsc.edu/,https://www.sccsc.edu/admissions-aid/financial-aid/tuition/npc/,11505,5071,10135,2669,1595,2132,3583,6046,medium,,,5143,37097,,,,,,,,34.974587,-81.989811,FLY,2500
218858,Central Carolina Technical College,Sumter,SC,1,2163,www.cctech.edu/,www.cctech.edu/netpricecalculator/npcalc.htm,13774,5715,9016,5526,5308,5775,6400,,medium,,,6821,32603,,,,,,,,33.933342,-80.37101,FLY,2500
218885,Tri-County Technical College,Pendleton,SC,1,5071,https://www.tctc.edu/,etcdata.tctc.edu/vpba/financial_aid/netprice/npcalc.htm,25057,4448,11815,11937,12576,15201,17105,19459,high,,,5500,40101,,,,,,,,34.641914,-82.792015,FLY,2500
218894,Trident Technical College,Charleston,SC,1,10512,https://www.tridenttech.edu/,https://www.tridenttech.edu/pay/apply/fa_Calc.htm,13408,4546,8620,1057,516,1141,2174,6542,low,,,6500,38253,,,,,,,,32.928767,-80.031276,FLY,2500
218919,Voorhees University,Denmark,SC,2,440,https://www.voorhees.edu/,https://voorhees.edu/vunetprice/images/201920finaidnetpricecalc.html,25574,12630,12630,11968,13701,18453,21067,,high,0.4295,0.4063,15245,35339,,,,,,,,33.307199,-81.127863,FLY,2500
218955,Williamsburg Technical College,Kingstree,SC,1,448,https://www.wiltech.edu/,https://www.wiltech.edu/NetPrice/NetPriceCalculator/npcalc.htm,15806,4488,8592,8307,11873,13831,10233,,high,,,,29935,,,,,,,,33.657085,-79.817984,FLY,2500
218964,Winthrop University,Rock Hill,SC,1,3523,www.winthrop.edu/,www.winthrop.edu/finaid/net-price-calculator.aspx,30710,14678,28676,12608,12983,13966,18518,21359,high,0.5698,0.3725,19000,47185,0.7925,520,630,490,590,20,27,34.941515,-81.031404,FLY,2500
218973,Wofford College,Spartanburg,SC,2,1816,www.wofford.edu/,wofford.studentaidcalculator.com/,72441,56005,56005,8493,11627,10830,19092,23770,high,0.842,0.8214,20500,68964,0.5194,608,680,590,663,27,31,34.959411,-81.933568,FLY,2500
218991,York Technical College,Rock Hill,SC,1,3816,www.yorktech.edu/,www.yorktech.edu/_resources/html-files/net-price-calculator,15395,8036,13340,5749,5134,6391,7622,9217,medium,,,5136,37257,,,,,,,,34.934416,-80.995273,FLY,2500
219000,Augustana University,Sioux Falls,SD,2,1965,www.augie.edu/,www.augie.edu/npc,55159,40160,40160,18746,18895,17937,24787,27327,critical,0.7297,0.6517,21250,59217,0.6775,570,680,580,690,21,27,43.525148,-96.736975,FLY,2500
219046,Black Hills State University,Spearfish,SD,1,1928,www.bhsu.edu/,https://form.bhsu.edu/bh_tuitioncalc/tuitioncalculator.aspx,21277,8764,11866,11863,13379,15588,18072,18604,high,0.4263,0.3827,15000,46674,0.9633,465,565,500,570,18,24,44.494889,-103.870966,FLY,2500
219082,Dakota State University,Madison,SD,1,2071,https://dsu.edu/,https://dsu.edu/admissions/calculator.html,25753,9654,12756,17317,18792,19165,22601,23269,critical,0.513,0.4407,14250,50970,0.8805,570,680,620,760,20,27,44.013014,-97.113358,FLY,2500
219091,Dakota Wesleyan University,Mitchell,SD,2,670,www.dwu.edu/,https://www.dwu.edu/Net-Price-Calculator,43864,33790,33790,15251,15750,15927,19048,22416,critical,0.4832,0.4655,19500,53728,0.7338,,,,,,,43.697432,-98.031188,FLY,2500
219143,Lake Area Technical College,Watertown,SD,1,1812,www.lakeareatech.edu/,www.lakeareatech.edu/getting-started/financial-aid/net-price-calculator/,19637,6718,6718,11193,12971,14129,18118,18230,high,,,9888,45473,,,,,,,,44.901714,-97.095229,FLY,2500
219189,Mitchell Technical College,Mitchell,SD,1,990,https://www.mitchelltech.edu/,https://www.mitchelltech.edu/admissions/financial-aid/net-price-calculator/,16994,7524,7524,9750,10505,12945,16044,16493,high,,,8403,50743,,,,,,,,43.688663,-98.002505,FLY,2500
219198,Mount Marty University,Yankton,SD,2,697,www.mountmarty.edu/,www.mountmarty.edu/tuition-and-aid/net-price-calculator/,48247,34600,34600,19564,18492,23669,22331,23601,critical,0.5238,0.4889,14750,48179,0.4257,,,,,18,25,42.874475,-97.409904,FLY,2500
219259,Northern State University,Aberdeen,SD,1,1273,https://northern.edu/,https://northern.edu/sites/default/files/net-price-calculator/index.html,22077,8845,11947,10762,12087,15293,18372,17933,high,0.4894,0.3739,15750,47618,0.93,490,590,490,570,18,24,45.450829,-98.484728,FLY,2500
219277,Oglala Lakota College,Kyle,SD,1,1097,www.olc.edu/,www.olc.edu/cost-aid/,10494,2684,2684,1422,219,5542,6535,,low,0.0874,0.0879,,22517,,,,,,,,43.366813,-102.240331,FLY,2500
219347,South Dakota School of Mines and Technology,Rapid City,SD,1,2071,https://www.sdsmt.edu/,https://www.sdsmt.edu/admissions-aid/financial-aid-and-scholarships/scholarships/net-price-calculator.html,25385,10500,14900,15348,17909,18366,21176,21993,critical,0.5295,0.4,17306,72257,0.7987,560,660,580,680,24,30,44.075439,-103.205753,FLY,2500
219356,South Dakota State University,Brookings,SD,1,9198,https://www.sdstate.edu/,https://www.sdstate.edu/admissions/net-price-calculator,24636,9299,12809,14266,15248,18073,20706,21886,high,0.6235,0.524,16246,55070,0.9834,530,610,530,630,19,25,44.317485,-96.782139,FLY,2500
219374,Sinte Gleska University,Mission,SD,1,487,www.sintegleska.edu/,https://www.sintegleska.edu/student-netprice-calculator.html,20714,4714,4714,11728,13818,14839,,,high,0.1538,0,,20948,,,,,,,,43.298878,-100.622549,FLY,2500
219383,University of Sioux Falls,Sioux Falls,SD,2,1218,www.usiouxfalls.edu/,https://apps.usiouxfalls.edu/npc?ref=fa,34274,21750,21750,18145,17804,17992,21375,24038,critical,0.6291,0.5577,16141,54521,0.8289,,,,,,,43.531574,-96.738229,FLY,2500
219408,Sisseton Wahpeton College,Sisseton,SD,1,194,https://www.swcollege.edu/newswcollege/,https://www.swcollege.edu/newswcollege/netprice/index.html,9998,4330,4330,590,5909,5315,7871,,low,0.2059,0.2917,,31546,,,,,,,,45.562731,-97.060835,FLY,2500
219426,Southeast Technical College,Sioux Falls,SD,1,2310,www.southeasttech.edu/,www.southeasttech.edu/admissions/financialaid/netpricecalculator/,20272,7650,7650,14418,15221,17079,19425,20254,high,,,9500,46709,,,,,,,,43.570446,-96.780241,FLY,2500
219471,University of South Dakota,Vermillion,SD,1,5439,https://www.usd.edu/,https://www.usd.edu/Admissions-and-Aid/Tuition-and-Costs/Net-Cost-Calculator,24422,9432,12942,14921,15942,18540,21202,22193,high,0.5991,0.481,17500,51926,0.9878,530,620,595,695,19,25,42.786019,-96.925283,FLY,2500
219480,Western Dakota Technical College,Rapid City,SD,1,753,https://www.wdt.edu/,https://www.wdt.edu/paying-for-school/net-price-calculator/,18845,8294,8294,10071,10543,14003,18657,18845,high,,,9500,40240,,,,,,,,44.076648,-103.179501,FLY,2500
219596,TCAT Athens,Athens,TN,1,205,www.tcatathens.edu/,https://tcatathens.edu/sites/default/files/netprice_calc/index.html,,,,10299,15169,17963,,,high,,,,40540,,,,,,,,35.442944,-84.630484,FLY,2500
219602,Austin Peay State University,Clarksville,TN,1,7560,www.apsu.edu/,app.meadowfi.com/apsu,22233,9006,14766,7588,8768,10077,13537,15078,high,0.4024,0.3421,13202,44301,0.9641,445,573,398,553,18,24,36.533319,-87.354081,FLY,2500
219639,Baptist Health Sciences University,Memphis,TN,2,770,www.baptistu.edu/,https://www.baptistu.edu/sites/default/files/netpricecalculator/npcalc.htm,22227,13796,13796,6354,6989,14384,14267,18446,medium,0.398,0.3261,16170,72529,0.8202,,,,,17,22,35.138415,-90.027501,FLY,2500
219709,Belmont University,Nashville,TN,2,7137,https://www.belmont.edu/,https://www.belmont.edu/sfs/cost/net-price-calculator.html,62570,42540,42540,22950,24723,28009,32153,43606,critical,0.7066,0.6335,17500,55930,0.9528,600,690,560,660,24,30,36.135589,-86.794807,FLY,2500
219718,Bethel University,McKenzie,TN,2,1547,www.bethelu.edu/,www.bethelu.edu/admissions/tuition-and-fees/net-price-calculator,31203,18712,18712,11871,17356,11713,10473,15163,high,0.3505,0.1389,16750,47482,0.6023,410,570,420,550,15,21,36.137848,-88.516762,FLY,2500
219790,Bryan College-Dayton,Dayton,TN,2,814,www.bryan.edu/,www.bryan.edu/admissions/undergraduate/financial-aid/estimator/,31270,19800,19800,19500,19904,21807,20655,21035,critical,0.4974,0.4943,13000,54434,,,,,,,,35.497209,-84.999552,FLY,2500
219806,Carson-Newman University,Jefferson City,TN,2,1387,www.cn.edu/,www.cn.edu/netpricecalculator/,49024,34700,34700,16672,16446,17313,21209,28621,critical,0.5324,0.4636,14519,48382,0.9045,500,645,455,570,19,25,36.122934,-83.491709,FLY,2500
219824,Chattanooga State Community College,Chattanooga,TN,1,5284,https://www.chattanoogastate.edu/,https://www.chattanoogastate.edu/financial/financial-aid/net-price-calculator,13348,4772,17756,4369,4920,6708,8002,7201,medium,,,7249,37598,,,,,,,,35.100202,-85.237389,FLY,2500
219833,Christian Brothers University,Memphis,TN,2,905,https://www.cbu.edu/,https://www.cbu.edu/admissions-aid/financial-aid/net-price-calculator/,48038,38420,38420,9466,11657,10023,12839,5843,high,0.5471,0.4643,17589,57478,0.867,460,700,560,680,19,24,35.127437,-89.983241,FLY,2500
219879,Cleveland State Community College,Cleveland,TN,1,1975,www.clevelandstatecc.edu/,www.clevelandstatecc.edu/paying-for-college/tuition-fees/,14834,4762,17746,5538,5872,7356,9083,11664,medium,,,5481,36671,,,,,,,,35.200103,-84.879284,FLY,2500
219888,Columbia State Community College,Columbia,TN,1,3897,https://www.columbiastate.edu/,https://www.columbiastate.edu/IR/NetPriceCalc/NetPriceCalculator/npcalc.htm,13179,5296,18112,4083,4125,5995,5706,6252,medium,,,5500,40256,,,,,,,,35.616757,-87.101917,FLY,2500
219949,Cumberland University,Lebanon,TN,2,2104,www.cumberland.edu/,www.cumberland.edu/net-price-calculator/,43358,27840,27840,17882,18048,19609,20333,20917,critical,0.4559,0.4094,11250,57687,0.6733,,,,,,,36.204514,-86.298782,FLY,2500
219976,Lipscomb University,Nashville,TN,2,2997,https://www.lipscomb.edu/,https://www.lipscomb.edu/admission/tuition-and-financial-aid,55117,40572,40572,20048,20009,24124,25210,31265,critical,0.7216,0.6622,15350,55541,0.6773,590,700,570,680,23,30,36.106253,-86.799791,FLY,2500
219994,Tennessee College of Applied Technology-Dickson,Dickson,TN,1,714,https://www.tcatdickson.edu/,https://tcatdickson.edu/sites/default/files/netprice_calc/index.html,,,,14472,14488,18722,15445,,high,,,,36829,,,,,,,,36.050549,-87.366455,FLY,2500
220057,Dyersburg State Community College,Dyersburg,TN,1,2103,www.dscc.edu/,https://www.dscc.edu/net-price-calculator/,14329,4758,17742,4213,3603,6093,7322,5590,medium,,,4475,36132,,,,,,,,36.047565,-89.390791,FLY,2500
220075,East Tennessee State University,Johnson City,TN,1,10004,https://www.etsu.edu/,https://www.etsu.edu/financial-aid-and-scholarships/cost/netprice.php,27042,10472,14522,12433,14289,16400,20588,21193,high,0.5321,0.454,14400,44859,0.8619,510,620,470,580,19,26,36.301643,-82.366954,FLY,2500
220127,Tennessee College of Applied Technology-Elizabethton,Elizabethton,TN,1,546,www.tcatelizabethton.edu/,https://tcatelizabethton.edu/future-students/net-price-calculator,,,,8181,8922,8877,11359,,high,,,,35069,,,,,,,,36.366033,-82.178198,FLY,2500
220181,Fisk University,Nashville,TN,2,1035,www.fisk.edu/,https://nces.ed.gov/ipeds/netpricecalculator/#/step-3-1,39450,25858,25858,27647,32474,34204,34974,26678,critical,0.2993,0.297,14250,45454,0.3742,570,720,570,790,19,24,36.167087,-86.804805,FLY,2500
220206,Welch College,Gallatin,TN,2,226,www.welch.edu/,www.welch.edu/net-price-calculator/,37072,21400,21400,25590,18289,23219,26783,27512,critical,0.5342,0.5882,11375,42198,,,,,,,,36.36719,-86.549153,FLY,2500
220215,Freed-Hardeman University,Henderson,TN,2,1212,www.fhu.edu/,www.fhu.edu/npc,38315,25620,25620,20988,21788,19639,21308,23618,critical,0.7078,0.663,16750,47485,0.5968,481,549,471,538,19,26,35.440611,-88.637964,FLY,2500
220251,Tennessee College of Applied Technology-Harriman,Harriman,TN,1,246,www.tcatharriman.edu/,tcatharriman.edu/future-students/net-price-calculator,,,,11148,,,,,high,,,,31591,,,,,,,,35.966107,-84.517871,FLY,2500
220279,Tennessee College of Applied Technology-Hartsville,Hartsville,TN,1,247,www.tcathartsville.edu/,tcathartsville.edu/sites/default/files/netprice_calc/index.html,,,,5891,8466,,7223,,medium,,,,40469,,,,,,,,36.387191,-86.14366,FLY,2500
220321,Tennessee College of Applied Technology-Hohenwald,Hohenwald,TN,1,346,www.tcathohenwald.edu/,www.tcathohenwald.edu/programs,,,,13226,9026,11108,15031,14665,high,,,,36106,,,,,,,,35.551687,-87.573757,FLY,2500
220394,Tennessee College of Applied Technology-Jacksboro,Jacksboro,TN,1,231,https://www.tcatjacksboro.edu/,https://tcatjacksboro.edu/future-students/net-price-calculator,,,,10828,14347,13860,,,high,,,,36449,,,,,,,,36.3175,-84.208918,FLY,2500
220400,Jackson State Community College,Jackson,TN,1,2511,www.jscc.edu/,www.jscc.edu/calculator/,15183,4740,17724,5847,5426,7485,9080,,medium,,,,35224,,,,,,,,35.645571,-88.780005,FLY,2500
220464,John A Gupton College,Nashville,TN,2,166,www.guptoncollege.edu/,guptoncollege.edu/financial-aid-2/net-price-calculator/,28125,12223,12223,18391,18853,,22651,,critical,,,5999,46902,1,,,,,18,23,36.156633,-86.7948,FLY,2500
220473,Johnson University,Knoxville,TN,2,743,johnsonu.edu/,https://johnsonu.edu/admissions/tuition/#net-price-calc,34244,21122,21122,17246,19212,23206,25075,24860,critical,0.5677,0.5085,13500,40596,0.6511,490,570,470,540,18,24,35.937193,-83.750273,FLY,2500
220516,King University,Bristol,TN,2,908,https://www.king.edu/,https://www.king.edu/admissions/financial-aid/tuition-and-fees/traditional-undergrad-cost/net-price-calculator/,49004,36194,36194,22696,17677,18035,21188,27219,critical,0.4787,0.4375,18000,59831,0.9972,,,,,,,36.585309,-82.159421,FLY,2500
220598,Lane College,Jackson,TN,2,736,https://www.lanecollege.edu/,www.lanecollege.edu/financial-aid-tuition/net-price-calculator,23441,11790,11790,10904,,,,,high,0.1839,0.1887,16750,31670,,,,,,,,35.627378,-88.806535,FLY,2500
220604,Le Moyne-Owen College,Memphis,TN,2,581,www.loc.edu/,www.loc.edu/net-price-calculator/,19001,12076,12076,6393,7213,7411,8112,,medium,0.2703,0.2444,17000,35594,0.9923,,,,,,,35.118641,-90.034101,FLY,2500
220613,Lee University,Cleveland,TN,2,2617,www.leeuniversity.edu/,https://www.leeuniversity.edu/financial-aid/cost/,35688,23790,23790,12834,13845,17029,19699,24641,high,0.6259,0.5442,19500,43222,0.7052,540,630,500,600,20,27,35.166019,-84.871399,FLY,2500
220631,Lincoln Memorial University,Harrogate,TN,2,1572,www.lmunet.edu/,lmunet.clearcostcalculator.com/student/default/netpricecalculator/survey,41530,26938,26938,15644,18799,19993,25403,30464,critical,0.4966,0.4444,15337,49956,0.6259,510,610,490,600,18,24,36.578508,-83.660198,FLY,2500
220640,Tennessee College of Applied Technology-Livingston,Livingston,TN,1,340,www.tcatlivingston.edu/,https://tcatlivingston.edu/future-students/net-price-calculator,,,,12368,12996,12024,15871,,high,,,,33497,,,,,,,,36.39594,-85.317248,FLY,2500
220701,The University of Tennessee Southern,Pulaski,TN,1,864,https://www.utsouthern.edu/,https://utsouthern.edu/net-price-calculator/,24750,10924,10924,9335,12071,15343,17336,17135,high,0.369,0.2903,11175,38924,0.8671,435,555,470,555,18,24,35.201019,-87.035661,FLY,2500
220710,Maryville College,Maryville,TN,2,1005,www.maryvillecollege.edu/,www.maryvillecollege.edu/admissions/finaid/net-price-calculator/,54622,39284,39284,15094,16512,20758,20832,26769,critical,0.5,0.3689,15000,49279,0.6092,,,,,,,35.751505,-83.964223,FLY,2500
220853,Tennessee College of Applied Technology-Memphis,Memphis,TN,1,1391,www.tcatmemphis.edu/,www.tcatmemphis.edu/future-students/net-price-calculator,,,,14714,12613,15374,,,high,,,,31192,,,,,,,,35.150262,-90.039188,FLY,2500
220862,University of Memphis,Memphis,TN,1,12701,https://www.memphis.edu/,https://www.memphis.edu/financialaid/net_price_calculator,25169,10728,15384,10607,10968,13923,17384,18691,high,0.5089,0.4363,15809,48458,0.7203,480,600,435,580,18,24,35.118878,-89.938068,FLY,2500
220978,Middle Tennessee State University,Murfreesboro,TN,1,16301,www.mtsu.edu/,www.mtsu.edu/financialaid/npcalc/npcalc.htm,24289,10266,31574,9289,10273,13007,16935,19046,high,0.537,0.4765,14093,48541,0.6909,520,630,490,600,20,26,35.848005,-86.360618,FLY,2500
221050,Tennessee College of Applied Technology-Morristown,Morristown,TN,1,642,www.tcatmorristown.edu/,https://tcatmorristown.edu/sites/default/files/netprice_calc/index.html,,,,15449,16198,17052,16663,,critical,,,,38837,,,,,,,,36.204643,-83.299503,FLY,2500
221096,Motlow State Community College,Tullahoma,TN,1,3962,www.mscc.edu/,www.mscc.edu/financial/net-price-calculator/index.html,24326,4738,17722,15003,15026,17151,18151,17265,critical,,,3000,40397,,,,,,,,35.365903,-86.299184,FLY,2500
221102,Tennessee College of Applied Technology-Murfreesboro,Murfreesboro,TN,1,709,www.tcatmurfreesboro.edu/,https://tcatmurfreesboro.edu/future-students/net-price-calculator,,,,1020,2270,8579,,,low,,,,40869,,,,,,,,35.845661,-86.41026,FLY,2500
221184,Nashville State Community College,Nashville,TN,1,5653,https://www.nscc.edu/,https://www.nscc.edu/tuition-and-aid/tuition-and-fees.php,14385,4730,17714,6326,5974,7746,9688,12195,medium,,,6500,38519,,,,,,,,36.134857,-86.857342,FLY,2500
221236,Tennessee College of Applied Technology Northwest,Newbern,TN,1,717,https://www.tcatnorthwest.edu/,https://tcatnorthwest.edu/future-students/net-price-calculator,,,,9431,9680,9681,12712,,high,,,,38514,,,,,,,,36.120067,-89.257582,FLY,2500
221281,Tennessee College of Applied Technology-Henry/Carroll,Paris,TN,1,180,https://www.tcathenrycarroll.edu/,https://tcathenrycarroll.edu/future-students/net-price-calculator,,,,9312,10474,13779,11624,,high,,,,29074,,,,,,,,36.296408,-88.296432,FLY,2500
221333,Tennessee College of Applied Technology-Pulaski,Pulaski,TN,1,246,www.tcatpulaski.edu/,https://tcatpulaski.edu/future-students/net-price-calculator,,,,14653,13697,17361,18501,,high,,,,40368,,,,,,,,35.191308,-87.007818,FLY,2500
221351,Rhodes College,Memphis,TN,2,1836,www.rhodes.edu/,https://www.rhodes.edu/admission-aid/cost-affordability/net-price-calculator,71136,57110,57110,15770,19960,15910,37103,31878,critical,0.8453,0.8194,19349,66651,0.5035,650,733,650,753,26,32,35.154405,-89.990803,FLY,2500
221397,Roane State Community College,Harriman,TN,1,3250,www.roanestate.edu/,https://www.roanestate.edu/pages/fa/netpricecalculator/2025/index.html,13397,4998,18630,3444,3636,5220,7594,10354,medium,,,6426,39407,,,,,,,,35.880911,-84.620051,FLY,2500
221430,Tennessee College of Applied Technology Crump,Crump,TN,1,388,www.tcatcrump.edu/,www.tcatcrump.edu/future-students/net-price-calculator,,,,-1680,-907,910,,,low,,,,30796,,,,,,,,35.221452,-88.319153,FLY,2500
221485,Southwest Tennessee Community College,Memphis,TN,1,5047,www.southwest.tn.edu/,https://eas.southwest.tn.edu/request/netprice/20210514/index.html,12999,4778,17750,4286,4304,6567,6796,6815,medium,,,,34071,,,,,,,,35.161335,-89.86634,FLY,2500
221494,Tennessee College of Applied Technology-Shelbyville,Shelbyville,TN,1,412,www.tcatshelbyville.edu/,www.tcatshelbyville.edu/future-students/net-price-calculator,,,,7007,6866,8797,9326,,medium,,,,38700,,,,,,,,35.485655,-86.421097,FLY,2500
221519,The University of the South,Sewanee,TN,2,1607,www.sewanee.edu/,https://collegepricecalculator.com/sewanee,71986,56120,56120,10485,10704,17746,22563,38762,high,0.7979,0.7385,17750,64911,0.569,640,710,620,680,27,31,35.204719,-85.920179,FLY,2500
221582,Tennessee College of Applied Technology-Oneida-Huntsville,Huntsville,TN,1,171,https://tcatoneida.edu/,https://tcatoneida.edu/future-students/net-price-calculator,,,,15866,14737,15836,16720,,critical,,,,31949,,,,,,,,36.408177,-84.528273,FLY,2500
221591,Tennessee College of Applied Technology-Upper Cumberland,Crossville,TN,1,360,tcatuppercumberland.edu/,tcatuppercumberland.edu/future-students/net-price-calculator,,,,9184,11121,8326,16927,16751,high,,,,35551,,,,,,,,35.946609,-85.039137,FLY,2500
221607,Tennessee College of Applied Technology-McMinnville,McMinnville,TN,1,302,tcatmcminnville.edu/,https://tcatmcminnville.edu/future-students/net-price-calculator,,,,11520,9100,11716,15404,14495,high,,,,40322,,,,,,,,35.70137,-85.74531,FLY,2500
221616,Tennessee College of Applied Technology-Jackson,Jackson,TN,1,563,www.tcatjackson.edu/,tcatjackson.edu/future-students/net-price-calculator,,,,8439,8798,6469,11732,,high,,,,38383,,,,,,,,35.606795,-88.919805,FLY,2500
221625,Tennessee College of Applied Technology-Knoxville,Knoxville,TN,1,887,https://www.tcatknoxville.edu/,https://tcatknoxville.edu/future-students/net-price-calculator,,,,19783,20938,19426,22729,,critical,,,,37235,,,,,,,,35.957,-83.964151,FLY,2500
221643,Pellissippi State Community College,Knoxville,TN,1,6715,www.pstcc.edu/,https://nces.ed.gov/ipeds/netpricecalculator/#/,13431,4786,17770,4085,4194,6369,7966,9114,medium,,,5500,38440,,,,,,,,35.948303,-84.166504,FLY,2500
221661,Southern Adventist University,Collegedale,TN,2,2773,www.southern.edu/,www.southern.edu/undergrad/finances/cost-calculator.html#!#st,38618,27300,27300,19123,20421,22849,26679,30751,critical,0.4939,0.4,18000,53723,0.655,530,660,490,640,19,25,35.048254,-85.052088,FLY,2500
221731,Tennessee Wesleyan University,Athens,TN,2,846,www.tnwesleyan.edu/,https://www.tnwesleyan.edu/tuition-aid/true-cost-calculator/,39440,30814,30814,11609,11088,12647,16043,18980,high,0.4759,0.4023,14000,45989,0.6885,,,,,19,23,35.446331,-84.592728,FLY,2500
221740,The University of Tennessee-Chattanooga,Chattanooga,TN,1,10074,utc.edu/,utc.studentaidcalculator.com/survey.aspx,25489,10448,18512,9876,10919,13594,17374,19137,high,0.5024,0.4204,12000,51151,0.8109,513,620,500,590,20,26,35.047519,-85.300247,FLY,2500
221759,The University of Tennessee-Knoxville,Knoxville,TN,1,30418,www.utk.edu/,https://utk.clearcostcalculator.com/student/default/netpricecalculator/survey,33678,13812,33256,10029,12162,18206,23627,25688,high,0.7392,0.6472,16000,60249,0.416,600,680,600,690,25,31,35.952082,-83.925852,FLY,2500
221768,The University of Tennessee-Martin,Martin,TN,1,4866,https://www.utm.edu/,https://www.utm.edu/admissions-and-aid/financial-aid-and-scholarships/net-price-calculators.php,23079,10560,16600,7151,8961,11640,15343,15827,medium,0.5254,0.4598,12981,44213,0.882,500,610,470,600,19,25,36.340338,-88.864211,FLY,2500
221838,Tennessee State University,Nashville,TN,1,4848,www.tnstate.edu/,www.tnstate.edu/financial_aid/tuition_calculator.aspx,25637,8616,22416,15005,15840,15579,20624,20099,critical,0.3399,0.3373,17500,42730,0.7011,460,540,420,510,16,21,36.166321,-86.828275,FLY,2500
221847,Tennessee Technological University,Cookeville,TN,1,8698,www.tntech.edu/,https://www.tntech.edu/financialaid/cost/calculator.php,25663,11376,15576,9815,10445,13861,17245,18936,high,0.5767,0.4825,11000,48501,0.7613,528,650,520,660,20,27,36.174754,-85.504039,FLY,2500
221892,Trevecca Nazarene University,Nashville,TN,2,1737,https://www.trevecca.edu/,https://www.trevecca.edu/admissions/financial-aid/net-price-calculator,41548,31300,31300,14532,13643,15420,17779,20725,high,0.5315,0.4702,14750,49378,0.6944,510,610,470,625,18,24,36.141324,-86.754238,FLY,2500
221908,Northeast State Community College,Blountville,TN,1,4404,https://www.northeaststate.edu/,https://apps.northeaststate.edu/netpricecalc/,15793,4782,17766,6472,6380,7563,9573,5579,medium,,,3500,34553,,,,,,,,36.484961,-82.408885,FLY,2500
221953,Tusculum University,Greeneville,TN,2,785,https://www.tusculum.edu/,https://site.tusculum.edu/financial-aid/initial-cost/np-calculator/,43776,29250,29250,20766,15124,17519,22981,25563,critical,0.2545,0.3103,14250,44367,0.7217,,,,,,,36.172435,-82.760818,FLY,2500
221971,Union University,Jackson,TN,2,1607,www.uu.edu/,www.uu.edu/financialaid/undergraduate/npc/,58363,40025,40025,25839,26181,23891,27841,30373,critical,0.6596,0.525,16666,53990,0.6041,600,710,560,680,22,30,35.676896,-88.858524,FLY,2500
221999,Vanderbilt University,Nashville,TN,2,7208,www.vanderbilt.edu/,https://www.vanderbilt.edu/financialaid/net-price-calculator.php,89590,67498,67498,3414,1876,4498,12153,45145,medium,0.9354,0.8934,12913,91565,0.0586,730,770,770,800,34,35,36.14659,-86.803369,FLY,2500
222053,Volunteer State Community College,Gallatin,TN,1,5339,www.volstate.edu/,www.volstate.edu/FinancialAid/Cost.php,16401,4756,17740,6733,7441,8965,10880,13530,medium,,,4727,41150,,,,,,,,36.362518,-86.497127,FLY,2500
222062,Walters State Community College,Morristown,TN,1,3591,www.ws.edu/,www.ws.edu/cost-aid/consumer-information/npcalc/,14313,4752,17736,4826,5087,6453,7763,,medium,,,3277,37085,,,,,,,,36.213179,-83.262503,FLY,2500
222105,William R Moore College of Technology,Memphis,TN,2,366,www.mooretech.edu/,www.mooretech.edu/net-price-calculator,21985,9723,9723,15026,14155,13276,,,critical,,,,32194,,,,,,,,35.144855,-90.020138,FLY,2500
222178,Abilene Christian University,Abilene,TX,2,3195,www.acu.edu/,https://www.highered.texas.gov/apps/NPC/?Fice=003537,59256,44200,44200,20285,21150,23012,27576,31763,critical,0.5901,0.4502,14750,55736,0.6603,540,650,530,620,22,28,32.468943,-99.709797,FLY,2500
222567,Alvin Community College,Alvin,TX,1,3342,www.alvincollege.edu/,www.alvincollege.edu/financial-aid/netprice/npcalc.htm,16962,1906,4402,6718,7090,9812,13590,12887,medium,0.2397,0.2466,3500,45762,,,,,,,,29.396244,-95.240671,FLY,2500
222576,Amarillo College,Amarillo,TX,1,7399,https://www.actx.edu/,https://www.actx.edu/fin/net-price-calculator,10854,2136,4704,3856,4129,5556,6328,8143,medium,,,9500,41302,,,,,,,,35.187839,-101.846988,FLY,2500
222628,Amberton University,Garland,TX,2,114,www.amberton.edu/,helios.amberton.edu/index.html,,,,,,,,,,,,,,,,,,,,,32.859931,-96.65302,FLY,2500
222822,Angelina College,Lufkin,TX,1,2370,www.angelina.edu/,www.collegeforalltexans.com/apps/collegecosts.cfm?Type=1&Level=2,14848,3430,6490,7087,7716,8975,11459,,medium,,,,37301,,,,,,,,31.287444,-94.731625,FLY,2500
222831,Angelo State University,San Angelo,TX,1,5643,www.angelo.edu/,www.collegeforalltexans.com/apps/CollegeMoney/,23441,8460,18300,12008,12910,14787,17958,22368,high,0.4397,0.3917,12394,50116,0.8301,470,590,440,560,18,24,31.440914,-100.465051,FLY,2500
222877,Arlington Baptist University,Arlington,TX,2,284,https://abu.edu/,https://www.abu.edu/net-price-calculator,33424,20830,20830,21759,21518,26892,28642,25941,critical,0.1944,0.0455,9500,44644,,,,,,,,32.739489,-97.156024,FLY,2500
222983,Austin College,Sherman,TX,2,1165,www.austincollege.edu/,https://www.austincollege.edu/net-price-calculator,61607,48680,48680,16528,15687,18823,21608,28470,critical,0.6705,0.6043,17500,61296,0.4765,550,660,550,650,23,29,33.646345,-96.596331,FLY,2500
222992,Austin Community College District,Austin,TX,1,30189,www.austincc.edu/,https://apps.highered.texas.gov/index.cfm?page=1a0b23b6b5960748dfcd38f788922d7646e17b1a9204b5063fdc2830e9d90dc4&fice=012015,15190,2550,10590,3789,4388,7759,11356,14889,medium,0.202,0.1934,6126,43177,,,,,,,,30.326304,-97.713778,FLY,2500
223232,Baylor University,Waco,TX,2,14785,www.baylor.edu/,www.baylor.edu/sfs/netpricecalculator/npcalc.htm,74226,58100,58100,22024,21530,33902,38852,47895,critical,0.7999,0.705,19500,65793,0.5128,610,700,590,700,27,32,31.546872,-97.121041,FLY,2500
223320,Coastal Bend College,Beeville,TX,1,1958,www.coastalbend.edu/,https://www.coastalbend.edu/student_success_engagement/financial_aid/helpful_sites.html,12875,2916,5226,3175,3536,5120,9021,10015,medium,,,7445,35086,,,,,,,,28.435194,-97.755896,FLY,2500
223427,Blinn College District,Brenham,TX,1,15535,www.blinn.edu/,apps.highered.texas.gov/net-price-calculator/,15252,4890,11370,10883,7857,,,,high,,,5500,46318,,,,,,,,30.160457,-96.40852,FLY,2500
223463,Remington College-Dallas Campus,Dallas,TX,2,250,https://www.remingtoncollege.edu/locations/dallas-texas/,https://www.remingtoncollege.edu/net-price-calculator/,35534,15025,15025,29447,29834,31342,35117,,critical,,,9500,31349,,,,,,,,32.912073,-96.73302,FLY,2500
223506,Brazosport College,Lake Jackson,TX,1,2622,www.brazosport.edu/,apps.highered.texas.gov/net-price-calculator/,12167,2388,4711,4072,3950,5075,5912,10286,medium,0.562,0.48,4250,45910,,,,,,,,29.048604,-95.40934,FLY,2500
223816,Central Texas College,Killeen,TX,1,6247,https://www.ctcd.edu/,https://www.highered.texas.gov/student-financial-aid-programs/net-price-calculator/,13822,3750,7500,7714,11281,11567,12866,13581,high,,,5250,40995,,,,,,,,31.120516,-97.810827,FLY,2500
223898,Cisco College,Cisco,TX,1,1620,https://www.cisco.edu/,https://apps.highered.texas.gov/index.cfm?page=1a0b23b6b5960748dfcd38f788922d7646e17b1a9204b5063fdc2830e9d90dc4&fice=003553,17469,4710,7140,8287,9069,10586,13228,15838,high,,,6500,39092,,,,,,,,32.401132,-98.985206,FLY,2500
223922,Clarendon College,Clarendon,TX,1,1520,www.clarendoncollege.edu/,www.collegeforalltexans.com/apps/CollegeMoney/,14589,3720,5400,5755,6979,9780,12611,13166,medium,,,5500,38696,,,,,,,,34.944558,-100.902421,FLY,2500
224004,Concordia University Texas,Austin,TX,2,1185,https://www.concordia.edu/,https://tcc.ruffalonl.com/concordia university - texas/freshman-students,53020,23500,23500,18764,18394,22118,23977,32280,critical,0.446,0.3723,15134,60883,0.9125,,,,,,,30.420232,-97.835703,FLY,2500
224110,North Central Texas College,Gainesville,TX,1,5863,https://www.nctc.edu/,https://apps.highered.texas.gov/apps/NPC/?Fice=003558,10200,3600,5739,5439,5505,7059,8250,10096,medium,,,6020,45809,,,,,,,,33.6188,-97.1658,FLY,2500
224147,Texas A & M University-Corpus Christi,Corpus Christi,TX,1,8034,https://www.tamucc.edu/,https://apps.highered.texas.gov/index.cfm?page=1a0b23b6b5960748dfcd38f788922d7646e17b1a9204b5063fdc2830e9d90dc4&fice=011161,25210,9748,20794,11445,11961,14180,19479,23426,high,0.4015,0.3958,15273,51865,0.8858,500,610,470,583,19,25,27.713723,-97.32395,FLY,2500
224226,Dallas Baptist University,Dallas,TX,2,2403,https://www.dbu.edu/,https://www.dbu.edu/cashier/cost-of-attendance.html,52716,40190,40190,25326,25996,28024,28242,32273,critical,0.5701,0.4969,16000,56807,0.8884,490,620,470,593,20,26,32.710017,-96.947006,FLY,2500
224244,Dallas Christian College,Dallas,TX,2,224,www.dallas.edu/,www.dallas.edu/Financial-Services,34502,21730,21730,19302,21399,23716,29512,25148,critical,0.2857,0.1579,15000,43503,0.218,397,522,391,566,15,19,32.913692,-96.887117,FLY,2500
224271,Dallas Institute of Funeral Service,Dallas,TX,2,454,https://www.dallasinstitute.edu/,https://www.dallasinstitute.edu/admissions/net-price-calculator,27708,17640,17640,23399,25720,13310,,,critical,,,7664,45866,,,,,,,,32.771368,-96.683404,FLY,2500
224323,University of Dallas,Irving,TX,2,1403,https://udallas.edu/,https://udallas.edu/admissions/calculator/,68583,53930,53930,12711,15431,17075,20384,32608,high,0.7307,0.6729,18478,58285,0.5344,580,700,540,670,22,29,32.846221,-96.919512,FLY,2500
224350,Del Mar College,Corpus Christi,TX,1,9501,www.delmar.edu/,www.delmar.edu/becoming-a-viking/afford/index.html,12895,3440,6050,2541,2500,5823,7947,12845,medium,0.1109,0.1077,3500,38656,,,,,,,,27.763619,-97.40762,FLY,2500
224527,East Texas Baptist University,Marshall,TX,2,1352,https://www.etbu.edu/,https://intranet.etbu.edu/npc/,44211,30680,30680,20420,20417,20141,25297,28532,critical,0.4712,0.4096,15030,52788,0.5776,,,,,,,32.557847,-94.374488,FLY,2500
224545,Texas A&M University-Texarkana,Texarkana,TX,1,1982,www.tamut.edu/,www.collegeforalltexans.com/apps/CollegeMoney/,23778,8349,45080,11002,11494,14432,16871,18268,high,0.2957,0.2857,12500,45515,0.6354,,,,,,,33.490482,-94.103617,FLY,2500
224554,East Texas A&M University,Commerce,TX,1,9912,www.etamu.edu/,https://tcc.ruffalonl.com/east-texas-a-m-university/freshman-students,23438,10026,22326,9709,10346,12067,17230,20005,high,0.4281,0.3739,14250,50296,0.9224,480,580,430,570,18,24,33.242112,-95.904579,FLY,2500
224615,Dallas College,Dallas,TX,1,43869,www.dallascollege.edu/pages/default.aspx,www.dallascollege.edu/paying-for-college/cost-tuition/pages/tuition-calculator.aspx#in-county,9704,2730,6900,2120,2530,5023,7185,9504,low,0.3232,0.3406,5500,41714,,,,,,,,32.766319,-96.794036,FLY,2500
224642,El Paso Community College,El Paso,TX,1,24214,www.epcc.edu/,www.epcc.edu/Admissions/FinancialAid/how-awards-are-determined,13337,4080,6630,2509,2792,5298,7892,9353,medium,,,5231,35212,,,,,,,,31.773359,-106.373616,FLY,2500
224891,Frank Phillips College,Borger,TX,1,623,https://www.fpctx.edu/,https://apps.highered.texas.gov/apps/npc/?fice=003568,12877,3712,4882,7940,9179,7332,,,high,,,5500,37179,,,,,,,,35.657778,-101.406005,FLY,2500
224961,Galveston College,Galveston,TX,1,1528,https://www.gc.edu/,https://apps.highered.texas.gov/index.cfm?page=1a0b23b6b5960748dfcd38f788922d7646e17b1a9204b5063fdc2830e9d90dc4&fice=006662,15338,2726,6176,7225,8331,9418,11276,14542,medium,0.327,0.2892,7250,37233,,,,,,,,29.284735,-94.807686,FLY,2500
225070,Grayson College,Denison,TX,1,3075,grayson.edu/,https://grayson.edu/financialaid/net-price-calculator.html,14866,3052,6352,4513,5112,7682,11179,13518,medium,0.3994,0.3867,7500,40873,,,,,,,,33.70574,-96.633891,FLY,2500
225201,Hallmark University,San Antonio,TX,2,769,https://www.hallmark.edu/,https://hallmark.edu/net-price-calculator/npcalc2.html,,,,10662,12406,14719,15330,15606,high,0.6633,0.6651,18989,40183,0.5134,,,,,,,29.466862,-98.685754,FLY,2500
225247,Hardin-Simmons University,Abilene,TX,2,1283,https://www.hsutx.edu/,https://www.hsutx.edu/tuition-aid/affording-hsu/net-price-calculator/,45904,32960,32960,13822,15190,17248,18182,25639,high,0.4604,0.3786,13359,54771,0.9,510,600,500,590,19,26,32.476434,-99.73564,FLY,2500
225308,Trinity Valley Community College,Athens,TX,1,5655,www.tvcc.edu/,www.collegeforalltexans.com/apps/collegemoney/,14467,2640,5970,2338,3182,5186,9397,12640,low,0.2721,0.2359,6707,38567,,,,,,,,32.196596,-95.858513,FLY,2500
225371,Hill College,Hillsboro,TX,1,2253,https://www.hillcollege.edu/,https://www.hillcollege.edu/Admissions_Aid/FinancialAid/NetPriceCalc.html,13417,3570,3570,4906,5422,7237,10422,12864,medium,,,8088,39572,,,,,,,,32.010928,-97.088332,FLY,2500
225399,Houston Christian University,Houston,TX,2,2886,https://www.hc.edu/,https://www.hc.edu/estimator,50082,39430,39430,17933,18998,19803,24079,28640,critical,0.4912,0.4416,11000,55933,0.8444,500,600,490,590,17,24,29.693819,-95.515954,FLY,2500
225414,University of Houston-Clear Lake,Houston,TX,1,6078,www.uhcl.edu/,https://www.uhcl.edu/academics/online/costs,24622,7770,21114,7330,12470,19458,21296,21898,medium,0.5163,0.5,13548,59004,0.9052,490,580,480,570,20,25,29.582523,-95.098129,FLY,2500
225423,Houston City College,Houston,TX,1,40503,www.hccs.edu/,https://www.highered.texas.gov/student-financial-aid-programs/net-price-calculator/,12009,2040,5460,5722,4271,6534,8363,10123,medium,0.1653,0.1629,8752,39254,,,,,,,,29.742114,-95.377319,FLY,2500
225432,University of Houston-Downtown,Houston,TX,1,12555,www.uhd.edu/,www.uhd.edu/financial/cost/financial-cost-calculator.aspx,20749,7708,17548,9439,10048,11247,15488,19380,high,0.332,0.3528,13750,53551,0.8996,480,560,460,550,16,22,29.7661,-95.359338,FLY,2500
225502,Texas A&M University-Victoria,Victoria,TX,1,2513,www.tamuv.edu/,www.tamuv.edu/financial-aid/cost-of-attendance,21401,7149,16989,5317,5579,17553,20047,20285,medium,0.2638,0.2626,13565,54467,0.959,,,,,,,28.816248,-96.976334,FLY,2500
225511,University of Houston,Houston,TX,1,38380,https://www.uh.edu/,https://www.uh.edu/financial/net-price-calculator/,26185,9717,22547,10929,10220,12528,19197,23811,high,0.6456,0.6288,14000,62377,0.7392,590,670,570,670,23,29,29.720393,-95.343537,FLY,2500
225520,Howard College,Big Spring,TX,1,1611,https://www.howardcollege.edu/,www.collegeforalltexans.com/apps/CollegeMoney/,13858,2766,6716,4301,6056,7068,9934,12329,medium,,,6250,38382,,,,,,,,32.252292,-101.450104,FLY,2500
225548,Howard Payne University,Brownwood,TX,2,713,www.hputx.edu/,www.hputx.edu/campus-offices/financial-aid/net-price-calculator-external/,46766,34982,34982,24043,21423,25917,23412,24182,critical,0.2798,0.2167,11892,48376,0.6737,440,610,440,550,16,27,31.716467,-98.985204,FLY,2500
225575,Huston-Tillotson University,Austin,TX,2,1005,www.htu.edu/,htu.edu/npcalc.htm,25384,26709,26709,19219,19361,20487,22757,24418,critical,0.3394,0.4176,15999,42937,0.3909,430,590,370,570,16,28,30.264667,-97.721691,FLY,2500
225627,University of the Incarnate Word,San Antonio,TX,2,4440,https://www.uiw.edu/,https://www.uiw.edu/finaid/uiwnpc.html,48681,37090,37090,19260,19487,21950,25084,31539,critical,0.5098,0.464,21231,56733,0.9814,,,,,,,29.46708,-98.46583,FLY,2500
225876,Jacksonville College-Main Campus,Jacksonville,TX,2,157,jacksonvillecollege.edu/,www.collegeforalltexans.com/apps/collegemoney/,19359,8850,8850,5913,4358,9608,7122,,medium,,,3500,38885,,,,,,,,31.965846,-95.281311,FLY,2500
225885,Jarvis Christian University,Hawkins,TX,2,577,www.jarvis.edu/,www.collegeforalltexans.com/apps/CollegeMoney/,25185,11720,11720,11606,6276,5364,5540,14877,high,0.1519,0.1317,12000,32992,,,,,,,,32.587942,-95.181513,FLY,2500
226019,Kilgore College,Kilgore,TX,1,3215,https://www.kilgore.edu/,https://www.kilgore.edu/net-price-calculator/,14080,2160,5256,5364,,,,,medium,,,9500,37975,,,,,,,,32.377821,-94.871468,FLY,2500
226091,Lamar University,Beaumont,TX,1,8150,www.lamar.edu/,www.lamar.edu/financial-aid/cost-calculator.html,22254,8905,18745,7568,8261,8545,13689,16292,high,0.3732,0.3328,12500,49652,0.8641,480,580,450,560,18,25,30.042738,-94.072244,FLY,2500
226107,Lamar State College-Orange,Orange,TX,1,1391,https://www.lsco.edu/,https://apps.highered.texas.gov/apps/npc/?fice=023582,7264,3540,17280,384,2693,1836,4534,7264,low,,,8125,36587,,,,,,,,30.0922,-93.732235,FLY,2500
226116,Lamar State College-Port Arthur,Port Arthur,TX,1,1508,www.lamarpa.edu/,https://www.highered.texas.gov/apps/npc/?fice=023485,10754,1770,8070,1137,1554,3959,9110,9346,low,,,7125,37120,,,,,,,,29.880385,-93.925886,FLY,2500
226134,Laredo College,Laredo,TX,1,5818,https://www.laredo.edu/index.html,https://apps.highered.texas.gov/net-price-calculator/,11469,3300,5748,5457,5909,7551,8460,5912,medium,0.3045,0.3081,2334,33934,,,,,,,,27.506477,-99.520772,FLY,2500
226152,Texas A & M International University,Laredo,TX,1,6667,www.tamiu.edu/,https://apps.highered.texas.gov/apps/npc/?fice=009651,15558,7894,19454,3097,2745,3840,4982,10697,medium,0.4647,0.4799,11000,48386,0.4437,470,560,420,530,16,22,27.571172,-99.436043,FLY,2500
226204,Lee College,Baytown,TX,1,5116,www.lee.edu/,www.lee.edu/financialaid/,12107,2520,5190,7192,4434,6522,7954,8070,medium,,,5813,42178,,,,,,,,29.732505,-94.978184,FLY,2500
226231,LeTourneau University,Longview,TX,2,1468,www.letu.edu/,www.letu.edu/offices/administration-finance/financial-aid/cost-calculator.html#contentblock-1-1,51124,37160,37160,22785,21806,24777,28892,31854,critical,0.5858,0.5579,19000,57103,0.3801,500,660,490,670,21,30,32.46632,-94.726394,FLY,2500
226383,Lubbock Christian University,Lubbock,TX,2,1252,https://lcu.edu/,https://tcc.ruffalonl.com/lubbock christian university/freshman-students,41944,28540,28540,23018,21468,23767,24906,26305,critical,0.5136,0.2963,15750,53787,0.731,500,610,450,580,19,27,33.575973,-101.934426,FLY,2500
226408,College of the Mainland,Texas City,TX,1,3368,www.com.edu/,www.highered.texas.gov/apps/NPC/?Fice=007096,8357,2310,4140,1352,200,,,,low,0.3118,0.281,5156,39639,,,,,,,,29.39581,-94.999602,FLY,2500
226471,University of Mary Hardin-Baylor,Belton,TX,2,2759,https://go.umhb.edu/,https://go.umhb.edu/resources/financial-aid/resources,46874,32020,32020,22089,23064,23607,27343,33166,critical,0.4931,0.3746,15750,56132,0.9576,490,610,470,590,19,26,31.066793,-97.463471,FLY,2500
226578,McLennan Community College,Waco,TX,1,5668,www.mclennan.edu/,www.mclennan.edu/financial-aid/,12920,3660,5910,5053,4987,,4744,,medium,,,6136,39163,,,,,,,,31.58947,-97.171228,FLY,2500
226587,McMurry University,Abilene,TX,2,1176,https://mcm.edu/,https://mcm.edu/tuition-financial-aid-scholarships/,43778,32340,32340,15946,16181,18272,23285,27297,critical,0.4429,0.4248,19000,48779,0.5704,490,590,460,570,18,24,32.429776,-99.748682,FLY,2500
226675,Covenant School of Nursing and Allied Health,Lubbock,TX,2,360,https://covenanthealth.org/cson,https://www.providence.org/locations/covenant-health/school-of-nursing/net-price-calculator,,,,,,,,,,,,10399,78724,,,,,,,,33.5757,-101.937872,FLY,2500
226806,Midland College,Midland,TX,1,5542,www.midland.edu/,https://www.highered.texas.gov/student-financial-aid-programs/net-price-calculator/,12707,3180,6180,2774,4677,6972,7785,10846,medium,0.2315,0.2086,6300,43958,,,,,,,,32.029646,-102.106153,FLY,2500
226833,Midwestern State University,Wichita Falls,TX,1,4087,www.msutexas.edu/,www.msutexas.edu/finaid/net-price,22652,10580,12530,8856,9886,11445,15365,18988,high,0.4274,0.3459,13051,55747,0.9352,,,,,,,33.874809,-98.519386,FLY,2500
227146,Navarro College,Corsicana,TX,1,3781,www.navarrocollege.edu/,www.highered.texas.gov/apps/npc/?fice=003593,18757,3008,6578,14283,14501,15625,16868,18257,high,0.2257,0.2014,7926,38716,,,,,,,,32.076061,-96.498731,FLY,2500
227182,Lone Star College System,The Woodlands,TX,1,45188,www.lonestar.edu/,www.lonestar.edu/financial-aid.htm,15521,3330,9390,10657,11515,11128,13120,14572,high,0.2114,0.2135,5500,42466,,,,,,,,30.18737,-95.488103,FLY,2500
227216,University of North Texas,Denton,TX,1,34341,www.unt.edu/,https://www.highered.texas.gov/student-financial-aid-programs/net-price-calculator/,26243,11309,21149,12311,12668,14473,19576,22943,high,0.6071,0.5873,14000,57010,0.7223,500,630,480,600,19,27,33.211178,-97.148422,FLY,2500
227225,Northeast Texas Community College,Mount Pleasant,TX,1,1973,www.ntcc.edu/,www.highered.texas.gov/student-financial-aid-programs/net-price-calculator/,13564,2980,5620,5932,6123,7714,8888,11579,medium,,,9500,37870,,,,,,,,33.104931,-94.881855,FLY,2500
227304,Odessa College,Odessa,TX,1,4654,www.odessa.edu/,https://www.odessa.edu/enrollment-aid/financial-aid/calculating-cost.html,13086,2688,4926,5648,6001,8407,9864,10586,medium,0.3702,0.3825,6000,42026,,,,,,,,31.866812,-102.383477,FLY,2500
227331,Our Lady of the Lake University,San Antonio,TX,2,1066,https://www.ollusa.edu/,https://www.ollusa.edu/netpricecalculator,42865,32106,32106,16236,18595,17225,17118,19100,critical,0.4611,0.4217,17084,48675,,,,,,,,29.426194,-98.54365,FLY,2500
227368,The University of Texas Rio Grande Valley,Edinburg,TX,1,28666,www.utrgv.edu/,www.collegeforalltexans.com/apps/CollegeMoney/,16830,9987,19827,3785,3877,5665,7972,13782,medium,0.509,0.4988,9593,49620,0.9419,460,560,420,530,15,21,26.306759,-98.173567,FLY,2500
227377,Texas Southmost College,Brownsville,TX,1,3372,www.tsc.edu/,www.tsc.edu/student-resources/student-services/financial-aid/net-price-calculator/,10999,3148,4948,1696,3295,6051,10002,10999,low,,,6125,41900,,,,,,,,25.899628,-97.492241,FLY,2500
227386,Panola College,Carthage,TX,1,1388,www.panola.edu/,apps.highered.texas.gov/net-price-calculator/,13654,2352,5232,4916,4838,6855,6519,,medium,,,6000,36072,,,,,,,,32.156214,-94.356355,FLY,2500
227401,Paris Junior College,Paris,TX,1,2204,www.parisjc.edu/,apps.highered.texas.gov/net-price-calculator/,13626,2700,5700,7212,6232,8420,9679,11096,medium,,,4300,36515,,,,,,,,33.650929,-95.529177,FLY,2500
227429,Paul Quinn College,Dallas,TX,2,620,https://paulquinn.edu/,https://paulquinn.clearcostcalculator.com/student/default/netpricecalculator/survey,23587,13498,13498,11443,12053,13626,15230,18556,high,0.2687,0.2615,11090,29288,0.4028,,,,,,,32.678837,-96.755778,FLY,2500
227526,Prairie View A & M University,Prairie View,TX,1,8877,www.pvamu.edu/,https://www.pvamu.edu/faid/cost-of-attendance/#cost,26362,11299,26874,12120,13465,16024,17753,16376,high,0.432,0.3971,17500,45411,0.7931,450,550,410,530,16,21,30.092425,-95.989475,FLY,2500
227687,Ranger College,Ranger,TX,1,971,https://www.rangercollege.edu/#gsc.tab=0,https://www.rangercollege.edu/admissions/financial-aid/index.php#gsc.tab=0,15017,2766,9066,5459,5645,7622,9535,,medium,,,5792,35552,,,,,,,,32.456773,-98.685215,FLY,2500
227757,Rice University,Houston,TX,2,4776,https://www.rice.edu/,https://financialaid.rice.edu/cost-attendance/estimate-your-cost,79788,64144,64144,5827,563,3217,17755,48466,medium,0.9464,0.9333,9716,89718,0.08,740,770,770,800,34,35,29.717897,-95.402035,FLY,2500
227845,Saint Edward's University,Austin,TX,2,2493,https://www.stedwards.edu/,https://stedwards.studentaidcalculator.com/survey.aspx,66719,51384,51384,20799,20136,22944,26687,38389,critical,0.6259,0.6047,20000,58826,0.8142,500,630,470,610,22,28,30.229618,-97.754998,FLY,2500
227854,St Philip's College,San Antonio,TX,1,12914,www.alamo.edu/spc/,https://apps.highered.texas.gov/apps/npc?fice=003608,11985,3412,9952,3677,3747,5845,7926,11885,medium,0.2827,0.2652,7250,38224,,,,,,,,29.41508,-98.453285,FLY,2500
227863,University of St Thomas,Houston,TX,2,3220,https://www.stthom.edu/,https://tcc.ruffalonl.com/UniversityofStThomas/freshmanstudents?Aquifer_Source_URL=/FreshmanCalculator&PNF_Check=1,45672,34634,34634,18441,17453,17972,21543,26086,critical,0.6877,0.7088,12548,59224,0.8992,500,610,480,600,18,25,29.736438,-95.393102,FLY,2500
227881,Sam Houston State University,Huntsville,TX,1,17743,www.shsu.edu/,https://www.shsu.edu/cost-aid/cost-calculator,25505,9228,19068,12474,13389,15540,21366,24101,high,0.5476,0.5,16500,54211,0.9026,480,570,450,550,17,24,30.714738,-95.546205,FLY,2500
227924,San Antonio College,San Antonio,TX,1,16416,www.alamo.edu/sac,https://apps.highered.texas.gov/net-price-calculator/?fice=009163,12343,3412,9952,3842,4529,6248,7472,12343,medium,0.2551,0.2628,6500,39711,,,,,,,,29.44634,-98.497647,FLY,2500
227979,San Jacinto Community College,Pasadena,TX,1,22969,www.sanjac.edu/,https://sanjac.edu/admissions/paying-for-college/,21293,2490,6690,10868,11807,14027,15970,20279,high,0.3011,0.2934,5750,43062,,,,,,,,29.660032,-95.114677,FLY,2500
228042,Schreiner University,Kerrville,TX,2,1053,https://schreiner.edu/,https://schreiner.edu/admissions/financial-services/costs-calculators/net-price-calculator/,48004,39266,39266,17863,15987,18712,24002,27062,critical,0.4318,0.3671,13500,52228,0.882,,,,,,,30.031458,-99.130586,FLY,2500
228149,St. Mary's University,San Antonio,TX,2,1951,www.stmarytx.edu/,www.stmarytx.edu/admission/financial-aid/net-price-calculator/,47999,37434,37434,18352,21470,20553,22331,24649,critical,0.5893,0.5451,19500,56955,0.9776,465,665,435,645,15,27,29.453244,-98.562778,FLY,2500
228158,South Plains College,Levelland,TX,1,6005,www.southplainscollege.edu/,www.collegeforalltexans.com/apps/CollegeMoney/,13784,2731,5155,5394,5369,8721,12059,13314,medium,,,6724,41276,,,,,,,,33.575904,-102.365075,FLY,2500
228246,Southern Methodist University,Dallas,TX,2,7277,https://www.smu.edu/,https://www.smu.edu/enrollment-services/student-financial-services/cost-and-payment/net-price-calculator,85606,67040,67040,23544,20038,24152,33477,58213,critical,0.8427,0.7519,15311,78354,0.6335,670,740,670,750,30,34,32.843612,-96.783365,FLY,2500
228316,Southwest Texas College,Uvalde,TX,1,3306,https://www.swtxc.edu/,apps.highered.texas.gov/apps/npc/?fice=003614,13554,2646,6294,6668,7044,8976,11052,13554,medium,,,5750,35563,,,,,,,,29.219671,-99.741237,FLY,2500
228325,Nelson University,Waxahachie,TX,2,1479,www.nelson.edu/,https://connect.nelson.edu/register/?id=a906aa05-ca73-4dca-9db2-875d4df2305b,34504,25064,25064,17583,18396,21731,23883,25474,critical,0.4156,0.4474,14750,46238,0.8902,460,550,430,540,,,32.40443,-96.853492,FLY,2500
228343,Southwestern University,Georgetown,TX,2,1440,https://www.southwestern.edu/,https://www.southwestern.edu/scholarships-financial-aid/grants-loans/net-price-calculator/,67493,53813,53813,22478,19096,28175,30387,36332,critical,0.7279,0.6937,19500,56878,0.4305,580,670,550,630,26,30,30.634341,-97.665738,FLY,2500
228431,Stephen F Austin State University,Nacogdoches,TX,1,8728,https://www.sfasu.edu/,https://apps.highered.texas.gov/apps/npc/?fice=003624,25791,11128,23426,10318,11023,13100,17609,22959,high,0.5333,0.4728,17750,49634,0.9399,500,600,470,570,18,24,31.621056,-94.64908,FLY,2500
228459,Texas State University,San Marcos,TX,1,36177,https://www.txst.edu/,https://apps.highered.texas.gov/net-price-calculator/,28073,11450,22930,12715,13557,13804,20028,24713,high,0.5528,0.4926,14993,56906,0.8932,500,610,480,590,19,25,29.888885,-97.943029,FLY,2500
228468,Southwestern Adventist University,Keene,TX,2,570,www.swau.edu/,https://swau.edu/admissions-aid/determine-cost,35592,25380,25380,16725,21462,15441,27439,31475,critical,0.5234,0.4795,21500,52946,0.7836,465,610,445,590,17,25,32.397617,-97.32702,FLY,2500
228486,Southwestern Christian College,Terrell,TX,2,110,www.swcc.edu/,www.collegeforalltexans.com/apps/CollegeMoney/,21854,14638,14638,13140,17760,21219,20568,19039,high,0.0313,0,,32672,,,,,,,,32.735508,-96.285649,FLY,2500
228501,Sul Ross State University,Alpine,TX,1,1396,www.sulross.edu/,www.highered.texas.gov/apps/npc/?fice=003625,24529,7592,17672,11110,11722,11261,18596,20279,high,0.2994,0.3351,11000,41871,0.9871,470,550,460,560,15,24,30.363139,-103.651469,FLY,2500
228529,Tarleton State University,Stephenville,TX,1,12673,www.tarleton.edu/,www.shoppingsheet.com/Shopping/Landing/tarleton,24100,8302,18142,15574,16980,20396,23466,24076,critical,0.4821,0.4286,13989,53040,0.8955,500,590,480,570,19,24,32.217805,-98.219039,FLY,2500
228547,Tarrant County College District,Fort Worth,TX,1,42300,www.tccd.edu/,www.tccd.edu/services/paying-for-college/tuition-and-fees/cost-of-attendance/,11130,1863,8370,3334,3899,5406,7299,10749,medium,,,5500,42727,,,,,,,,32.757362,-97.337149,FLY,2500
228608,Temple College,Temple,TX,1,3178,www.templejc.edu/,www.highered.texas.gov/apps/npc/?fice=003627&_ga=2.101754689.1165086895.1660053287-1549694279.1658765013,14200,3000,7224,10262,10031,11563,11898,11571,high,,,7991,38678,,,,,,,,31.070715,-97.350471,FLY,2500
228644,The University of Texas Health Science Center at San Antonio,San Antonio,TX,1,930,www.uthscsa.edu/,https://students.uthscsa.edu/financialaid/,,,,,,,,,,,,15000,82206,,,,,,,,29.508107,-98.575655,FLY,2500
228653,The University of Texas Medical Branch at Galveston,Galveston,TX,1,545,https://www.utmb.edu/,https://www.utmb.edu/enrollmentservices/resources/studentaccounts/tuition-and-fee-sheets,,,,,,,,,,,,12678,92961,,,,,,,,29.310758,-94.775956,FLY,2500
228699,Texarkana College,Texarkana,TX,1,1502,https://www.texarkanacollege.edu/,https://www.texarkanacollege.edu/financial-aid/,15998,2476,5332,7996,7865,9907,13162,15660,high,,,9487,34647,,,,,,,,33.441868,-94.078,FLY,2500
228705,Texas A&M University-Kingsville,Kingsville,TX,1,4748,https://www.tamuk.edu/,https://apps.highered.texas.gov/net-price-calculator/,24060,9892,25746,10207,10960,12700,15325,19553,high,0.4187,0.3845,15873,51450,0.9092,510,550,480,560,,,27.525168,-97.882387,FLY,2500
228723,Texas A&M University-College Station,College Station,TX,1,59615,https://www.tamu.edu/,https://tuition.tamu.edu/,32696,13154,40124,12784,13317,17435,26520,30660,high,0.8391,0.7534,15000,72097,0.5743,580,690,570,710,25,31,30.618726,-96.336475,FLY,2500
228769,The University of Texas at Arlington,Arlington,TX,1,32294,https://www.uta.edu/,https://www.highered.texas.gov/institutional-resources-programs/net-price-calculator/,25261,11950,29582,11893,12003,12612,16371,24692,high,0.5402,0.5218,11791,63199,0.799,510,620,500,620,19,27,32.729718,-97.11296,FLY,2500
228778,The University of Texas at Austin,Austin,TX,1,42855,https://www.utexas.edu/,www.onestop.utexas.edu/managing-costs/cost-tuition-rates/cost-of-attendance/net-price-calculator/,31247,11688,44908,12553,14297,17207,24406,30082,high,0.889,0.8429,18909,75121,0.2664,630,740,620,770,27,33,30.282825,-97.738273,FLY,2500
228787,The University of Texas at Dallas,Richardson,TX,1,21751,www.utdallas.edu/,https://www.highered.texas.gov/student-financial-aid-programs/net-price-calculator/,29807,14644,40144,12814,13510,14030,19892,26596,high,0.7569,0.7195,13750,68227,0.6513,580,690,580,720,24,32,32.984673,-96.749702,FLY,2500
228796,The University of Texas at El Paso,El Paso,TX,1,21005,https://www.utep.edu/,https://apps.highered.texas.gov/apps/npc/?fice=003661,19836,9744,25502,7863,8136,10120,14093,18282,high,0.5017,0.4882,12573,50923,0.9992,450,550,410,530,17,22,31.77015,-106.504098,FLY,2500
228802,The University of Texas at Tyler,Tyler,TX,1,7440,https://www.uttyler.edu/,https://www.uttyler.edu/admissions-aid/tuition-financial-aid-fees/tuition-fees/cost-calculator.php,24505,9736,25494,10307,10456,12958,17475,22126,high,0.5413,0.5156,12500,57053,0.9402,510,610,500,590,20,26,32.315772,-95.254337,FLY,2500
228875,Texas Christian University,Fort Worth,TX,2,11026,https://www.tcu.edu/,https://financialaid.tcu.edu/cost/net-price-calculator.php,76604,61740,61740,17956,16980,17940,34990,53450,critical,0.8551,0.7833,19000,68424,0.4449,580,680,560,670,26,31,32.70961,-97.364758,FLY,2500
228884,Texas College,Tyler,TX,2,614,www.texascollege.edu/,https://www.nces.ed.gov/ipeds/netpricecalculator/,20339,10008,10008,9639,11342,12410,13598,16106,high,0.1375,0.1644,19500,33752,,,,,,,,32.37456,-95.312454,FLY,2500
228981,Texas Lutheran University,Seguin,TX,2,1304,www.tlu.edu/,www.tlu.edu/costs?rc=0,50002,36230,36230,20512,22843,24243,24555,28596,critical,0.5385,0.4014,14315,53863,0.9571,,,,,,,29.573261,-97.982669,FLY,2500
229018,The University of Texas Permian Basin,Odessa,TX,1,3911,https://www.utpb.edu/,https://www.utpb.edu/admissions-aid/cost-calculators,23886,9236,21504,11930,10491,12823,13294,17810,high,0.3967,0.3212,12285,56073,0.9489,470,570,440,560,17,23,31.889509,-102.329634,FLY,2500
229027,The University of Texas at San Antonio,San Antonio,TX,1,30580,www.utsa.edu/,https://future.utsa.edu/cost/,22352,9011,22051,7870,7847,9172,15446,20489,high,0.5264,0.5098,15000,57131,0.8679,510,620,490,600,19,25,29.583709,-98.620657,FLY,2500
229063,Texas Southern University,Houston,TX,1,6844,www.tsu.edu/,https://www.tsu.edu/admissions/financial-aid/college-costs.php,27052,9173,21473,16437,21115,21280,22698,21610,critical,0.2216,0.196,16250,38924,0.9691,420,520,380,480,15,19,29.721046,-95.361113,FLY,2500
229115,Texas Tech University,Lubbock,TX,1,32394,www.ttu.edu/,https://www.depts.ttu.edu/financialaid/calculator/,27443,11852,24451,12457,13851,17058,22073,24622,high,0.6869,0.6009,15250,62454,0.7265,550,640,540,640,23,28,33.583448,-101.874783,FLY,2500
229160,Texas Wesleyan University,Fort Worth,TX,2,1741,www.txwes.edu/,https://txwes.edu/admissions/financial-aid--scholarships/cost-of-college/net-price-calculator/,57451,39582,39582,21812,22876,25687,27699,31090,critical,0.3154,0.3099,13992,54053,0.6916,500,520,520,580,,,32.732962,-97.279613,FLY,2500
229179,Texas Woman's University,Denton,TX,1,8767,www.twu.edu/,www.collegeforalltexans.com/apps/CollegeMoney/,22234,8640,18480,9948,9894,11087,14094,19093,high,0.4906,0.4744,14000,56544,0.9612,,,,,,,33.226211,-97.127842,FLY,2500
229267,Trinity University,San Antonio,TX,2,2505,https://new.trinity.edu/,https://trinity.edu/directory/departments-offices/student-financial-services/tuition-fees,68224,53676,53676,10356,13260,14305,22134,34549,high,0.8397,0.8364,19500,71668,0.2592,680,750,660,750,31,34,29.462682,-98.48186,FLY,2500
229300,The University of Texas Health Science Center at Houston,Houston,TX,1,465,www.uth.edu/,www.uth.edu/,,,,,,,,,,,,12500,88757,,,,,,,,29.702873,-95.403183,FLY,2500
229337,Texas Tech University Health Sciences Center,Lubbock,TX,1,1482,https://www.ttuhsc.edu/,www.fiscal.ttuhsc.edu/studentbusserv/tuitionestimates.aspx,,,,,,,,,,,,11250,92348,,,,,,,,33.589284,-101.891915,FLY,2500
229355,Tyler Junior College,Tyler,TX,1,9087,https://tjc.edu/,https://tjc.edu/costcalc,16654,2400,4512,8425,9542,11659,14172,15517,high,0.2739,0.2476,6500,38140,,,,,,,,32.33601,-95.284122,FLY,2500
229504,Vernon College,Vernon,TX,1,2113,www.vernoncollege.edu/,www.collegeforalltexans.com/apps/CollegeMoney/,14564,3720,6120,4244,4501,7337,10738,11712,medium,,,7000,40464,,,,,,,,34.159298,-99.319094,FLY,2500
229540,Victoria College,Victoria,TX,1,2351,www.victoriacollege.edu/,www.victoriacollege.edu/explore/waystopay/financialaid/estimatedcosttoattendvc,10514,2976,5328,2144,4101,4165,5188,,low,,,7256,42382,,,,,,,,28.816446,-96.979226,FLY,2500
229780,Wayland Baptist University,Plainview,TX,2,2041,www.wbu.edu/,https://app.meadowfi.com/wbu,36323,23782,23782,20070,16344,19949,21542,25435,critical,0.1929,0.1382,15467,51838,0.5596,,,,,,,34.187677,-101.730042,FLY,2500
229799,Weatherford College,Weatherford,TX,1,5094,https://www.wc.edu/,https://wc.edu/current-students/financial/cost-of-attendance.php,15978,5250,10860,8463,7504,10171,13924,14717,high,0.3462,0.3345,6500,42397,,,,,,,,32.74133,-97.792629,FLY,2500
229814,West Texas A & M University,Canyon,TX,1,6917,https://www.wtamu.edu/,https://apps.wtamu.edu/calculator/,23482,9101,10996,16525,17218,19268,22454,23439,critical,0.5504,0.4201,12620,50741,0.9868,480,590,470,580,18,23,34.982789,-101.914736,FLY,2500
229832,Western Texas College,Snyder,TX,1,599,www.wtc.edu/,https://my.wtc.edu/ICS/Financial_Aid/Default_Page.jnz?portlet=Net_Price_Calculator,13335,3300,6150,2703,2800,4439,9015,,medium,,,5500,42508,,,,,,,,32.678458,-100.914945,FLY,2500
229841,Wharton County Junior College,Wharton,TX,1,4585,https://www.wcjc.edu/,https://apps.highered.texas.gov/net-price-calculator/,11463,3192,5904,1779,2267,5236,9365,10787,low,,,5500,44960,,,,,,,,29.3238,-96.085815,FLY,2500
229887,Wiley University,Marshall,TX,2,712,wileyc.edu/,https://npc.collegeboard.org/student/app/wileyc,19097,12500,12500,6137,6098,8776,12251,14097,medium,0.2424,0.2824,16833,33159,,,,,,,,32.537641,-94.376814,FLY,2500
230038,Brigham Young University,Provo,UT,2,32952,https://byu.edu/,https://enrollment.byu.edu/financialaid/net-price-calculator,22690,6688,6688,10444,10112,13062,16378,20542,high,0.8098,0.7471,8310,75790,0.6778,640,730,630,730,28,32,40.250851,-111.649281,FLY,2500
230047,Brigham Young University-Hawaii,Laie,HI,2,2889,www.byuh.edu/,financialaid.byuh.edu/net-price-calculator,25098,6630,6630,11623,21255,15993,17155,22582,high,0.5264,0.4483,5500,52064,0.4696,480,620,480,570,21,25,21.642074,-157.926586,FLY,2500
230171,Utah Tech University,Saint George,UT,1,8552,utahtech.edu/,https://utahtech.clearcostcalculator.com/student/default/netpricecalculator/survey,20763,6306,18246,13158,13214,15440,18715,20605,high,0.3839,0.3278,7191,44570,,,,,,,,37.102769,-113.565903,FLY,2500
230418,Ensign College,Salt Lake City,UT,2,7568,www.ensign.edu/,https://www.ensign.edu/net-price-calculator,14145,4004,4004,10436,10525,11481,12403,14145,high,0.4329,0.3077,3500,50630,,,,,,,,40.77113,-111.9002,FLY,2500
230597,Snow College,Ephraim,UT,1,3549,https://www.snow.edu/,https://www.collegeraptor.com/shopping/school/snow-college-ut--230597,12514,4338,14288,4672,2273,5202,7116,11788,medium,0.4582,0.4506,4500,41022,,,,,,,,39.360177,-111.58296,FLY,2500
230603,Southern Utah University,Cedar City,UT,1,9289,https://www.suu.edu/,https://suu.clearcostcalculator.com/student/default/netpricecalculator/survey,19416,6962,21192,6070,7235,9297,12487,14917,medium,0.6067,0.5515,7751,50296,0.8179,,,,,,,37.674617,-113.070146,FLY,2500
230728,Utah State University,Logan,UT,1,20272,https://www.usu.edu/,https://www.usu.edu/admissions/costs-and-aid/,21654,9228,24802,12057,12803,13521,16094,19169,high,0.5913,0.5297,9500,54022,0.9247,540,650,530,640,20,28,41.740748,-111.81391,FLY,2500
230737,Utah Valley University,Orem,UT,1,28453,www.uvu.edu/,www.uvu.edu/financialaid/docs/,14765,6507,18489,3904,4231,5664,8115,13297,medium,0.4511,0.3408,8899,55486,,,,,,,,40.281078,-111.716456,FLY,2500
230746,Salt Lake Community College,Salt Lake City,UT,1,18136,www.slcc.edu/,www.slcc.edu/financialaid/net-price-calculator.aspx,14417,4426,14244,8476,9048,10559,11589,13928,high,,,4408,47867,,,,,,,,40.671575,-111.942809,FLY,2500
230764,University of Utah,Salt Lake City,UT,1,27264,www.utah.edu/,financialaid.utah.edu/tuition-and-fees/cost-calculator.php,25557,9620,30860,13123,13424,14246,17663,21533,high,0.6505,0.5776,14000,67170,0.8598,600,690,590,690,22,29,40.762484,-111.846044,FLY,2500
230782,Weber State University,Ogden,UT,1,16360,https://www.weber.edu/,https://www.weber.edu/IR/NetPriceCalculator.html,16035,6557,17545,7796,8300,10157,12596,14300,high,0.462,0.3852,9666,56287,,,,,,,,41.192591,-111.944845,FLY,2500
230807,Westminster University,Salt Lake City,UT,2,823,www.westminsteru.edu/,www.westminsteru.edu/net-price-calculator,57616,43528,43528,22972,24138,21768,25316,30417,critical,0.6381,0.6063,18500,66215,0.6657,540,670,530,640,23,29,40.730779,-111.855757,FLY,2500
230816,Bennington College,Bennington,VT,2,780,https://www.bennington.edu/,https://www.bennington.edu/admissions/apply/financing-your-education/tuition-and-fees/net-price-calculator,87284,66262,66262,18480,18012,22336,25508,44625,critical,0.7121,0.6327,19250,38289,0.4453,703,750,588,653,30,32,42.919547,-73.237799,DRIVE,1500
230852,Champlain College,Burlington,VT,2,2752,https://www.champlain.edu/,https://champlain.clearcostcalculator.com/student/default/netpricecalculator/survey,65009,47850,47850,28885,26034,34164,33857,41438,critical,0.6523,0.5909,19500,58386,0.8292,620,700,600,680,26,29,44.473287,-73.202746,DRIVE,1500
230861,Community College of Vermont,Montpelier,VT,1,2841,www.ccv.edu/,https://admissions.ccv.edu/register/ccvnpc,21123,6920,13640,12373,12719,14430,18658,20373,high,,,5702,36234,,,,,,,,44.280811,-72.573774,DRIVE,1500
230959,Middlebury College,Middlebury,VT,2,2738,https://www.middlebury.edu/college/,https://npc.collegeboard.org/app/middlebury,85880,67600,67600,12723,8229,17510,18526,49824,high,0.914,0.8624,11522,76310,0.1075,720,760,725,790,33,35,44.009117,-73.176068,DRIVE,1500
230995,Norwich University,Northfield,VT,2,2428,www.norwich.edu/,https://home.norwich.edu/on/admissions-aid/financial-aid/cost-calculator,67357,49740,49740,15610,16164,17332,22046,27854,critical,0.6021,0.5185,17501,65575,0.7444,540,650,520,670,,,44.140237,-72.659783,DRIVE,1500
231059,Saint Michael's College,Colchester,VT,2,1092,www.smcvt.edu/,https://www.smcvt.edu/admission-aid/financial-aid/net-price-calculator/,69079,51450,51450,12825,9940,18384,26586,34539,high,0.7277,0.6598,21500,61317,0.8451,570,660,550,620,26,31,44.494558,-73.167069,DRIVE,1500
231165,Vermont State University,Randolph,VT,1,3590,vermontstate.edu/,https://vermontstate.edu/admission/financial-aid/,25988,11952,22296,14645,12998,16279,20668,24007,high,0.4722,0.4213,11000,50331,0.8167,,,,,,,43.939623,-72.604498,DRIVE,1500
231174,University of Vermont,Burlington,VT,1,11743,www.uvm.edu/,www.uvm.edu/studentfinancialservices/net_price_calculator,35649,19058,45502,11127,13373,14339,20926,25775,high,0.7859,0.7335,17500,62472,0.653,660,730,630,710,30,32,44.477325,-73.196646,DRIVE,1500
231420,Averett University,Danville,VA,2,1231,https://www.averett.edu/,https://www.averett.edu/financial-aid/netprice-calculator/,53460,38550,38550,23064,16990,19023,21959,28810,critical,0.4814,0.4286,16750,51516,0.5659,448,583,478,560,15,28,36.577287,-79.413203,DRIVE,1500
231536,Blue Ridge Community College,Weyers Cave,VA,1,2730,https://www.brcc.edu/,https://www.vawizard.org/wizard/financing-college,20788,5646,12084,12832,12959,14343,18114,20488,high,,,6500,42644,,,,,,,,38.279075,-78.937471,DRIVE,1500
231554,Bluefield University,Bluefield,VA,2,614,www.bluefield.edu/,www.bluefield.edu/bluefield-central/financial-aid/tuition-fees/net-price-calculator/,42539,26770,26770,25807,25454,25732,25374,25430,critical,0.1778,0.169,13000,48896,0.5931,,,,,,,37.244557,-81.246233,DRIVE,1500
231581,Bridgewater College,Bridgewater,VA,2,1400,https://www.bridgewater.edu/,https://www.bridgewater.edu/admissions-aid/tuition-and-financial-aid/tuition-and-costs/net-price-calculator/,58702,16090,16090,13283,12468,15046,20582,21448,high,0.5305,0.4837,17500,53453,0.9172,550,680,470,680,,,38.378484,-78.969007,DRIVE,1500
231624,William & Mary,Williamsburg,VA,1,7055,https://www.wm.edu/,https://npc.collegeboard.org/app/wm,43035,25914,51038,3106,881,5916,16803,34370,medium,0.8942,0.8491,15500,73490,0.3407,710,760,690,770,32,34,37.269489,-76.708214,DRIVE,1500
231651,Regent University,Virginia Beach,VA,2,4729,https://www.regent.edu/,https://www.regent.edu/tuition-aid/net-price-calculator/,32838,21650,21650,20064,19327,17806,19148,22588,critical,0.5692,0.5248,11000,44498,0.3812,530,650,460,600,19,26,36.801173,-76.194627,DRIVE,1500
231697,Central Virginia Community College,Lynchburg,VA,1,2249,www.centralvirginia.edu/,https://www.vawizard.org/wizard/npc,12829,5157,11595,5752,6256,8639,7982,12434,medium,,,5500,36627,,,,,,,,37.358809,-79.184238,DRIVE,1500
231712,Christopher Newport University,Newport News,VA,1,4365,https://cnu.edu/,https://cnu.edu/financialaid/calculator/npcalc.htm,33766,16828,31178,12461,12752,14163,22776,30584,high,0.7164,0.6414,19500,60509,0.8604,550,660,510,630,25,30,37.062495,-76.494364,DRIVE,1500
231785,Bryant & Stratton College-Virginia Beach,Virginia Beach,VA,2,1709,https://www.bryantstratton.edu/,https://www.bryantstratton.edu/financial-aid/net-price-calculator,23803,18489,18489,11808,20103,,13803,19060,high,0.2446,0.2211,9500,32568,,,,,,,,36.827826,-76.13819,DRIVE,1500
231873,Mountain Gateway Community College,Clifton Forge,VA,1,425,www.mgcc.edu/,https://www.vawizard.org/wizard/npc,12565,5022,11460,4393,4057,5590,7859,7152,medium,,,6500,34293,,,,,,,,37.812275,-79.852536,DRIVE,1500
231882,Danville Community College,Danville,VA,1,1306,https://www.danville.edu/,https://www.danville.edu/fees-and-expenses,14126,4992,11430,5343,6752,7687,10633,12898,medium,,,6100,31664,,,,,,,,36.565286,-79.408803,DRIVE,1500
232025,Emory & Henry University,Emory,VA,2,1078,www.emoryhenry.edu/,https://www.emoryhenry.edu/net-price-calculator/,52854,39000,39000,14246,14430,17622,19029,23418,high,0.5634,0.5175,18460,47385,0.8365,548,640,503,583,20,26,36.772857,-81.829142,DRIVE,1500
232043,Eastern Mennonite University,Harrisonburg,VA,2,754,https://emu.edu/,https://emu.edu/financial-aid/estimator,56756,43920,43920,22994,20333,20454,27570,29315,critical,0.67,0.4333,16750,54869,1,,,,,,,38.471134,-78.880326,DRIVE,1500
232052,Eastern Shore Community College,Melfa,VA,1,495,www.es.vccs.edu/,https://www.vawizard.org/vccs/FinAidAwardEstimator.action,10998,5082,11520,2054,1726,3793,,,low,,,,32418,,,,,,,,37.639652,-75.751129,DRIVE,1500
232089,Ferrum College,Ferrum,VA,2,699,www.ferrum.edu/,www.ferrum.edu/financial-aid/net-price-calculator/,54526,28520,28520,16940,16493,19967,22505,24346,critical,0.319,0.2964,14250,44296,0.8898,,,,,,,36.926431,-80.020614,DRIVE,1500
232186,George Mason University,Fairfax,VA,1,27752,https://www.gmu.edu/,https://gmu.studentaidcalculator.com/survey.aspx,28604,14220,38688,11942,12093,15224,19430,25894,high,0.6784,0.6422,15750,76343,0.8748,580,680,580,680,25,30,38.83195,-77.307063,DRIVE,1500
232195,Germanna Community College,Locust Grove,VA,1,5508,https://www.germanna.edu/,www.germanna.edu/paying-for-college/,12249,5257,11648,3816,4087,6227,8049,11757,medium,,,5500,39644,,,,,,,,38.375532,-77.78012,DRIVE,1500
232256,Hampden-Sydney College,Hampden-Sydney,VA,2,946,www.hsc.edu/,https://www.hsc.edu/admission-and-financial-aid/financial-aid/consumer-information/net-price-calculator,70325,54550,54550,13422,12458,17547,22600,32133,high,0.6217,0.5882,19500,67640,0.4092,520,640,510,610,23,28,37.240615,-78.464216,DRIVE,1500
232265,Hampton University,Hampton,VA,2,3727,www.hamptonu.edu/,www.hamptonu.edu/studentservices/financialaid,46027,30592,30592,32101,14207,14305,,31528,critical,0.5716,0.4856,19500,59159,0.6225,411,558,379,532,13,22,37.019944,-76.339161,DRIVE,1500
232308,Hollins University,Roanoke,VA,2,665,www.hollins.edu/,https://web1.hollins.edu/finaidcalc/fac/default.aspx,58698,43560,43560,17511,19304,20395,20721,26826,critical,0.6465,0.6061,22925,40075,0.6795,610,700,540,640,,,37.354201,-79.943277,DRIVE,1500
232414,J Sargeant Reynolds Community College,Richmond,VA,1,5586,www.reynolds.edu/,https://www.vawizard.org/wizard/financing-college,12428,5280,11718,3865,4649,5377,9249,12016,medium,,,8000,39529,,,,,,,,37.636837,-77.473918,DRIVE,1500
232423,James Madison University,Harrisonburg,VA,1,20888,www.jmu.edu/index.shtml,www.jmu.edu/financialaid/calculators/index.shtml,31735,14250,31604,11444,12977,16475,22343,30147,high,0.7972,0.7102,17272,69954,0.7152,600,680,570,660,24,29,38.436311,-78.870484,DRIVE,1500
232450,Brightpoint Community College,Chester,VA,1,5792,https://www.brightpoint.edu/,https://www.vawizard.org/wizard/npc,12196,5082,11520,4150,4803,6376,8764,11669,medium,,,5500,41223,,,,,,,,37.346254,-77.407919,DRIVE,1500
232557,Liberty University,Lynchburg,VA,2,50012,https://www.liberty.edu/,https://www.liberty.edu/student-financial-services/net-price-calculator/,42025,22465,22465,30667,27807,27347,27142,30545,critical,0.6533,0.533,15943,44813,0.9898,,,,,,,37.350232,-79.18222,DRIVE,1500
232566,Longwood University,Farmville,VA,1,3015,www.longwood.edu/,www.longwood.edu/fileshare/financialaid/npcalc.htm,34588,15744,27978,11896,12320,15544,19647,26747,high,0.6123,0.5115,19000,52347,0.9022,530,630,500,580,19,26,37.297975,-78.396987,DRIVE,1500
232575,Laurel Ridge Community College,Middletown,VA,1,3195,https://www.laurelridge.edu/,https://www.vawizard.org/wizard/npc,12110,5072,11510,4521,5614,6467,7386,10827,medium,,,5982,41000,,,,,,,,39.036001,-78.267336,DRIVE,1500
232609,University of Lynchburg,Lynchburg,VA,2,1577,www.lynchburg.edu/,https://tcc.ruffalonl.com/university of lynchburg/freshmen students,50067,36750,36750,20692,18303,18649,20707,25063,critical,0.5736,0.4912,22500,56380,0.4301,520,620,460,610,,,37.399774,-79.181653,DRIVE,1500
232618,Centra College,Lynchburg,VA,2,219,https://www.centrahealth.com/college,https://www.centrahealth.com/college/about-us/consumer-information,,12983,12983,,,,,,,1,1,12000,60122,1,,,,,,,37.4051,-79.174101,DRIVE,1500
232672,Mary Baldwin University,Staunton,VA,2,1090,https://www.marybaldwin.edu/,https://marybaldwin.edu/financial-aid/net-price-calculator/,45935,34152,34152,12717,9527,11537,14801,14806,high,0.393,0.3602,12250,44427,,,,,,,,38.153884,-79.069273,DRIVE,1500
232681,University of Mary Washington,Fredericksburg,VA,1,3566,https://www.umw.edu/,https://app.meadowfi.com/umw,31137,14640,27560,10304,11061,15477,26212,30986,high,0.6641,0.598,16250,60613,0.7978,610,710,560,660,27,31,38.302492,-77.476055,DRIVE,1500
232706,Marymount University,Arlington,VA,2,1810,https://www.marymount.edu/,https://marymount.clearcostcalculator.com/student/default/netpricecalculator/survey,57184,40920,40920,27413,27111,27718,31962,30618,critical,0.5351,0.4846,20000,67516,0.9316,,,,,,,38.905562,-77.128785,DRIVE,1500
232788,Mountain Empire Community College,Big Stone Gap,VA,1,1282,www.mecc.edu/,https://www.vawizard.org/wizard/npc,15605,5007,11445,8148,8064,10770,11741,,high,,,,32622,,,,,,,,36.854421,-82.758277,DRIVE,1500
232867,New River Community College,Dublin,VA,1,1965,www.nr.edu/,https://www.vawizard.org/wizard/npc,13864,4979,11417,4883,5363,7993,9931,12263,medium,,,5998,40025,,,,,,,,37.105239,-80.69605,DRIVE,1500
232885,Sentara College of Health Sciences,Chesapeake,VA,2,242,www.sentara.edu/,www.sentara.edu,,,,,,,,,,,,15694,77821,,,,,,,,36.777043,-76.243308,DRIVE,1500
232937,Norfolk State University,Norfolk,VA,1,5392,www.nsu.edu/,webapps.nsu.edu/financialaid/calculator.htm,26633,10180,21682,12804,13905,15507,17972,26175,high,0.385,0.3393,17277,44666,0.8777,430,520,393,510,16,22,36.848429,-76.261375,DRIVE,1500
232946,Northern Virginia Community College,Annandale,VA,1,33048,https://www.nvcc.edu/,https://www.vawizard.org/wizard/npc,17153,5891,12409,7463,8317,10762,13835,16630,medium,,,7000,53557,,,,,,,,38.833361,-77.236718,DRIVE,1500
232982,Old Dominion University,Norfolk,VA,1,17514,www.odu.edu/,www.odu.edu/finaidoffice/net-price-calculator,29446,12750,33780,9739,10114,13123,16940,23567,high,0.4632,0.3927,16300,54914,0.9036,570,650,530,630,24,29,36.886418,-76.30666,DRIVE,1500
233019,Patrick & Henry Community College,Martinsville,VA,1,1350,www.patrickhenry.edu/,https://www.vawizard.org/vccs/finaid.action,12043,5002,11440,3671,4008,4832,5820,10498,medium,,,,33323,,,,,,,,36.737893,-79.871133,DRIVE,1500
233037,Paul D Camp Community College,Franklin,VA,1,613,www.pdc.edu/,https://www.pdc.edu/attend/paying-for-college/net-price-calculator/,10577,5012,11450,2709,3072,5513,5336,8881,medium,,,5500,36031,,,,,,,,36.674527,-76.93757,DRIVE,1500
233082,Southside College of Health Sciences,Colonial Heights,VA,2,151,https://www.schs.edu/,www.schs.edu/schs-net-price-calculator,,,,,,,,,,,,12088,71380,,,,,,,,37.267704,-77.400278,DRIVE,1500
233116,Piedmont Virginia Community College,Charlottesville,VA,1,3045,www.pvcc.edu/,https://www.vawizard.org/wizard/npc,13297,5072,11510,5491,3785,7311,8076,12454,medium,,,5500,40752,,,,,,,,38.006895,-78.483707,DRIVE,1500
233277,Radford University,Radford,VA,1,6038,https://www.radford.edu/,https://www.radford.edu/net-price-calculator,28405,12548,25633,8965,8724,12069,17092,23533,high,0.4866,0.4118,17500,53739,0.8953,490,600,450,560,19,26,37.136907,-80.549728,DRIVE,1500
233295,Randolph-Macon College,Ashland,VA,2,1639,https://www.rmc.edu/,https://www.rmc.edu/admissions-and-aid/tuition-and-aid/cost-of-attendance/#net-price-calculator,63985,49466,49466,16601,20983,23357,26303,32226,critical,0.7048,0.6747,22500,58448,0.8661,500,630,480,590,21,27,37.76043,-77.478416,DRIVE,1500
233301,Randolph College,Lynchburg,VA,2,658,www.randolphcollege.edu/,www.randolphcollege.edu/financialaid/net-price-calculator/,45040,30310,30310,13048,13709,16290,18260,19590,high,0.4639,0.4638,17455,53409,0.9371,550,620,550,590,19,26,37.437315,-79.171887,DRIVE,1500
233310,Rappahannock Community College,Glenns,VA,1,1367,www.rappahannock.edu/,www.rappahannock.edu/pay-for-rcc/financial-aid/index.html,12333,5102,11540,2915,4568,5630,7760,,medium,,,,36121,,,,,,,,37.564425,-76.623913,DRIVE,1500
233338,Richard Bland College,South Prince George,VA,1,894,www.rbc.edu/,www.rbc.edu/admissions/costs-financial-aid/net-price-calculator/,24206,9090,14970,10245,10329,12279,16905,20790,high,,,5750,41452,0.8926,,,,,,,37.156972,-77.399932,DRIVE,1500
233356,Bon Secours Memorial College of Nursing,Richmond,VA,2,591,https://www.bsmcon.edu/,https://www.bsmcon.edu/net-price-calculator,,,,,,,,,,,,23933,77014,,,,,,,,37.646698,-77.433569,DRIVE,1500
233374,University of Richmond,University of Richmond,VA,2,2980,https://www.richmond.edu/,https://npc.collegeboard.org/app/richmond,80961,65230,65230,12808,6507,15553,22021,49892,high,0.852,0.8092,19000,76178,0.222,700,750,710,780,33,35,37.577393,-77.538806,DRIVE,1500
233408,Riverside College of Health Sciences,Newport News,VA,2,350,https://www.riversideonline.com/careers/college-of-health-careers,www.riversideonline.com/careers/college-of-health-careers/application-fees-and-financial-aid,27018,17250,17250,20744,,,,,critical,1,1,14250,66072,0.129,,,,,,,37.034972,-76.456164,DRIVE,1500
233426,Roanoke College,Salem,VA,2,1767,https://www.roanoke.edu/,https://admapp.roanoke.edu/netcalc,54283,38068,38068,15204,17410,18638,15902,30087,critical,0.6736,0.5824,22313,58047,0.8306,560,660,530,640,24,31,37.294861,-80.055467,DRIVE,1500
233541,Shenandoah University,Winchester,VA,2,2116,www.su.edu/,https://www.su.edu/financial-aid/net-cost-calculator/,51928,36950,36950,24356,26715,26635,30332,33591,critical,0.6682,0.5833,19500,58433,0.7695,,,,,,,39.167355,-78.157433,DRIVE,1500
233611,Southern Virginia University,Buena Vista,VA,2,936,https://svu.edu/,https://my.svu.edu/ics/icsfs/index.html?target=3875c843-72fe-41de-b9fc-1555b3798e36,34431,21280,21280,18957,19501,20630,23407,27108,critical,0.3347,0.2718,14250,50002,0.9642,,,,,,,37.740368,-79.35037,DRIVE,1500
233639,Southside Virginia Community College,Alberta,VA,1,1807,https://www.southside.edu/,www.vawizard.org/wizard/npc,14036,5007,11445,4751,5815,6773,7681,,medium,,,,32371,,,,,,,,36.839066,-77.917962,DRIVE,1500
233648,Southwest Virginia Community College,Cedar Bluff,VA,1,1651,https://sw.edu/,https://www.vawizard.org/wizard/npc,13775,5075,11513,5800,4430,7391,8107,7863,medium,,,,34221,,,,,,,,37.006196,-81.796682,DRIVE,1500
233718,Sweet Briar College,Sweet Briar,VA,2,443,www.sbc.edu/,https://tcc.ruffalonl.com/sweet briar college/freshman-students,43898,26160,26160,11734,12568,15247,20188,24710,high,0.5182,0.4839,21000,51943,0.7554,560,670,540,640,,,37.556725,-79.081014,DRIVE,1500
233754,Virginia Peninsula Community College,Hampton,VA,1,3941,https://www.vpcc.edu/,https://vawizard.org/wizard/npc,13576,5088,11526,5074,6028,8021,9841,13394,medium,,,7130,37996,,,,,,,,37.063821,-76.420046,DRIVE,1500
233772,Tidewater Community College,Norfolk,VA,1,12082,www.tcc.edu/,www.tcc.edu/paying-for-college/pay-tuition/,19788,5588,12296,10222,10613,12473,15804,18652,high,,,5810,38349,,,,,,,,36.85009,-76.291376,DRIVE,1500
233897,University of Virginia's College at Wise,Wise,VA,1,1101,https://www.uvawise.edu/,https://www.uvawise.edu/affordability/scholarships-aid/net-price-calculator,26593,11780,28010,8891,7668,7455,8813,16176,high,0.4706,0.4023,10695,45325,0.2854,520,580,425,540,18,22,36.970602,-82.559656,DRIVE,1500
233903,Virginia Highlands Community College,Abingdon,VA,1,1349,www.vhcc.edu/,https://www.vawizard.org/wizard/npc,12955,5022,11460,4927,5078,6189,7489,8843,medium,,,,32681,,,,,,,,36.698866,-82.001118,DRIVE,1500
233921,Virginia Polytechnic Institute and State University,Blacksburg,VA,1,30923,www.vt.edu/,https://tcc.ruffalonl.com/virginia polytechnic institute and state universit/freshman-students,36951,15948,37764,11689,11670,17894,25835,34201,high,0.8622,0.7924,19000,81698,0.5478,640,710,640,740,28,32,37.229012,-80.423675,DRIVE,1500
233949,Virginia Western Community College,Roanoke,VA,1,3898,https://www.virginiawestern.edu/,https://www.vawizard.org/wizard/npc,11768,5400,11838,4105,4770,5332,7206,10786,medium,,,7200,38787,,,,,,,,37.245029,-79.973011,DRIVE,1500
234030,Virginia Commonwealth University,Richmond,VA,1,20753,https://www.vcu.edu/,https://sfs.vcu.edu/tuition-and-fees/estimate-your-tuition-and-fees/,38954,16945,40109,17512,17777,20925,24691,32739,critical,0.6318,0.5918,17021,58128,0.9262,520,650,490,620,22,30,37.54962,-77.452697,DRIVE,1500
234076,University of Virginia-Main Campus,Charlottesville,VA,1,17597,https://www.virginia.edu/,https://npc.collegeboard.org/student/app/virginia,39926,21803,59512,8174,9696,13283,20822,35402,high,0.956,0.9197,15153,86863,0.1681,700,760,710,780,32,35,38.035665,-78.503428,DRIVE,1500
234085,Virginia Military Institute,Lexington,VA,1,1527,www.vmi.edu/,npc.collegeboard.org/student/app/vmi,34824,21046,52638,12697,9246,12162,13385,23434,high,0.7621,0.6418,19000,77369,0.7125,550,630,500,640,24,31,37.7896,-79.437067,DRIVE,1500
234137,Virginia University of Lynchburg,Lynchburg,VA,2,125,www.vul.edu/,www.vul.edu/netcalc/NetPriceCalc.htm,25328,11360,11360,19700,23224,24205,,,critical,0.3762,1,9859,28396,,,,,,,,37.395187,-79.151615,DRIVE,1500
234155,Virginia State University,Petersburg,VA,1,5074,www.vsu.edu/,npc.collegeboard.org/app/vsu,27661,10043,22650,13220,14758,19463,22223,25508,high,0.3944,0.3521,17500,45543,0.8863,440,550,400,520,14,20,37.234692,-77.419026,DRIVE,1500
234164,Virginia Union University,Richmond,VA,2,1203,www.vuu.edu/,https://www.vuu.edu/financial-aid/net-price-calculator,29075,17450,17450,11424,12372,14420,21362,18301,high,0.3415,0.328,22500,38275,0.9799,450,475,400,410,,,37.562405,-77.450903,DRIVE,1500
234173,Virginia Wesleyan University,Virginia Beach,VA,2,1256,https://www.vwu.edu/,https://tcc.ruffalonl.com/virginia wesleyan university/firstyearstudents,51255,37500,37500,14080,17108,15967,22603,24782,high,0.4164,0.2966,14000,50074,0.7287,,,,,,,36.868417,-76.18606,DRIVE,1500
234207,Washington and Lee University,Lexington,VA,2,1881,www.wlu.edu/,https://www.wlu.edu/admissions/financial-aid/estimate-your-aid/net-price-calculator,87000,68045,68045,-1777,75,4497,8162,40646,low,0.9388,0.9063,16617,94810,0.1397,710,760,720,780,33,34,37.788939,-79.443018,DRIVE,1500
234377,Wytheville Community College,Wytheville,VA,1,1255,www.wcc.vccs.edu/,https://www.vawizard.org/vccs/finaidcostcompare.action,12111,5007,11445,3647,4328,5405,8706,,medium,,,6000,34303,,,,,,,,36.95731,-81.071181,DRIVE,1500
234669,Bellevue College,Bellevue,WA,1,7364,https://bellevuecollege.edu/,https://bellevuecollege.edu/calculator/npcalc.htm,20309,4436,10502,9500,10049,13829,16815,19973,high,0.3578,0.3987,8282,56310,,,,,,,,47.584014,-122.150118,FLY,2500
234696,Bellingham Technical College,Bellingham,WA,1,1733,https://www.btc.edu/,https://www.btc.edu/NetPriceCalculator,16104,4431,5809,4587,6826,6510,6412,15444,medium,0.4167,0.3333,9500,49748,,,,,,,,48.766189,-122.51216,FLY,2500
234711,Big Bend Community College,Moses Lake,WA,1,1272,https://www.bigbend.edu/,https://www.bigbend.edu/student-center/net-price-calculator/,21661,5059,5619,10060,11464,14011,17076,19828,high,0.4151,0.3648,6832,43814,,,,,,,,47.183651,-119.325678,FLY,2500
234827,Central Washington University,Ellensburg,WA,1,7833,www.cwu.edu/,www.cwu.edu/_app/net-price-calc/,28816,9417,27526,11846,13942,16022,21682,26719,high,0.5361,0.45,13000,61580,0.9062,,,,,,,47.002687,-120.538368,FLY,2500
234845,Centralia College,Centralia,WA,1,1552,www.centralia.edu/,https://www.centralia.edu/funding/cost/net-price.html,19910,5266,5651,8471,9395,12021,13121,,high,0.4172,0.3953,,43140,,,,,,,,46.715017,-122.960591,FLY,2500
234915,City University of Seattle,Seattle,WA,2,1137,www.cityu.edu/,npc.collegeboard.org/app/cityu?iframe=false,,,,,,,,,,,,14091,69460,,,,,,,,47.617381,-122.344594,FLY,2500
234933,Clark College,Vancouver,WA,1,4945,https://www.clark.edu/,https://www.clark.edu/NetPriceCalculator/,19668,5233,11183,8773,10015,13291,16017,17813,high,0.3895,0.25,6666,42356,,,,,,,,45.636133,-122.651257,FLY,2500
234951,Clover Park Technical College,Lakewood,WA,1,2636,www.cptc.edu/,www.cptc.edu/calc,18882,6634,6634,8515,8235,11534,13166,16160,high,0.4275,0.3806,9063,41787,,,,,,,,47.176084,-122.497873,FLY,2500
234979,Columbia Basin College,Pasco,WA,1,4640,www.columbiabasin.edu/,https://apps.columbiabasin.edu/npcalc/,18261,6555,8668,7010,7642,9595,11019,17228,medium,0.333,0.2958,7506,46680,,,,,,,,46.25216,-119.12103,FLY,2500
235097,Eastern Washington University,Cheney,WA,1,6222,www.ewu.edu/,https://www.ewu.edu/apply/financial-aid-scholarships-office/calculator/,24478,8586,25959,9547,10204,12292,17596,22279,high,0.4349,0.3686,14053,57897,0.9075,,,,,,,47.490667,-117.583808,FLY,2500
235103,Edmonds College,Lynnwood,WA,1,3656,www.edmonds.edu/,https://www.edmonds.edu/admission-and-tuition/financial-aid-and-scholarships/financial-aid/netprice.html,20062,4810,10875,9133,9942,13101,15000,20062,high,0.2901,0.2911,7442,48144,,,,,,,,47.816376,-122.327598,FLY,2500
235149,Everett Community College,Everett,WA,1,4709,www.everettcc.edu/,www.everettcc.edu/students/financial/financial-aid/netprice-calculator/,20451,5032,11171,8798,10992,12436,12643,18514,high,0.3662,0.329,6148,45434,,,,,,,,48.006626,-122.204736,FLY,2500
235167,The Evergreen State College,Olympia,WA,1,2160,https://www.evergreen.edu/,https://www.evergreen.edu/admissions-and-aid/cost-attendance/net-price-calculator,28477,9264,31905,22079,22607,25723,27346,28477,critical,0.4074,0.4015,15000,45320,0.9637,540,663,495,590,23,29,47.07382,-122.977492,FLY,2500
235237,Pierce College District,Lakewood,WA,1,5313,www.pierce.ctc.edu/,www.pierce.ctc.edu/tuition-fees,18085,5418,5976,7816,9066,11592,14309,17249,high,0.3077,0.2864,8532,47532,,,,,,,,47.172082,-122.570935,FLY,2500
235316,Gonzaga University,Spokane,WA,2,5198,https://www.gonzaga.edu/,https://www.gonzaga.edu/admission/tuition-scholarships-aid/financial-aid/cost-of-attendance,73178,55480,55480,20833,23112,25106,33949,42668,critical,0.8629,0.8066,20500,78892,0.8169,600,700,590,680,27,31,47.666531,-117.400625,FLY,2500
235334,Grays Harbor College,Aberdeen,WA,1,1010,www.ghc.edu/,https://apps.ghc.edu/npc/,15708,5593,12553,2988,2129,6781,8318,15073,medium,0.3947,0.3333,7665,40865,,,,,,,,46.953881,-123.803068,FLY,2500
235343,Green River College,Auburn,WA,1,4965,https://www.greenriver.edu/,https://grcc.greenriver.edu/netprice/,22040,4711,5263,11415,12433,14756,18681,21533,high,0.3877,0.3268,7125,50712,,,,,,,,47.313648,-122.175819,FLY,2500
235422,Heritage University,Toppenish,WA,2,812,www.heritage.edu/,www.heritage.edu/net-price-calculator.htm,31209,20928,20928,15114,12383,14119,17053,20749,critical,0.5368,0.4571,11925,49416,,,,,,,,46.3748,-120.394972,FLY,2500
235431,Highline College,Des Moines,WA,1,3838,www.highline.edu/,https://documents.highline.edu/financialaid/net-price-calc/,18812,4772,5332,8984,9689,11209,11455,12378,high,0.3546,0.2909,6113,47869,,,,,,,,47.388231,-122.303064,FLY,2500
235671,Bates Technical College,Tacoma,WA,1,1813,https://www.batestech.edu/,https://www.batestech.edu/net-price-calculator/,18837,6027,12165,4403,7013,7371,12978,17404,medium,0.4337,0.525,5563,50051,,,,,,,,47.251743,-122.44683,FLY,2500
235699,Lake Washington Institute of Technology,Kirkland,WA,1,2406,https://www.lwtech.edu/,https://www.lwtech.edu/admissions/financial-aid/cost-of-attendance,16339,5997,12062,5255,7088,9784,4592,16339,medium,0.3701,0.25,10356,50669,,,,,,,,47.705077,-122.167131,FLY,2500
235750,Lower Columbia College,Longview,WA,1,1932,https://lowercolumbia.edu/,https://services4.lowercolumbia.edu/info/webResources2/NetPrice/npcalc.html,16169,4626,6003,6078,7069,9483,10482,14192,medium,0.2338,0.1667,6487,40691,,,,,,,,46.14214,-122.935928,FLY,2500
236072,North Seattle College,Seattle,WA,1,3074,northseattle.edu/,https://northseattle.edu/financial-aid/net-price-calculator,18943,5238,5796,9241,9989,13514,13526,18943,high,0.3277,0.2203,7000,47728,,,,,,,,47.698408,-122.333584,FLY,2500
236133,Northwest University,Kirkland,WA,2,645,www.northwestu.edu/,www.northwestu.edu/financial-aid/net-price-calculator,50501,36035,36035,17996,14384,17840,22644,28570,critical,0.7078,0.6522,15000,54914,0.832,540,700,500,650,,,47.657945,-122.192763,FLY,2500
236188,Olympic College,Bremerton,WA,1,3826,www.olympic.edu/,https://apps.olympic.edu/finaid/npcalc.htm,15585,4197,9740,4214,5852,8923,9468,13478,medium,0.3103,0.1782,8000,43169,,,,,,,,47.574769,-122.635113,FLY,2500
236212,Perry Technical Institute,Yakima,WA,2,1072,www.perrytech.edu/,www.perrytech.edu/about/disclosures/netprice/,,,,18011,18591,19444,23073,27818,critical,,,13364,57764,,,,,,,,46.571492,-120.537976,FLY,2500
236230,Pacific Lutheran University,Tacoma,WA,2,2401,www.plu.edu/,www.plu.edu/financial-aid/HEOA-Required-Consumer-Information/net-price-calculator.php,62459,52254,52254,13609,12948,15756,22535,26915,high,0.6857,0.6239,17074,66990,0.7802,540,660,500,600,22,28,47.14516,-122.440421,FLY,2500
236258,Peninsula College,Port Angeles,WA,1,1263,www.pencol.edu/,https://pencol.edu/financial-aid-office/net-price-calculator,18514,4718,5270,8721,8339,9681,11193,16510,high,0.3688,0.3205,9000,37078,,,,,,,,48.101295,-123.412865,FLY,2500
236328,University of Puget Sound,Tacoma,WA,2,1594,https://www.pugetsound.edu/,https://collegepricecalculator.com/UniversityofPugetSound,78378,62898,62898,23643,23133,31649,34870,45456,critical,0.6799,0.6667,19250,69594,0.7225,610,710,560,670,27,31,47.26308,-122.478982,FLY,2500
236382,Renton Technical College,Renton,WA,1,1783,www.rtc.edu/,https://rtc.edu/paying-for-college/financial-aid/net-price-calculator.php,17585,6308,7369,7034,8137,9790,13861,16335,medium,0.4586,0.4186,6993,49782,,,,,,,,47.489206,-122.176303,FLY,2500
236452,Saint Martin's University,Lacey,WA,2,1158,https://www.stmartin.edu/,https://app.meadowfi.com/stmartin,62449,45510,45510,22810,24499,24997,30232,33354,critical,0.519,0.383,15625,62092,0.898,510,610,515,620,16,20,47.041068,-122.816354,FLY,2500
236504,South Seattle College,Seattle,WA,1,1616,southseattle.edu/,https://southseattle.edu/financial-aid/net-price-calculator,15385,5238,5796,5744,4758,7276,7409,10615,medium,0.3142,0.2842,5478,44486,,,,,,,,47.5475,-122.352672,FLY,2500
236513,Seattle Central College,Seattle,WA,1,3953,seattlecentral.edu/,https://seattlecentral.edu/enrollment-and-funding/financial-aid-and-funding/financial-aid/net-price-calculator,17889,5184,5745,7883,8893,10422,11555,16989,high,0.3155,0.321,8943,43307,,,,,,,,47.616748,-122.321231,FLY,2500
236577,Seattle Pacific University,Seattle,WA,2,1762,https://spu.edu/,https://spu.edu/undergraduate-admissions/scholarships-financial-aid/net-price-calculator,56826,40407,40407,20735,18559,19332,27976,29819,critical,0.6195,0.5803,16946,64506,0.834,,,,,,,47.650214,-122.361667,FLY,2500
236595,Seattle University,Seattle,WA,2,4062,www.seattleu.edu/,www.seattleu.edu/undergraduate-admissions/finances/calculator/,72124,56721,56721,22896,24523,26977,36967,42737,critical,0.7551,0.7,16658,75272,0.7692,620,710,580,720,23,30,47.608859,-122.318851,FLY,2500
236610,Shoreline College,Shoreline,WA,1,3046,www.shoreline.edu/,www.shoreline.edu/netprice/net price calculator.htm,16671,5115,7905,7390,7997,10321,12323,16328,medium,0.2867,0.1619,7123,52009,,,,,,,,47.747402,-122.358626,FLY,2500
236638,Skagit Valley College,Mount Vernon,WA,1,2477,www.skagit.edu/,www.skagit.edu/netpricecalculator/,14866,5400,7500,4337,5476,7109,7773,14102,medium,0.3612,0.3455,8798,43505,,,,,,,,48.437194,-122.30894,FLY,2500
236656,South Puget Sound Community College,Olympia,WA,1,3075,www.spscc.edu/,spscc.edu/extra/netprice/,17888,5252,5813,7757,8765,9655,11781,16766,high,0.437,0.3059,6334,45039,,,,,,,,47.023698,-122.929578,FLY,2500
236692,Spokane Community College,Spokane,WA,1,4533,https://scc.spokane.edu/,https://scc.spokane.edu/How-to-Pay-for-College/How-Much-Does-it-Cost,13839,5461,6612,4012,4327,5928,10391,12950,medium,0.3333,0.2936,8625,41984,,,,,,,,47.674034,-117.360065,FLY,2500
236708,Spokane Falls Community College,Spokane,WA,1,3199,https://sfcc.spokane.edu/,https://sfcc.spokane.edu/How-to-Pay-for-College/How-Much-Does-it-Cost,15685,5461,6612,4477,7473,8274,13377,14825,medium,0.3204,0.2799,7645,38955,,,,,,,,47.676741,-117.463538,FLY,2500
236753,Tacoma Community College,Tacoma,WA,1,4668,https://www.tacomacc.edu/,https://www.tacomacc.edu/about/policies/net-price-calculator.html,16766,5507,11646,7112,7691,8108,12371,16093,medium,0.3154,0.2711,7718,47168,,,,,,,,47.244622,-122.524793,FLY,2500
236887,Walla Walla Community College,Walla Walla,WA,1,2418,https://www.wwcc.edu/,https://www.wwcc.edu/paying-for-college/tuition-and-fees/net-price-calculator/,19268,5279,6700,8224,8825,9301,12419,17566,high,0.3822,0.3558,9500,43526,,,,,,,,46.078557,-118.276505,FLY,2500
236896,Walla Walla University,College Place,WA,2,1252,https://www.wallawalla.edu/,https://npc.wallawalla.edu/,45903,34227,34227,18675,20079,20776,24081,28760,critical,0.599,0.4597,19306,61885,,,,,,,,46.048088,-118.389555,FLY,2500
236939,Washington State University,Pullman,WA,1,21099,https://wsu.edu/,https://financialaid.wsu.edu/price-calculator/,27648,13391,29950,7074,8971,11519,18426,24726,medium,0.605,0.5137,14853,68905,0.8664,,,,,,,46.730448,-117.158168,FLY,2500
236948,University of Washington-Seattle Campus,Seattle,WA,1,31942,https://www.washington.edu/,https://www.washington.edu/financialaid/getting-started/net-price-calculator/,32446,12973,43209,6384,7039,8110,14328,30019,medium,0.8518,0.8031,12375,78466,0.3915,,,,,,,47.65538,-122.30514,FLY,2500
236975,Wenatchee Valley College,Wenatchee,WA,1,1759,www.wvc.edu/,www.wvc.edu/apply/pay/financial-aid/financial-aid-calculator.html,20827,5267,5636,7094,10336,10806,12534,18726,medium,0.433,0.407,7046,41127,,,,,,,,47.431234,-120.337198,FLY,2500
237011,Western Washington University,Bellingham,WA,1,13544,wwu.edu/,tcc.ruffalonl.com/Western Washington University/Freshman-Students,30359,9582,28707,12915,14147,17539,24301,27984,high,0.6464,0.5655,13500,62569,0.9325,590,710,560,680,24,31,48.737812,-122.485734,FLY,2500
237039,Whatcom Community College,Bellingham,WA,1,2378,whatcom.edu/,mywcc.whatcom.edu/NetPriceCalc/npcalc.htm,19672,5115,11037,9814,10010,12411,17032,19441,high,0.3639,0.371,8000,44092,,,,,,,,48.7939,-122.493253,FLY,2500
237057,Whitman College,Walla Walla,WA,2,1531,www.whitman.edu/,https://www.whitman.edu/admission-and-aid/financial-aid-and-costs/net-price-calculator,78092,64050,64050,13567,11596,21915,27237,47679,high,0.8052,0.7556,12000,67589,0.3815,670,740,640,740,29,33,46.069815,-118.331546,FLY,2500
237066,Whitworth University,Spokane,WA,2,1858,www.whitworth.edu/,https://publicforms.whitworth.edu/financial-aid/net-price-calculator/firstyear,68516,52880,52880,16788,18242,20358,26525,34641,critical,0.7089,0.6398,18000,58561,0.8978,550,670,540,660,21,29,47.753358,-117.416714,FLY,2500
237109,Yakima Valley College,Yakima,WA,1,2770,https://www.yvcc.edu/,https://www.yvcc.edu/financial-aid/net-price-calculator/?highlight=net price calculator,21199,5312,5873,10543,10955,13029,14851,20259,high,0.2927,0.2389,8834,43499,,,,,,,,46.586098,-120.528525,FLY,2500
237136,Appalachian Bible College,Mount Hope,WV,2,193,https://abc.edu/,https://abc.edu/undergraduate/costs-and-aid/financial-aid/npc/,31423,18760,18760,8772,10235,12717,12721,15143,high,0.7105,0.6667,6767,37467,0.7778,470,583,408,523,21,23,37.853335,-81.198867,DRIVE,1500
237181,Bethany College,Bethany,WV,2,614,www.bethanywv.edu/,www.bethanywv.edu/admissions-aid/cost-of-attendance/net-price-calculator/,50758,36765,36765,14315,15239,17641,22434,27214,high,0.4682,0.3908,23750,44512,0.5879,,,,,,,40.205819,-80.560056,DRIVE,1500
237215,Bluefield State University,Bluefield,WV,1,1042,https://bluefieldstate.edu/,https://bluefieldstate.clearcostcalculator.com/student/default/netpricecalculator/survey,21839,10648,18376,11810,10703,14630,17058,16242,high,0.37,0.2453,12038,38217,0.9723,440,540,430,540,17,22,37.265732,-81.239037,DRIVE,1500
237312,University of Charleston,Charleston,WV,2,2259,www.ucwv.edu/,https://www.ucwv.edu/admissions/financial-aid/net-price-calculator/,46470,33800,33800,21427,25331,16945,20215,23795,critical,0.4555,0.3497,12666,55774,0.6152,,,,,,,38.333367,-81.616244,DRIVE,1500
237330,Concord University,Athens,WV,1,1504,https://www.concord.edu/,https://concord.studentaidcalculator.com/survey.aspx,20434,10664,22000,8021,6930,10438,13336,15472,high,0.3897,0.2644,11250,42703,0.9256,440,560,390,530,17,24,37.423723,-81.006696,DRIVE,1500
237358,Davis & Elkins College,Elkins,WV,2,661,www.dewv.edu/,www.dewv.edu/admissions/afford/financial-aid/calculator/,44888,31820,31820,15999,17005,15690,19465,22496,critical,0.3929,0.3679,17057,43411,0.9433,,,,,,,38.931232,-79.846022,DRIVE,1500
237367,Fairmont State University,Fairmont,WV,1,2590,https://www.fairmontstate.edu/,https://fairmontstate.studentaidcalculator.com/survey.aspx,20018,8708,18924,8434,8679,10505,11184,6945,high,0.4425,0.3367,12500,46857,0.9862,450,560,360,510,17,23,39.483079,-80.162433,DRIVE,1500
237385,Glenville State University,Glenville,WV,1,1096,www.glenville.edu/,https://glenville.clearcostcalculator.com/student/default/netpricecalculator/survey,23591,9578,11354,10884,13210,14878,16498,16985,high,0.3392,0.2843,11123,39315,,,,,,,,38.93547,-80.834295,DRIVE,1500
237437,Ameritas College,Huntington,WV,2,181,www.ameritas.edu/,https://ameritas.edu/admissions-and-financial-aid/tuition-fees/net-price-calculator/,17951,10050,10050,9503,7016,12706,,,high,,,17321,21783,,,,,,,,38.419732,-82.443234,DRIVE,1500
237525,Marshall University,Huntington,WV,1,7266,https://www.marshall.edu/,https://marshall.studentaidcalculator.com/survey.aspx,22022,9162,20342,4648,4430,6837,11227,15076,medium,0.5123,0.4378,16750,46354,0.9573,480,590,430,560,19,24,38.422482,-82.428964,DRIVE,1500
237543,Mercer County Technical Education Center,Princeton,WV,1,120,https://mercercountyschools.sites.thrillshare.com/o/mctec,https://mcboe.us/calc/,,,,1623,3428,,,,low,,,,33511,,,,,,,,37.360024,-81.104647,DRIVE,1500
237686,West Virginia University at Parkersburg,Parkersburg,WV,1,1868,www.wvup.edu/,https://wvup.studentaidcalculator.com/survey.aspx,9420,4612,9124,723,50,1589,5407,7562,low,0.0909,0.0546,8250,35171,,,,,,,,39.216379,-81.506192,DRIVE,1500
237701,Potomac State College of West Virginia University,Keyser,WV,1,853,www.potomacstatecollege.edu/,financialaid.wvu.edu/home/estimate-costs-aid/net-price-calculator,17619,5280,13200,7375,7807,10500,12833,12945,medium,0.3096,0.2712,15500,55939,,,,,,,,39.438323,-78.981441,DRIVE,1500
237792,Shepherd University,Shepherdstown,WV,1,2344,www.shepherd.edu/,https://shepherd.clearcostcalculator.com/student/default/netpricecalculator/survey,19601,9056,19082,7906,7753,10107,14000,15866,high,0.5103,0.3991,14297,49358,0.9678,468,600,410,540,19,24,39.433071,-77.804101,DRIVE,1500
237817,Southern West Virginia Community and Technical College,Logan,WV,1,1064,https://www.southernwv.edu/,https://southernwv.studentaidcalculator.com/survey.aspx,18725,5136,7872,9480,10437,11793,13704,15027,high,,,5750,32153,,,,,,,,37.851756,-82.023014,DRIVE,1500
237844,Fred W Eberle Technical Center,Buckhannon,WV,1,109,fetc.edu/,fetc.edu/?q=netpricecalc,,,,1959,2749,4074,,,low,,,,43364,,,,,,,,39.001908,-80.225278,DRIVE,1500
237899,West Virginia State University,Institute,WV,1,1321,www.wvstateu.edu/,https://wvstateu.studentaidcalculator.com/survey.aspx,19772,9570,14990,9457,10225,10703,13798,17355,high,0.3918,0.3457,15250,40492,0.9596,410,550,350,490,15,20,38.380541,-81.765034,DRIVE,1500
237932,West Liberty University,West Liberty,WV,1,1511,www.westliberty.edu/,https://www.westliberty.edu/financial-aid/net-price-calculator/,23809,8893,17442,12714,14460,15087,17362,18566,high,0.5953,0.4423,16000,43296,0.9727,470,580,420,543,18,24,40.164417,-80.602256,DRIVE,1500
237950,West Virginia University Institute of Technology,Beckley,WV,1,981,www.wvutech.edu/,https://financialaid.wvutech.edu/get-aid/net-price-calculator,18907,8424,21072,6998,6752,9137,11861,14797,medium,0.3296,0.3041,15500,55939,0.3668,460,570,420,550,19,23,37.775924,-81.184072,DRIVE,1500
237969,West Virginia Wesleyan College,Buckhannon,WV,2,954,www.wvwc.edu/,https://wvwc.studentaidcalculator.com/survey.aspx,48190,34090,34090,12611,14807,14848,19834,24004,high,0.5714,0.4918,15750,51593,0.9334,472,600,420,560,16,23,38.990661,-80.218969,DRIVE,1500
238014,West Virginia Northern Community College,Wheeling,WV,1,1014,www.wvncc.edu/,https://wvncc.studentaidcalculator.com/survey.aspx,13512,4706,12698,3911,3946,6627,9201,12332,medium,,,6000,30162,,,,,,,,40.063318,-80.721263,DRIVE,1500
238032,West Virginia University,Morgantown,WV,1,17385,www.wvu.edu/,financialaid.wvu.edu/net-price-calculator,26415,10104,28608,9450,12501,14179,18710,20273,high,0.6466,0.5286,15500,55939,0.89,520,620,490,600,20,26,39.634371,-79.954391,DRIVE,1500
238078,Wheeling University,Wheeling,WV,2,589,www.wheeling.edu/,https://www.wheeling.edu/admissions/financial-aid/net-price-calculator/,42504,29875,29875,17739,19718,19913,22608,22824,critical,0.2333,0.2266,15375,57949,0.6316,,,,,,,40.070873,-80.690804,DRIVE,1500
238193,Alverno College,Milwaukee,WI,2,631,https://www.alverno.edu/,https://www.alverno.edu/NPC,51362,34086,34086,22032,20668,22261,24788,29051,critical,0.4918,0.4513,22000,53145,0.8574,,,,,,,42.982842,-87.965174,FLY,2500
238263,Madison Area Technical College,Madison,WI,1,10073,madisoncollege.edu/,https://madisoncollege.edu/net-price-calculator,19434,4977,7255,11920,12403,14692,17280,19245,high,0.2891,0.2377,8728,45413,,,,,,,,43.12183,-89.327921,FLY,2500
238324,Bellin College,Green Bay,WI,2,372,https://www.bellincollege.edu/,https://www.bellincollege.edu/admissions/financial-aid-and-scholarships/net-price-calculator/,42941,30952,30952,29994,33493,33018,37835,41021,critical,0.6304,0.4444,15000,76222,0.9718,,,,,,,44.468277,-87.921722,FLY,2500
238333,Beloit College,Beloit,WI,2,926,www.beloit.edu/,https://www.beloit.edu/offices/financial-aid/apply-for-aid/net-price-calculator/,71365,60886,60886,15176,16482,18028,22781,27871,critical,0.7105,0.6804,22773,53260,0.6304,590,720,610,710,24,30,42.504022,-89.029285,FLY,2500
238397,Blackhawk Technical College,Janesville,WI,1,2488,www.blackhawk.edu/,www.blackhawk.edu/NetPriceCalculator/npcalc.htm,15522,4267,6061,7287,8391,10260,13640,15522,medium,,,5250,41620,,,,,,,,42.593159,-89.016254,FLY,2500
238458,Carroll University,Waukesha,WI,2,2523,https://www.carrollu.edu/,https://www.carrollu.edu/financial-aid/net-price-calculator,52639,38890,38890,15718,16875,14134,15730,14891,critical,0.707,0.5621,22000,58009,0.6684,510,640,530,630,21,27,43.004527,-88.228114,FLY,2500
238476,Carthage College,Kenosha,WI,2,2660,www.carthage.edu/,www.carthage.edu/admissions/costs-scholarships-aid/net-price-calculator/,50822,38750,38750,23293,23630,22427,24995,29176,critical,0.6426,0.5374,19500,56950,0.8706,,,,,20,25,42.622969,-87.820924,FLY,2500
238616,Concordia University-Wisconsin,Mequon,WI,2,2197,https://www.cuw.edu/,https://cuw.studentaidcalculator.com/survey.aspx,53315,35470,35470,34991,31070,32747,36336,38595,critical,0.6835,0.6013,19500,56075,0.782,,,,,22,28,43.253387,-87.91552,FLY,2500
238661,Edgewood University,Madison,WI,2,1107,www.edgewood.edu/,https://edgewood.aidcalculator.com/,50903,35860,35860,22291,19089,22573,23493,30913,critical,0.6024,0.6,19000,59728,0.7573,,,,,,,43.057059,-89.422884,FLY,2500
238722,Fox Valley Technical College,Appleton,WI,1,5825,https://www.fvtc.edu/,https://netpricecalculator.fvtc.edu/npcalc.htm,16862,5040,7283,8067,8744,12235,14125,16737,high,,,5834,45684,,,,,,,,44.283174,-88.45893,FLY,2500
238759,Gateway Technical College,Kenosha,WI,1,4759,https://www.gtc.edu/,https://www.gtc.edu/sites/default/files/netpricecalculator/index.html,16242,4956,7199,11819,12384,13443,15460,16242,high,,,8000,40264,,,,,,,,42.605677,-87.846695,FLY,2500
238980,Lakeland University,Plymouth,WI,2,1212,www.lakeland.edu/,https://lakeland.edu/traditional-undergraduate-financial-aid/net-price-calculator,48840,33396,33396,22453,22030,20124,24332,28054,critical,0.4245,0.3145,19500,55961,0.8628,,,,,,,43.841573,-87.883414,FLY,2500
239008,Lakeshore Technical College,Cleveland,WI,1,1886,lakeshore.edu/,https://lakeshore.edu/financial-aid/student-consumer-information/net-price-calculator,14599,4844,7087,8260,6341,9538,13155,14499,high,,,5250,47113,,,,,,,,43.924774,-87.75454,FLY,2500
239017,Lawrence University,Appleton,WI,2,1396,https://www.lawrence.edu/,https://collegepricecalculator.com/lawrenceuniversity,69849,56982,56982,10419,13332,15020,20256,32758,high,0.7677,0.7835,19500,55789,0.6394,610,710,590,710,24,31,44.261323,-88.397822,FLY,2500
239071,Maranatha Baptist University,Watertown,WI,2,541,www.mbu.edu/,https://mbu.edu/net-price-calculator/,37092,21550,21550,24786,22995,23908,30314,30675,critical,0.6357,0.6203,12375,45593,0.719,485,645,455,615,20,28,43.195013,-88.737016,FLY,2500
239080,Marian University,Fond Du Lac,WI,2,1010,https://www.marianuniversity.edu/,https://www.marianuniversity.edu/admission-financial-aid/financial-aid/net-price-calculator/,44450,35178,35178,17449,13638,17998,21164,27106,critical,0.4416,0.3741,17340,53501,0.7498,,,,,,,43.777411,-88.420638,FLY,2500
239105,Marquette University,Milwaukee,WI,2,7660,www.marquette.edu/,https://marquette.clearcostcalculator.com/student/default/netpricecalculator/survey,66768,51170,51170,22269,18916,27378,32374,36813,critical,0.8321,0.7625,20500,78257,0.8134,610,680,590,680,26,31,43.03903,-87.927961,FLY,2500
239220,Mid-State Technical College,Wisconsin Rapids,WI,1,2288,https://www.mstc.edu/,https://www.mstc.edu/paying-for-college/financial-aid/netcalc/npcalc,15840,5002,7171,8618,8128,10965,15029,15312,high,,,5112,42253,,,,,,,,44.391091,-89.783785,FLY,2500
239248,Milwaukee Area Technical College,Milwaukee,WI,1,12024,https://www.matc.edu/,https://www.matc.edu/costs-scholarships-aid/net-price-calculator/,17359,5184,7427,7200,7856,9513,13778,15545,medium,,,9248,41113,,,,,,,,43.04359,-87.920818,FLY,2500
239309,Milwaukee Institute of Art & Design,Milwaukee,WI,2,837,www.miad.edu/,www.miad.edu/net-price-calculator,53528,43743,43743,21419,22531,22440,26746,32540,critical,0.6695,0.6458,15750,41174,0.6054,,,,,,,43.030917,-87.907925,FLY,2500
239318,Milwaukee School of Engineering,Milwaukee,WI,2,2654,www.msoe.edu/,www.msoe.edu/admissions-aid/financial-aid-scholarships/financial-aid-basics/financial-aid-estimator/,62648,50480,50480,11607,15919,14495,19034,30292,high,0.6711,0.6039,24500,89070,0.5893,,,,,,,43.045364,-87.907691,FLY,2500
239372,Moraine Park Technical College,Fond du Lac,WI,1,2464,www.morainepark.edu/,www.morainepark.edu/pay-for-college/affordability/net-price-calculator/,14583,4819,7084,6547,7698,9471,12364,14288,medium,,,5500,44371,,,,,,,,43.785224,-88.417656,FLY,2500
239390,Mount Mary University,Milwaukee,WI,2,631,www.mtmary.edu/,https://www.mtmary.edu/costs-aid/financial-aid/index.html,49270,35420,35420,18155,19013,19277,20584,27371,critical,0.4296,0.4074,19000,48745,0.6233,,,,,18,21,43.072507,-88.030732,FLY,2500
239442,Nicolet Area Technical College,Rhinelander,WI,1,663,https://www.nicoletcollege.edu/,https://www.nicoletcollege.edu/cost-aid/net-price-calculator,14072,4793,7066,6066,5410,10060,13297,,medium,,,3500,38643,,,,,,,,45.609542,-89.425055,FLY,2500
239460,Northcentral Technical College,Wausau,WI,1,3257,www.ntc.edu/,https://webfiles.ntc.edu/net-price-calculator/npcalc.html,15768,4889,7132,10216,14243,8470,,,high,,,5250,44925,,,,,,,,44.986458,-89.646369,FLY,2500
239488,Northeast Wisconsin Technical College,Green Bay,WI,1,5704,https://www.nwtc.edu/,https://www.nwtc.edu/nwtc/media/admissions/financial-aid/net-price-calculator/,15436,4960,7233,7616,8308,9737,12925,14374,high,,,8887,44553,,,,,,,,44.526467,-88.105675,FLY,2500
239628,Ripon College,Ripon,WI,2,688,www.ripon.edu/,www.ripon.edu/admission/calculator/,63540,51900,51900,15712,14267,16971,19124,25280,critical,0.633,0.5926,19500,54902,0.7984,510,680,470,590,21,27,43.844135,-88.842333,FLY,2500
239716,Saint Norbert College,De Pere,WI,2,1662,www.snc.edu/,https://www.snc.edu/affordability/net-price-calculator.html,59422,45580,45580,19721,21811,21918,23332,29888,critical,0.7129,0.5705,21500,58363,0.8574,525,680,508,610,21,28,44.44483,-88.067812,FLY,2500
239910,Southwest Wisconsin Technical College,Fennimore,WI,1,1313,https://www.swtc.edu/,https://www.swtc.edu/admissions/paying-for-college/netpricecalculator,16662,4904,7147,9918,10424,12468,15712,16662,high,,,5500,43470,,,,,,,,42.976238,-90.637714,FLY,2500
240107,Viterbo University,La Crosse,WI,2,1249,https://www.viterbo.edu/,https://www.viterbo.edu/financial-aid/first-year-student-net-price-calculator,45558,34250,34250,13657,16927,16463,20847,26365,high,0.6838,0.5753,19500,55660,0.7243,,,,,22,26,43.803133,-91.244297,FLY,2500
240116,Chippewa Valley Technical College,Eau Claire,WI,1,4272,www.cvtc.edu/,www.cvtc.edu/pay-for-college,16986,4844,7087,9483,9105,11868,15585,16821,high,,,8000,46297,,,,,,,,44.794867,-91.505675,FLY,2500
240125,Waukesha County Technical College,Pewaukee,WI,1,4955,https://www.wctc.edu/,https://www.wctc.edu/wctc/admissions/tuition-and-aid/financial-aid/net-price-calculator,15531,4872,7115,8472,8636,11681,12391,15083,high,,,9500,46894,,,,,,,,43.071444,-88.256292,FLY,2500
240170,Western Technical College,La Crosse,WI,1,3183,https://www.westerntc.edu/,https://www.westerntc.edu/sites/default/files/paying-for-college/index.html,16078,4820,7078,7483,8083,10581,13786,15430,medium,,,6917,45303,,,,,,,,43.815309,-91.246191,FLY,2500
240189,University of Wisconsin-Whitewater,Whitewater,WI,1,9405,www.uww.edu/,www.uww.edu/students/financial-aid-award-estimator,18719,8616,18716,8440,8752,11176,16551,18229,high,0.589,0.4758,16241,55356,0.8572,,,,,17,24,42.835563,-88.742368,FLY,2500
240198,Northwood Technical College,Rice Lake,WI,1,2149,https://www.northwoodtech.edu/,https://www.northwoodtech.edu/sites/default/files/static/NetPriceCalculator/index.html,14981,4926,7169,6515,7601,9154,11957,14726,medium,,,5500,43406,,,,,,,,45.48131,-91.747024,FLY,2500
240268,University of Wisconsin-Eau Claire,Eau Claire,WI,1,8895,www.uwec.edu/,www.uwec.edu/tuition-financial-aid,21705,9642,19228,10270,10968,12766,18278,20778,high,0.6381,0.5395,13000,58561,0.8234,,,,,22,27,44.798284,-91.501906,FLY,2500
240277,University of Wisconsin-Green Bay,Green Bay,WI,1,6341,www.uwgb.edu/,www.uwgb.edu/vsa/calculator/,19366,8700,17288,9144,9166,11169,16105,18975,high,0.4822,0.4401,11250,52528,0.8859,,,,,18,24,44.532298,-87.919973,FLY,2500
240329,University of Wisconsin-La Crosse,La Crosse,WI,1,9277,www.uwlax.edu/,https://www.shoppingsheet.com/shopping/landing/uwlax,19593,10070,19517,8224,8766,10608,17394,18991,high,0.7096,0.6331,18000,60378,0.755,,,,,22,27,43.81568,-91.23186,FLY,2500
240338,Wisconsin Lutheran College,Milwaukee,WI,2,943,www.wlc.edu/,https://www.wlc.edu/Net-Price-Calculator/,48785,36110,36110,18190,15913,20519,20475,28019,critical,0.6357,0.5455,19500,54664,0.7816,530,640,440,590,23,29,43.036943,-88.022718,FLY,2500
240365,University of Wisconsin-Oshkosh,Oshkosh,WI,1,6877,https://www.uwosh.edu/,https://www.uwosh.edu/financialaid/net-price-calculator/,19652,8532,16446,9236,9654,11601,16853,19223,high,0.4614,0.4159,12500,55548,0.865,,,,,18,25,44.026206,-88.549369,FLY,2500
240374,University of Wisconsin-Parkside,Kenosha,WI,1,2844,https://www.uwp.edu/,https://www.uwp.edu/live/offices/financialaid/npcalculator.cfm,18199,8270,17429,7425,7592,11241,15071,17917,medium,0.404,0.3268,14000,51129,0.7539,,,,,17,25,42.647718,-87.855231,FLY,2500
240392,Herzing University-Madison,Madison,WI,2,2494,https://www.herzing.edu/,https://www.herzing.edu/tuition-financial-aid/net-price-calculator,27939,13450,13450,21557,23227,22952,24004,25817,critical,0.284,0.2464,11756,36909,0.943,,,,,,,43.14415,-89.291561,FLY,2500
240417,University of Wisconsin-Stout,Menomonie,WI,1,5842,www.uwstout.edu/,www2.uwstout.edu/stoutforms/financialaid/netpricecalc.aspx,22797,10701,19265,10966,12229,13164,19528,22028,high,0.5486,0.4605,16000,58084,0.8767,,,,,20,27,44.873187,-91.926653,FLY,2500
240426,University of Wisconsin-Superior,Superior,WI,1,1807,https://www.uwsuper.edu/,https://www.uwsuper.edu/paying-for-college/financial-aid/net-price-calculator/,19860,8812,16726,9679,10178,9710,13728,17859,high,0.4188,0.2913,14055,49606,0.9301,,,,,18,24,46.717629,-92.091007,FLY,2500
240444,University of Wisconsin-Madison,Madison,WI,1,36902,www.wisc.edu/,https://financialaid.wisc.edu/net-price-calculator/,28679,11603,42103,4200,4101,8134,17763,27292,medium,0.8955,0.8647,18058,73792,0.452,670,740,710,780,29,33,43.075409,-89.404098,FLY,2500
240453,University of Wisconsin-Milwaukee,Milwaukee,WI,1,16758,uwm.edu/,uwm.edu/onestop/finances/net-price-calculator/,22756,10398,22398,10329,10709,12344,19315,21477,high,0.4932,0.4498,15250,54990,0.9068,,,,,18,25,43.076848,-87.880488,FLY,2500
240462,University of Wisconsin-Platteville,Platteville,WI,1,5837,https://www.uwplatt.edu/,https://www.uwplatt.edu/net-price-calculator,21266,8644,17603,9009,10459,12065,17984,20245,high,0.5576,0.4515,15000,61760,0.8938,,,,,21,28,42.733451,-90.48622,FLY,2500
240471,University of Wisconsin-River Falls,River Falls,WI,1,4205,https://www.uwrf.edu/,https://students.uwrf.edu/financial-aid/net-price-calculator,19781,9008,17470,8472,9014,10796,16578,18234,high,0.57,0.4834,14865,54458,0.8172,,,,,19,26,44.8534,-92.622641,FLY,2500
240480,University of Wisconsin-Stevens Point,Stevens Point,WI,1,7306,https://www.uwsp.edu/,https://app.meadowfi.com/uwsp,20079,9488,18508,8833,9609,11428,17042,18737,high,0.5078,0.4053,14674,52021,0.918,,,,,20,26,44.529582,-89.570934,FLY,2500
240505,Casper College,Casper,WY,1,2204,https://www.caspercollege.edu/,https://www.caspercollege.edu/wp-content/uploads/net-price-calculator/index.html,15256,4470,10770,8216,8427,9771,12470,13426,high,,,6500,40935,,,,,,,,42.832788,-106.326712,FLY,2500
240514,Central Wyoming College,Riverton,WY,1,1054,https://www.cwc.edu/,https://rc.cwc.edu/netpricecalcdoe/,16891,4800,11100,10698,10235,12262,15871,16891,high,0.3744,0.4135,5500,34402,,,,,,,,43.030556,-108.426738,FLY,2500
240596,Eastern Wyoming College,Torrington,WY,1,482,https://ewc.wy.edu/,https://ewc.wy.edu/admissions-financial-aid/financial-aid/,14076,4290,10590,2260,3912,6409,5365,10302,low,,,4500,37121,,,,,,,,42.079354,-104.190823,FLY,2500
240620,Laramie County Community College,Cheyenne,WY,1,2799,https://www.lccc.wy.edu/,https://www.lccc.wy.edu/services/financialaid/netpricecalculator/index.html,13504,4613,10913,5873,5979,7330,10067,12133,medium,0.384,0.3226,7015,44783,,,,,,,,41.104288,-104.778789,FLY,2500
240657,Northwest College,Powell,WY,1,890,https://www.nwc.edu/,https://www.nwc.edu/financialaid/calculator.html,16898,4962,11262,7390,6822,7961,,7821,medium,0.4866,0.4688,6500,36950,,,,,,,,44.760656,-108.761853,FLY,2500
240666,Northern Wyoming Community College District,Sheridan,WY,1,1610,https://www.sheridan.edu/,https://www.sheridan.edu/app/uploads/nwccdnpc.html,17001,4830,11130,8069,8047,9232,11919,14209,high,,,5500,40477,,,,,,,,44.763926,-106.941105,FLY,2500
240693,Western Wyoming Community College,Rock Springs,WY,1,1319,https://www.westernwyoming.edu/,https://app.meadowfi.com/westernwyoming,14532,4230,10530,6077,5873,8417,7867,,medium,0.325,0.2162,4500,40939,,,,,,,,41.590964,-109.237126,FLY,2500
240727,University of Wyoming,Laramie,WY,1,7944,https://www.uwyo.edu/,https://www.uwyo.edu/sfa/cost-of-attendance/net-price-calculator.html,24818,7768,24178,7977,7730,9585,15205,19634,high,0.5884,0.5041,12000,56880,0.9688,,,,,,,41.311773,-105.57931,FLY,2500
240736,American Samoa Community College,Pago Pago,AS,1,839,www.amsamoa.edu/,www.amsamoa.edu/netpricecalc/npcalc.htm,10560,5300,5600,3681,2238,3800,3396,4065,medium,0.3241,0.3591,,30087,,,,,,,,-14.322636,-170.742774,FLY,2500
240745,Guam Community College,Mangilao,GU,1,1139,www.guamcc.edu/,https://guamcc.edu/npcalculator,10778,3414,4614,3374,3119,5596,7204,,medium,0.2489,0.2857,,27820,,,,,,,,13.440649,144.808944,FLY,2500
240754,University of Guam,Mangilao,GU,1,2515,https://www.uog.edu/,https://www.uog.edu/financial-aid/calculator,14961,6110,11414,7105,7468,9639,11272,14692,medium,0.369,0.4356,12500,35946,,,,,,,,13.433047,144.803978,FLY,2500
240790,Northern Marianas College,Saipan,MP,1,1225,www.marianas.edu/,www.marianas.edu/net-price-calculator,10545,4038,5520,2383,1982,4702,6429,4014,low,0.4074,0.4008,,27836,,,,,,,,15.152247,145.721733,FLY,2500
241191,Universidad Adventista de las Antillas,Mayaguez,PR,2,830,https://www.uaa.edu/,https://bigfuture.collegeboard.org/pay-for-college/calculate-your-cost,16834,8350,8350,9519,10903,12494,13334,,high,0.3636,0.3578,11725,28465,1,,,,,,,18.205685,-67.111207,FLY,2500
241216,Atlantic University,Guaynabo,PR,2,1451,www.atlanticu.edu/,atlanticu.edu/net-price-calculator/,12986,8280,8280,5705,6558,8858,9440,,medium,0.3941,0.424,4500,25272,,,,,,,,18.357395,-66.111714,FLY,2500
241225,Universidad Central de Bayamon,Bayamón,PR,2,539,ucb.edu.pr/,website-b80f807f.eir.sco.mybluehost.me/wp-content/uploads/2023/12/index1.html,12976,5986,5986,3827,4662,8323,7729,,medium,0.3438,0.3506,7250,25021,0.6594,,,,,,,18.398864,-66.180773,FLY,2500
241331,Albizu University-San Juan,San Juan,PR,2,728,https://www.albizu.edu/,https://www.albizu.edu/wp-content/uploads/netpricecalculator/san_juan/npcalc.htm,18382,8505,8505,8880,9676,12050,18382,18382,high,0.6703,0.6528,5000,41544,1,,,,,,,18.466573,-66.113908,FLY,2500
241377,Caribbean University-Bayamon,Bayamon,PR,2,639,www.caribbean.edu/,www.caribbean.edu/netprice/index.html,9835,8844,8844,,4665,,,,,0.4255,0.4819,7000,22842,,,,,,,,18.383136,-66.168315,FLY,2500
241395,Pontifical Catholic University of Puerto Rico-Arecibo,Arecibo,PR,2,273,www.pucpr.edu/arecibo,https://arecibo.pucpr.edu/net_price_calculator/,18678,6550,6550,10939,10883,15333,,,high,0.5395,0.5286,11337,24908,0.9378,,,,,,,18.446006,-66.679114,FLY,2500
241410,Pontifical Catholic University of Puerto Rico-Ponce,Ponce,PR,2,3874,https://www.pucpr.edu/,https://www.pucpr.edu/net_price_calculator/index.html,20508,6650,6650,12384,13341,15812,18329,20122,high,0.4859,0.4714,11337,24908,0.9808,595,680,600,680,,,18.00165,-66.617138,FLY,2500
241614,Universidad Teologica del Caribe,Trujillo Alto,PR,2,173,utcpr.edu/,utcpr.edu/Section.aspx,11510,6660,6660,9045,,,,,high,0.3889,0.4375,5750,23536,,,,,,,,18.373928,-66.010617,FLY,2500
241720,Colegio Universitario de San Juan,San Juan,PR,1,491,www.cunisanjuan.edu/,www.cunisanjuan.edu/net-price-calculator/,6024,2580,2580,-982,-175,182,,,low,0.3226,0.3609,,26510,0.7538,,,,,,,18.428528,-66.066529,FLY,2500
241739,Universidad Ana G. Mendez-Cupey Campus,San Juan,PR,2,4540,uagm.edu/,https://documento.uagm.edu/netprice/np-cupey.html,14214,7750,7750,6929,9883,10013,10733,12059,medium,0.3085,0.304,10006,24490,,,,,,,,18.387183,-66.061647,FLY,2500
241766,Puerto Rico Conservatory of Music,San Juan,PR,1,307,cmpr.edu/,cmpr.edu/npcalc.htm,12920,3370,3850,7144,5875,8875,,,medium,0.6667,1,8750,19474,0.7835,,,,,,,18.454016,-66.078811,FLY,2500
241836,EDP University of Puerto Rico Inc-San Sebastian,San Sebastian,PR,2,1032,www.edpuniversity.edu/,edpuniversity.edu/npcalc.htm,15680,7050,14125,6735,7965,8381,,,medium,0.287,0.3039,10500,22844,0.9574,,,,,,,18.338036,-66.992287,FLY,2500
241951,Escuela de Artes Plasticas y Diseno de Puerto Rico,San Juan,PR,1,466,www.eap.edu/,https://eap.edu/net-price-calculator.html,9057,4902,8502,5208,6026,6821,7684,,medium,0.4478,0.434,,21790,1,,,,,,,18.46778,-66.121348,FLY,2500
242042,Instituto Tecnologico de Puerto Rico-Recinto de Manati,Manati,PR,1,323,itec.pr/ITPR-Joomla/,itec.pr/,6073,1600,1600,2535,1073,5349,5601,,medium,,,,26293,0.9337,,,,,,,18.432962,-66.472476,FLY,2500
242121,Humacao Community College,Humacao,PR,2,173,www.hccpr.edu/,https://hccpr.edu/finaid/,9960,6560,6560,2368,3102,,,,low,0.3821,0.3802,,20064,,,,,,,,18.148274,-65.826857,FLY,2500
242556,Instituto Tecnologico de Puerto Rico-Recinto de Guayama,Guayama,PR,1,216,https://www.venestudiaconnosotros.com/itpr,https://www.venestudiaconnosotros.com/itpr,11845,3608,3608,4310,4450,5189,6915,,medium,,,,26293,0.7899,,,,,,,17.977897,-66.118728,FLY,2500
242583,Instituto Tecnologico de Puerto Rico-Recinto de San Juan,San Juan,PR,1,179,https://instituto-tecnologico-de-puerto-rico-1.jimdosite.com/,https://nces.ed.gov/ipeds/netpricecalculator/#/,4451,1180,1180,959,1365,2116,,,low,,,,26293,0.6324,,,,,,,18.411097,-66.016003,FLY,2500
242617,Inter American University of Puerto Rico-San German,San German,PR,2,2569,www.sg.inter.edu/,www.sg.inter.edu/wp-content/uploads/Documentos/documentos_normativos/Net_Price_Calculator_SG_2023.html,16380,5780,5780,8743,9686,11667,12235,,high,0.4316,0.4337,7000,25416,0.4248,,,,,,,18.08353,-67.05082,FLY,2500
242626,Inter American University of Puerto Rico-Aguadilla,Aguadilla,PR,2,2906,aguadilla.inter.edu/,https://www.inter.edu/NetPrice/Aguadilla/index.html,16057,5742,5742,8543,9117,11361,12612,,high,0.4288,0.4297,5500,24776,0.4176,,,,,,,18.467886,-67.121671,FLY,2500
242635,Inter American University of Puerto Rico-Arecibo,Arecibo,PR,2,2220,www.arecibo.inter.edu/,www.arecibo.inter.edu/npc,16625,5780,5780,8897,9892,11216,14497,,high,0.3892,0.3872,6750,24539,0.382,,,,,,,18.47509,-66.75901,FLY,2500
242644,Inter American University of Puerto Rico-Barranquitas,Barranquitas,PR,2,937,www.br.inter.edu/,https://www.inter.edu/NetPrice/Barranquitas/index.html,16051,5742,5742,8455,9341,11712,13301,,high,0.3802,0.3844,3500,23204,0.8595,,,,,,,18.182777,-66.303153,FLY,2500
242653,Inter American University of Puerto Rico-Metro,San Juan,PR,2,2607,metro.inter.edu/,https://metro.inter.edu/asis-economica/netpricecalculatorme/index.html,16837,5780,5780,9272,9966,12229,13972,,high,0.3881,0.3534,8666,30821,0.6972,,,,,,,18.368988,-66.077711,FLY,2500
242662,Inter American University of Puerto Rico-Ponce,Mercedita,PR,2,2404,ponce.inter.edu/,https://www.inter.edu/NetPrice/Ponce/,16065,5780,5780,8685,9595,11557,13540,,high,0.4144,0.409,4850,26721,0.3373,,,,,,,18.007388,-66.578498,FLY,2500
242680,Inter American University of Puerto Rico-Fajardo,Fajardo,PR,2,1072,https://fajardo.inter.edu/,https://www.inter.edu/NetPrice/Fajardo/index.html,16190,5780,5780,9062,9480,11307,,,high,0.3767,0.3615,5500,23132,0.2654,,,,,,,18.329222,-65.648052,FLY,2500
242699,Inter American University of Puerto Rico-Guayama,Guayama,PR,2,2393,www.guayama.inter.edu/,https://www.inter.edu/NetPrice/Guayama/index.html,16475,5780,5780,8932,9785,12305,11022,,high,0.4421,0.4364,6775,25827,0.3633,,,,,,,17.96635,-66.108164,FLY,2500
242705,Inter American University of Puerto Rico-Bayamon,Bayamon,PR,2,3476,bayamon.inter.edu/,https://www.inter.edu/NetPrice/Bayamon/index.html,16324,5780,5780,8904,9637,11642,12535,,high,0.3492,0.3503,5500,29936,0.3962,,,,,,,18.351631,-66.182473,FLY,2500
243106,University of Puerto Rico-Aguadilla,Aguadilla,PR,1,1883,https://www.uprag.edu/,https://www.uprag.edu/opei_old/npc/index.html,14498,5954,5954,7200,7993,9454,9266,14498,medium,0.4633,0.4378,5500,27997,0.814,393,510,398,513,,,18.498652,-67.13793,FLY,2500
243115,University of Puerto Rico-Arecibo,Arecibo,PR,1,2669,www.upra.edu/,docs.upra.edu/admisiones/NetPriceCalculator/npcalc.htm,17710,5354,5354,10332,11033,12065,12960,,high,0.52,0.5182,4500,30512,0.5918,,,,,,,18.469199,-66.74114,FLY,2500
243133,University of Puerto Rico,Bayamon,PR,1,2851,www.uprb.edu/,web.uprb.edu/NetPriceTemplate/index.html,12501,6284,6284,7035,9432,11088,11091,11101,medium,0.3706,0.2843,5500,34409,0.3533,,,,,,,18.371398,-66.143541,FLY,2500
243142,University of Puerto Rico-Carolina,Carolina,PR,1,2404,www.uprc.edu/,www.uprc.edu/net-price-calculator/,19396,7986,7986,12287,13001,15267,16900,18229,high,0.3727,0.3721,4500,30626,0.5454,411,538,398,519,,,18.392069,-65.990165,FLY,2500
243151,University of Puerto Rico at Cayey,Cayey,PR,1,2069,www.cayey.upr.edu/,https://www.upr.edu/netprice/cayey.html,15909,5354,5354,9495,9682,11897,12913,13433,high,0.4983,0.4983,5000,30958,0.53,421,531,422,542,,,18.11882,-66.162066,FLY,2500
243179,University of Puerto Rico-Humacao,Humacao,PR,1,2529,www.upr.edu/humacao/,www.uprh.edu/net-price-calculator/,19547,5364,5364,12036,12957,15481,16960,19547,high,0.4712,0.4784,5500,29521,0.548,,,,,,,18.146589,-65.838602,FLY,2500
243188,University of Puerto Rico-Utuado,Utuado,PR,1,325,www.uprutuado.edu/,www.uprutuado.edu/decanato-estudiantil/asistencia-economica/net-price-calculator/,20908,5354,5354,13564,13567,14709,,,high,0.2326,0.2328,3500,23906,0.6411,,,,,,,18.254577,-66.721667,FLY,2500
243197,University of Puerto Rico-Mayaguez,Mayaguez,PR,1,9539,https://www.uprm.edu/,https://www.uprm.edu/netpricecalculator/,21637,5274,5274,17939,17931,17929,17457,18466,critical,0.491,0.4555,8000,48992,0.5652,,,,,,,18.211142,-67.139172,FLY,2500
243203,University of Puerto Rico-Medical Sciences,San Juan,PR,1,233,www.rcm.upr.edu/,www.rcm.upr.edu/net-price-calculator/,,,,,,,,,,,,5500,45953,,,,,,,,18.396548,-66.074894,FLY,2500
243212,University of Puerto Rico at Ponce,Ponce,PR,1,2278,www.uprp.edu/,https://www.uprp.edu/articulos/rectoria/opei/netpricecalculator/,17193,5354,5354,10114,10534,13017,13600,12404,high,0.4618,0.4415,5500,31394,0.5245,,,,,,,17.993314,-66.606215,FLY,2500
243221,University of Puerto Rico-Rio Piedras,San Juan,PR,1,8572,https://www.uprrp.edu/,https://www.uprrp.edu/netpricecalc/npcalc.htm,15118,5354,5354,8018,8553,11002,11925,13018,high,0.5026,0.5224,5500,35723,0.5459,,,,,,,18.402826,-66.050009,FLY,2500
243346,Universidad Ana G. Mendez-Carolina Campus,Carolina,PR,2,4468,uagm.edu/,https://documento.uagm.edu/netprice/np-carolina.html,14113,7750,7750,7401,7506,10546,10745,,medium,0.3426,0.3544,10000,24328,,,,,,,,18.414805,-65.983869,FLY,2500
243443,Universidad del Sagrado Corazon,Santurce,PR,2,4442,www.sagrado.edu/,mi.sagrado.edu/ICS/ClientConfig/HtmlContent/netcalculator2017/Net Price Calculator.html,19728,6410,6410,12027,12671,15196,17990,19478,high,0.5207,0.4912,11250,31754,0.5802,,,,,,,18.441166,-66.059617,FLY,2500
243577,Universidad Politecnica de Puerto Rico,Hato Rey,PR,2,3594,www.pupr.edu/,www.pupr.edu/price-calculator/,23368,9870,9870,16406,17013,19884,21687,22588,critical,0.2808,0.2683,12830,47540,,,,,,,,18.422195,-66.056084,FLY,2500
243586,Pontifical Catholic University of Puerto Rico-Mayaguez,Mayaguez,PR,2,555,https://recintomayaguez.pucpr.edu/,https://recintomayaguez.pucpr.edu/net_price_calculator/,18605,6550,6550,11000,11890,13432,15675,,high,0.3989,0.4,11337,24908,0.9917,,,,,,,18.182375,-67.145695,FLY,2500
243601,Universidad Ana G. Mendez-Gurabo Campus,Gurabo,PR,2,7868,uagm.edu/,https://documento.uagm.edu/netprice/np-gurabo.html,14224,7750,7750,7135,5205,7669,,,medium,0.314,0.3157,9000,26223,,,,,,,,18.239647,-66.006259,FLY,2500
243638,College of Micronesia-FSM,Pohnpei,FM,1,1729,www.comfsm.fm/,comfsm.fm/fao/NetPriceCalculator/npcalc.htm,10445,5050,5050,6747,7903,,,,medium,0.3408,0.3595,,24651,0.8707,,,,,,,6.909759,158.158189,FLY,2500
243647,Palau Community College,Koror,PW,1,393,palau.edu/,pcc.palau.edu/npcalc/npcalc.htm,9624,3730,3970,2690,2831,3945,2029,,medium,,,,29898,,,,,,,,7.343177,134.473744,FLY,2500
243665,University of the Virgin Islands,Charlotte Amalie,VI,1,1518,www.uvi.edu/,https://www.uvi.edu/netprice/index.html,17771,5957,16557,6578,5968,8551,11160,11863,medium,0.2823,0.2769,9500,38681,0.9898,423,550,360,480,19,22,18.344193,-64.972866,FLY,2500
243744,Stanford University,Stanford,CA,2,7554,www.stanford.edu/,financialaid.stanford.edu/undergrad/how/calculator/index.html?tab=net-price-calculator,87833,65910,65910,-2536,-193,3212,11092,53882,low,0.9192,0.8763,9851,124080,0.0361,740,780,770,800,34,35,37.429434,-122.167359,FLY,2500
243780,Purdue University-Main Campus,West Lafayette,IN,1,44503,https://www.purdue.edu/,https://www.purdue.edu/dfa/cost/calculator,24591,9992,28794,5098,6241,9438,18177,22742,medium,0.831,0.73,15000,72424,0.4987,600,720,600,760,27,34,40.428206,-86.914435,FLY,2500
243823,Parker University,Dallas,TX,2,607,www.parker.edu/,https://www.parker.edu/netprice/index.php,42167,17893,17893,26817,30817,33016,31332,34084,critical,0.7407,0.6935,9500,42091,,,,,,,,32.880335,-96.893564,FLY,2500
243832,EDP University of Puerto Rico Inc-San Juan,San Juan,PR,2,1404,https://edpuniversity.edu/,https://edpuniversity.edu/coa_net_calculator/,15740,7050,14125,8194,9348,5534,,,high,0.2439,0.2727,10500,22844,0.6067,,,,,,,18.415375,-66.055403,FLY,2500
244437,Georgia State University-Perimeter College,Atlanta,GA,1,13693,perimeter.gsu.edu/,https://perimeter.gsu.edu/student-financial-services/tuition-and-fees/,17608,3104,10064,10380,10367,12528,15622,16785,high,,,11750,47384,0.9077,400,520,360,500,15,21,33.7527,-84.38667,FLY,2500
244446,Georgia Piedmont Technical College,Clarkston,GA,1,2198,www.gptc.edu/,www.gptc.edu/net-price-calculator/,21274,3386,5954,13608,13355,14627,15467,,high,,,9500,34619,,,,,,,,33.789898,-84.234504,FLY,2500
245625,Warren County Community College,Washington,NJ,1,836,www.warren.edu/,https://www.warren.edu/cost-and-aid/financial-aid-resources/,13314,5460,6360,3962,4520,7526,9994,12354,medium,,,6499,43359,,,,,,,,40.744812,-75.018309,DRIVE,600
245652,St. John's College,Santa Fe,NM,2,368,www.sjc.edu/,www.sjc.edu/admissions-and-aid/financial-aid/net-price-calculator/,55824,40504,40504,16014,17151,19053,21551,35680,critical,0.5493,0.4231,13500,44985,0.5315,680,750,610,710,28,34,35.666974,-105.912478,FLY,2500
245953,Mid-America Christian University,Oklahoma City,OK,2,1666,https://www.macu.edu/,https://www.macu.edu/netpricecalculator/,31313,21294,21294,14517,15027,15646,20665,24590,high,0.4423,0.3968,15444,46116,0.9176,,,,,17,19,35.347785,-97.578297,FLY,2500
246354,Palo Alto College,San Antonio,TX,1,8801,alamo.edu/pac/,https://apps.highered.texas.gov/apps/npc/?fice=023413,11946,3412,9952,3680,4373,6248,7376,5201,medium,0.3296,0.3314,6779,37448,,,,,,,,29.322955,-98.543468,FLY,2500
246813,Athens Technical College,Athens,GA,1,3318,www.athenstech.edu/,https://www.athenstech.edu/net-price-calculator.html,15783,3390,5958,6205,6791,8345,8619,11791,medium,,,,35951,,,,,,,,33.990183,-83.339598,FLY,2500
247603,Sussex County Community College,Newton,NJ,1,2086,www.sussex.edu/,sussex.edu/admissions/paying-for-college/net-price-calculator/,14708,5544,9024,5955,7781,8232,12457,13931,medium,,,6000,44664,,,,,,,,41.067633,-74.758079,DRIVE,600
247649,Landmark College,Putney,VT,2,455,www.landmark.edu/,https://www.landmark.edu/admissions/tuition-financial-aid/net-price-calculator,83124,66540,66540,44712,44994,54846,55403,63102,critical,0.4302,0.4,8875,29813,0.4944,,,,,,,42.977172,-72.512549,DRIVE,1500
247834,Collin County Community College District,McKinney,TX,1,26449,https://www.collin.edu/,https://www.collin.edu/financialaid/additionallinks.html,15237,2014,6064,7239,7617,9859,12880,14754,medium,0.2034,0.218,4500,48701,,,,,,,,33.16241,-96.63894,FLY,2500
247940,Owensboro Community and Technical College,Owensboro,KY,1,2648,https://owensboro.kctcs.edu/,https://owensboro.kctcs.edu/affording-college/net-price-calculator/index.aspx,13476,4728,6432,4554,4572,6666,8164,11458,medium,,,5500,35798,,,,,,,,37.717355,-87.082861,FLY,2500
248606,Moore Norman Technology Center,Norman,OK,1,419,https://www.mntc.edu/,https://www.mntc.edu/admissions/financial-aid/consumer-information#fs-panel-11382,,,,,,,,,,,,,34000,,,,,,,,35.274434,-97.457319,FLY,2500
248925,Tennessee College of Applied Technology Nashville,Nashville,TN,1,759,www.tcatnashville.edu/,https://tcatnashville.edu/future-students/net-price-calculator,,,,16215,15615,14185,17220,,critical,,,,38955,,,,,,,,36.132649,-86.856335,FLY,2500
251260,Southern Union State Community College,Wadley,AL,1,4173,www.suscc.edu/,https://app.meadowfi.com/suscc,13637,5040,8910,3543,5160,7173,10247,10953,medium,,,6250,36597,,,,,,,,33.128785,-85.572382,FLY,2500
260372,Lac Courte Oreilles Ojibwe University,Hayward,WI,1,176,www.lco.edu/,moodle.lco.edu/moodle/calculator/npcalc.htm,17202,6030,6030,8602,4689,17202,,,high,0.2258,0.2105,,24302,,,,,,,,45.942252,-91.365002,FLY,2500
262031,St Charles Community College,Cottleville,MO,1,5017,www.stchas.edu/,www.stchas.edu/admissions/financial-aid/net-price-calculator,13629,3048,6096,3436,4407,7698,8856,9348,medium,,,4832,42422,,,,,,,,38.759703,-90.641105,FLY,2500
262086,University of Massachusetts Global,Aliso Viejo,CA,1,4491,https://www.umassglobal.edu/,https://umassglobal.clearcostcalculator.com/student/default/netpricecalculator/survey,35325,12540,12540,31963,31782,33209,35325,35325,critical,0.4286,0.5,18750,65703,,,,,,,,33.582886,-117.727737,FLY,2500
262129,New College of Florida,Sarasota,FL,1,843,www.ncf.edu/,https://app.meadowfi.com/ncf,24449,6916,29944,3591,3582,4880,10204,13586,medium,0.6667,0.5625,12000,48082,0.732,540,625,520,620,21,26,27.384925,-82.55858,FLY,2500
363165,Metro Technology Centers,Oklahoma City,OK,1,632,https://www.metrotech.edu/,https://www.metrotech.edu/admission-cost/financial-aid,,,,4172,1802,3151,8784,11378,medium,,,9140,38830,,,,,,,,35.512549,-97.478182,FLY,2500
363633,Luna Community College,Las Vegas,NM,1,423,www.luna.edu/,luna.edu/media/netpricecalculator/npcalc.htm,10405,1474,3418,3393,2962,6329,7240,8602,medium,,,3855,32461,,,,,,,,35.616303,-105.250865,FLY,2500
363907,Caribbean University-Ponce,Ponce,PR,2,414,www.caribbean.edu/,www.caribbean.edu/netprice/index.html,10000,8844,8844,,4964,,,,,0.3667,0.3667,7000,22842,,,,,,,,18.006633,-66.59425,FLY,2500
363916,Caribbean University-Vega Baja,Vega Baja,PR,2,152,www.caribbean.edu/,www.caribbean.edu/netprice/index.html,9936,8844,8844,,5235,,,,,0.5,0.5,7000,22842,,,,,,,,18.444882,-66.40315,FLY,2500
364016,Paradise Valley Community College,Phoenix,AZ,1,5117,https://www.paradisevalley.edu/,https://www.paradisevalley.edu/students/financial-aid/net-price-calculator,18375,2358,8958,10823,12187,12527,15318,18165,high,0.1885,0.1652,4500,47196,,,,,,,,33.652135,-112.009865,FLY,2500
364025,Chandler-Gilbert Community College,Chandler,AZ,1,5051,www.cgc.maricopa.edu/,https://www.cgc.edu/admissions/tuition-payment/net-price-calculator,17845,2358,8958,10940,10607,12837,15929,17134,high,,,4500,51111,,,,,,,,33.293897,-111.795922,FLY,2500
365213,Autry Technology Center,Enid,OK,1,259,autrytech.edu/,autrytech.edu/financialaid/,,,,,,,,,,,,,40389,0.7094,,,,,,,36.419122,-97.89719,FLY,2500
365374,Canadian Valley Technology Center,El Reno,OK,1,614,www.cvtech.edu/,https://cvtech.edu/students/financial-aid,,,,12520,14550,12593,12389,,high,,,,31355,,,,,,,,35.509208,-97.881967,FLY,2500
365480,Meridian Technology Center,Stillwater,OK,1,307,https://www.meridiantech.edu/,https://meridiantechedu.finalsite.com/fs/resource-manager/view/6a440e5f-45a6-4d89-b2c4-d308f5d2d5fb,,,,,,,,,,,,,34451,,,,,,,,36.106981,-97.108414,FLY,2500
366003,South Florida Bible College and Theological Seminary,Deerfield Beach,FL,2,373,https://www.sfbc.edu/,https://www.sfbc.edu/net-price-calculator/,25161,7980,7980,21751,,,,,critical,0.3636,,,45354,,,,,,,,26.30294,-80.134508,FLY,2500
366252,Pennsylvania College of Technology,Williamsport,PA,1,4464,https://www.pct.edu/,https://www.pct.edu/admissions/consumerinfo/npc/,33192,18240,25980,20065,19090,21546,27465,30533,critical,0.5348,0.4544,15250,52567,,,,,,,,41.234145,-77.023665,DRIVE,600
366261,Commonwealth Institute of Funeral Service,Houston,TX,2,254,https://www.commonwealth.edu/,https://commonwealth.edu/financial-aid-net-price-calculator/,45244,15313,15313,44047,,,,,critical,,,7125,37786,0.8642,498,678,498,593,,,29.989545,-95.430153,FLY,2500
366340,Stone Child College,Box Elder,MT,1,193,www.stonechild.edu/,https://stonechild.edu/netcalc/npcalc.htm,15570,3610,3610,3440,6177,8579,,,medium,0.3421,0.3333,,24555,,,,,,,,48.289808,-109.870182,FLY,2500
366395,Suffolk County Community College,Selden,NY,1,14218,https://www.sunysuffolk.edu/,https://www.sunysuffolk.edu/apply-enroll/estimate-your-cost.jsp,12429,6630,12460,2393,3623,6960,9786,11764,low,,,5500,49907,,,,,,,,40.848963,-73.056165,DRIVE,1000
366401,Las Positas College,Livermore,CA,1,7299,www.laspositascollege.edu/,https://misweb.cccco.edu/npc/481/npcalc.htm,15138,1168,9808,3020,4332,6674,9975,4692,medium,,,5639,51088,,,,,,,,37.710873,-121.80058,FLY,2500
366465,Ogeechee Technical College,Statesboro,GA,1,1820,www.ogeecheetech.edu/,www.ogeecheetech.edu/netprice/,17125,3388,5956,5607,5291,8666,11114,,medium,,,7328,31248,,,,,,,,32.395767,-81.818517,FLY,2500
366535,Remington College-Mobile Campus,Mobile,AL,2,257,https://www.remingtoncollege.edu/locations/mobile-alabama/,https://www.remingtoncollege.edu/net-price-calculator/,32998,16411,16411,25859,27098,28697,29431,,critical,,,9500,31349,,,,,,,,30.67173,-88.143941,FLY,2500
366711,California State University-San Marcos,San Marcos,CA,1,14877,www.csusm.edu/,https://www.calstate.edu/attend/paying-for-college/Pages/csu-costs.aspx,21649,8082,20682,6230,7240,8928,12525,18734,medium,0.5456,0.5133,13500,62908,0.951,,,,,,,33.130569,-117.159013,FLY,2500
367459,NorthWest Arkansas Community College,Bentonville,AR,1,4953,www.nwacc.edu/,https://www.nwacc.edu/_documents/finaid/index.html,12157,3342,5238,5722,5751,8300,10231,11719,medium,,,5500,43505,,,,,,,,36.357704,-94.17289,FLY,2500
367875,H W Brewster Technical College,Tampa,FL,1,695,www.hillsboroughschools.org/Brewster,https://www.hillsboroughschools.org/Brewster,,,,15535,15927,16490,,,critical,,,,27053,,,,,,,,27.96373,-82.461722,FLY,2500
368771,Hypnosis Motivation Institute,Tarzana,CA,2,209,hypnosis.edu/,hypnosis.edu/resident/gainful-employment,,,,47332,48971,48669,50472,53817,critical,,,9500,24244,,,,,,,,34.170219,-118.538719,FLY,2500
368911,Southeastern Technical College,Vidalia,GA,1,1008,www.southeasterntech.edu/,www.southeasterntech.edu/npcalc/,19660,3400,5968,10612,,,,,high,,,5027,30329,,,,,,,,32.20393,-82.365827,FLY,2500
369419,Erwin Technical College,Tampa,FL,1,581,www.hillsboroughschools.org/erwin,www.goaltc.com/Financial Aid/Documents/npcalc.htm,,,,2238,4101,5351,10179,,low,,,,37966,,,,,,,,27.997242,-82.435933,FLY,2500
369668,Central Pennsylvania Institute of Science and Technology,Pleasant Gap,PA,1,171,www.cpi.edu/,www.cpi.edu/adult-cont-ed.php,,,,8203,10518,11640,15817,,high,,,7480,41677,0.962,,,,,,,40.882168,-77.740923,DRIVE,600
371690,Downey Adult School,Downey,CA,1,875,www.das.edu/,https://www.das.edu/netpricecalculator/npcalc.htm,,,,13340,14301,16194,,,high,,,,46851,,,,,,,,33.91965,-118.115727,FLY,2500
375230,Yeshiva Gedolah Imrei Yosef D'spinka,Brooklyn,NY,2,226,spinka58st.com/,spinka58st.com/netpricecalculator/npcalc.html,15989,12500,12500,5174,6923,7144,,,medium,0.2162,0.2353,,36545,,,,,,,,40.628468,-73.992328,DRIVE,1000
375416,Remington College-Cleveland Campus,Cleveland,OH,2,197,https://www.remingtoncollege.edu/locations/cleveland-ohio/,https://www.remingtoncollege.edu/net-price-calculator/,29267,15876,15876,23597,25069,24694,,,critical,,,9500,31349,,,,,,,,41.422951,-81.579347,FLY,2500
375683,Gordon Cooper Technology Center,Shawnee,OK,1,173,www.gctech.edu/,https://www.gctech.edu/apps/pages/consumer_information,,,,311,2427,2077,3895,,low,,,,42021,,,,,,,,35.380321,-96.908013,FLY,2500
376385,Universal Technology College of Puerto Rico,Aguadilla,PR,2,149,www.unitecpr.edu/,nces.ed.gov/ipeds/netpricecalculator/,,,,6129,6416,6446,8912,,medium,0.6437,0.6324,,19878,,,,,,,,18.42812,-67.155628,FLY,2500
376695,College of the Marshall Islands,Majuro,MH,1,1009,https://www.cmi.edu/,https://cmi.edu/net-price-calculator/,17275,6840,7480,9996,,,,,high,0.1837,0.1841,,,,,,,,,,7.102688,171.378129,FLY,2500
377111,Remington College-Fort Worth Campus,North Richland Hills,TX,2,154,https://www.remingtoncollege.edu/locations/fort-worth-texas/,www.remingtoncollege.edu/net-price-calculator/,31669,16071,16071,25777,26033,26860,27386,,critical,,,9500,31349,,,,,,,,32.847676,-97.24061,FLY,2500
377555,University of Washington-Bothell Campus,Bothell,WA,1,5457,https://www.uwb.edu/,https://www.washington.edu/financialaid/getting-started/net-price-calculator/,26908,12919,43155,5573,6350,8415,15215,25993,medium,0.6532,0.5986,12375,78466,0.906,,,,,,,47.759773,-122.191293,FLY,2500
377564,University of Washington-Tacoma Campus,Tacoma,WA,1,4185,https://www.tacoma.uw.edu/,https://www.tacoma.uw.edu/finaid/calculator,25346,13168,43404,4458,6135,6748,11449,22183,medium,0.6324,0.5741,12375,78466,0.8252,,,,,,,47.244594,-122.438541,FLY,2500
377652,Valley College-Beckley,Beckley,WV,2,165,www.valley.edu/,valley.edu/documents/net-price-calculator/beckley/index.html,,,,25305,25611,21338,,,critical,,,6843,24070,,,,,,,,37.789287,-81.187539,DRIVE,1500
377661,Valley College-Martinsburg,Martinsburg,WV,2,765,www.valley.edu/,valley.edu/documents/net-price-calculator/martinsburg/index.html,,,,25497,26541,27669,,,critical,0.6643,0.6719,9418,24900,,,,,,,,39.486897,-77.959272,DRIVE,1500
380359,Bay Mills Community College,Brimley,MI,1,662,https://bmcc.edu/,https://bmcc.edu/admissions/net-price-calculator.html,12043,3480,3480,1549,1042,5992,10952,,low,0.3023,0.2903,,30048,,,,,,,,46.45482,-84.606312,FLY,2500
380368,Fond du Lac Tribal and Community College,Cloquet,MN,1,557,www.fdltcc.edu/,fdltcc.edu/faculty-staff/business-services/tuition-and-fee-payments/,19659,6006,6006,9779,12319,12218,18523,19659,high,0.2566,0.1923,9500,45665,,,,,,,,46.690069,-92.451326,FLY,2500
380377,Northwest Indian College,Bellingham,WA,1,629,www.nwic.edu/,https://www.nwic.edu/wp-content/uploads/2021/08/netpricecalculator2021index.html,10551,4365,4365,2630,2952,3709,8610,,medium,0.1806,0.2128,,35447,,,,,,,,48.794131,-122.614656,FLY,2500
383190,Hawaii Community College,Hilo,HI,1,1546,www.hawaii.hawaii.edu/,https://www.hawaii.hawaii.edu/files/financialaid/netpricecalculator/,15702,3204,8340,7964,6745,9929,11917,15383,high,,,6101,34891,,,,,,,,19.704756,-155.069653,FLY,2500
383996,Eastern New Mexico University Ruidoso Branch Community College,Ruidoso,NM,1,377,www.ruidoso.enmu.edu/,www.enmu.edu/financial-aid/net-price-calculator,9907,1372,3268,736,2495,5724,5931,,low,,,11000,38550,,,,,,,,33.346376,-105.677273,FLY,2500
384254,Beacon College,Leesburg,FL,2,506,https://www.beaconcollege.edu/,https://www.beaconcollege.edu/admissions/tuition-financial-aid/tuition/net-price-calculator/,70775,51680,51680,47601,47213,52117,55423,58721,critical,0.6023,0.5417,18500,29420,0.4347,,,,,,,28.811281,-81.87415,FLY,2500
384333,Estrella Mountain Community College,Avondale,AZ,1,4512,www.estrellamountain.edu/,www.estrellamountain.edu/disclosures,18040,2358,8958,10780,11281,13247,15695,17197,high,,,4670,44356,,,,,,,,33.480722,-112.343158,FLY,2500
384342,Heartland Community College,Normal,IL,1,2997,https://www.heartland.edu/,https://www.heartland.edu/payingforcollege/cost/netcalc.html,16727,5550,13110,9593,10872,12959,15469,16073,high,,,5500,40768,,,,,,,,40.53301,-89.014776,FLY,2500
384421,Rabbi Jacob Joseph School,Edison,NJ,2,115,https://rabbijacobjoseph.com/,https://rabbijacobjoseph.com/links/,22600,12700,12700,8913,,7587,10547,,high,0,0,,,0.9167,,,,,,,40.501001,-74.397954,DRIVE,600
385619,Everglades University,Boca Raton,FL,2,2789,https://www.evergladesuniversity.edu/,https://enroll.evergladesuniversity.edu/npc,38913,21680,21680,25556,28867,29319,30356,34886,critical,0.6136,0.6348,18950,47597,0.8145,,,,,,,26.391218,-80.108331,FLY,2500
386153,Seminar L'moros Bais Yaakov,Brooklyn,NY,2,449,seminarlmorosbaisyaakov.com/,https://seminarlmorosbaisyaakov.com/links/,31285,12500,12500,24396,23763,23246,23762,,critical,,,,24366,0.844,,,,,,,40.634863,-73.985376,DRIVE,1000
386472,Herzing University-Orlando,Winter Park,FL,2,714,https://www.herzing.edu/,https://www.herzing.edu/tuition-financial-aid/net-price-calculator,26664,13450,13450,19463,18849,18891,,25787,critical,0.3714,0.3182,11756,36909,0.942,,,,,,,28.615784,-81.312669,FLY,2500
388520,College of Biblical Studies-Houston,Houston,TX,2,419,https://cbshouston.edu/,https://prospect.studentaidprocess.com/saintprospect/(S(acurek5qf4nwiw2nfbr4xvem))/netpricecalculator?corpid=93,11523,9350,9350,672,,,,,low,0.4,0,14750,39260,,,,,,,,29.716676,-95.506559,FLY,2500
395362,Copper Mountain Community College,Joshua Tree,CA,1,1323,www.cmccd.edu/,https://npc.cccco.edu/971/npcalc.htm,18216,1390,13570,8655,9875,10383,14499,,high,,,9250,33281,,,,,,,,34.140464,-116.213939,FLY,2500
399212,Santiago Canyon College,Orange,CA,1,10579,www.sccollege.edu/SitePages/Home.aspx,https://npc.cccco.edu/873/npcalc.htm,13818,1164,9612,-219,454,4833,9373,11014,low,,,4500,44956,,,,,,,,33.795449,-117.766762,FLY,2500
399911,Soka University of America,Aliso Viejo,CA,2,484,www.soka.edu/,npc.collegeboard.org/app/soka,55064,38728,38728,12020,10619,12049,12724,30940,high,0.9182,0.8667,15250,55017,0.4338,620,720,713,790,,,33.554546,-117.735344,FLY,2500
401223,World Mission University,Los Angeles,CA,2,207,www.wmu.edu/,www.wmu.edu/financialcalculator/,22505,6920,6920,15785,,,,,critical,1,1,,,,,,,,,,34.064918,-118.289484,FLY,2500
404426,Coconino Community College,Flagstaff,AZ,1,2426,https://www.coconino.edu/,https://www.coconino.edu/ccc-pages/netprice-calculator/,19844,2907,9987,13971,12729,13705,16956,15287,high,,,5500,40420,,,,,,,,35.171328,-111.645631,FLY,2500
405058,Yeshivas Novominsk,Brooklyn,NY,2,157,https://yeshivasnovominsk.com/,https://yeshivasnovominsk.com/wp-content/links/,17880,8640,8640,4700,5166,7091,11133,,medium,0.8077,0.7857,,,0.9038,,,,,,,40.623395,-73.989968,DRIVE,1000
405854,Rabbinical College of Ohr Shimon Yisroel,Brooklyn,NY,2,232,https://ohr-sy.com/,https://ohrcosy.org/,41283,22300,22300,31932,35904,,,,critical,0.4118,0.4667,,,,,,,,,,40.704389,-73.956772,DRIVE,1000
405872,Carroll Community College,Westminster,MD,1,1990,https://www.carrollcc.edu/,https://webapps1.carrollcc.edu/extassets/netpricecalculator/netprice/npcalc.htm,8628,4308,10158,1167,1999,2638,6853,8557,low,,,7769,44349,,,,,,,,39.531805,-76.991113,DRIVE,1000
409315,South Texas College,McAllen,TX,1,15856,https://www.southtexascollege.edu/,https://apps.highered.texas.gov/index.cfm?page=1a0b23b6b5960748dfcd38f788922d7646e17b1a9204b5063fdc2830e9d90dc4&fice=031034,9561,4920,7620,1395,1651,3841,5274,,low,0.2729,0.2717,,36788,,,,,,,,26.217591,-98.253634,FLY,2500
409698,California State University-Monterey Bay,Seaside,CA,1,6819,https://csumb.edu/,https://csumb.github.io/net-price-calculator.html,26987,7779,20379,9970,9981,12440,16281,22818,high,0.5909,0.5625,11000,59247,0.974,,,,,,,36.652397,-121.796178,FLY,2500
412173,Academy for Nursing and Health Occupations,West Palm Beach,FL,2,558,www.anho.edu/,www.anho.edu/net price calculator/20240530/NetPriceTemplate/index.html,,,,29019,30769,,,38164,critical,,,15715,47039,,,,,,,,26.70653,-80.121497,FLY,2500
412599,Remington College-Memphis Campus,Memphis,TN,2,331,https://www.remingtoncollege.edu/locations/memphis-tennessee/,https://www.remingtoncollege.edu/net-price-calculator/,32443,17083,17083,26292,28809,29266,,,critical,,,9500,31349,,,,,,,,35.071403,-89.989881,FLY,2500
413617,College of Menominee Nation,Keshena,WI,2,258,https://www.menominee.edu/,https://www.menominee.edu/admission-aid/net-price-calculator,16144,6200,6200,9136,9022,7926,,,high,0.3171,0.3333,,25853,,,,,,,,44.859044,-88.625628,FLY,2500
413626,Leech Lake Tribal College,Cass Lake,MN,1,197,www.lltc.edu/,www.lltc.edu/financial-aid/net-price-calculator,16717,4850,4850,13169,13042,,12109,,high,,,,,,,,,,,,47.395686,-94.651563,FLY,2500
414878,Trine University-Regional/Non-Traditional Campuses,Angola,IN,2,607,trine.edu/online/index.aspx,www.trine.edu/admission-aid/tuition-aid/trine-net-price-calculator.aspx,26786,7176,7176,,12932,21499,,,,0,,18500,57165,0.3986,,,,,,,41.632502,-85.008009,FLY,2500
414911,Pennsylvania Highlands Community College,Johnstown,PA,1,788,www.pennhighlands.edu/,https://my.pennhighlands.edu/ics/net_price_calculator.jnz?portlet=external_content,12306,7110,13350,2945,5079,6693,9715,12042,medium,,,6211,38752,,,,,,,,40.26408,-78.837175,DRIVE,600
416801,The University of Texas MD Anderson Cancer Center,Houston,TX,1,334,www.mdanderson.org/,,,,,,,,,,,,,12500,90232,,,,,,,,29.707016,-95.396804,FLY,2500
417734,Southeast Missouri Hospital College of Nursing and Health Sciences,Cape Girardeau,MO,2,200,www.sehcollege.edu/,https://nces.ed.gov/collegenavigator/?q=southeast&s=MO&id=417734,24592,11064,11064,14197,,,,21987,high,0.75,1,9860,60918,1,,,,,17,19,37.302453,-89.54587,FLY,2500
418296,Indian Capital Technology Center-Muskogee,Muskogee,OK,1,1491,www.ictech.edu/,www.ictech.edu/apps/pages/net-price-calculator,,,,5265,3431,2585,7052,,medium,,,,33208,,,,,,,,35.774921,-95.311895,FLY,2500
418533,Lancaster County Career and Technology Center,Willow Street,PA,1,279,www.lancasterctc.edu/,lancasterctc.edu/admissions/higher-education-admissions/financial-aid/,,,,17185,18146,16146,22146,,critical,,,11858,44566,,,,,,,,39.984811,-76.266186,DRIVE,600
419226,Marion Technical College,Ocala,FL,1,463,www.mariontc.edu/,https://www.mariontc.edu/wp-content/uploads/2023/09/calculator-1.html,,,,8318,8770,9655,9860,13021,high,,,,36095,,,,,,,,29.178271,-82.147877,FLY,2500
420398,Northwest Vista College,San Antonio,TX,1,13993,alamo.edu/nvc/,https://apps.highered.texas.gov/apps/npc?fice=000307,11932,3412,9952,3178,4204,5752,7633,10517,medium,0.3198,0.3328,5500,42490,,,,,,,,29.471308,-98.70513,FLY,2500
420431,Oconee Fall Line Technical College,Sandersville,GA,1,1708,www.oftc.edu/,https://oftc.edu/admissions/financial-aid/net-price-calculator/,24902,3380,5948,12378,12647,17057,12835,,high,,,4688,30899,,,,,,,,32.996687,-82.839621,FLY,2500
420440,York County Community College,Wells,ME,1,1133,https://www.yccc.edu/,https://www.yccc.edu/about-us/about-yccc/consumer-info/york-county-community-college-net-price-calculator/,15075,4156,7036,3948,6217,8506,9732,3091,medium,,,5500,44873,,,,,,,,43.306797,-70.590783,DRIVE,1500
420468,Western Suffolk BOCES,Northport,NY,1,286,www.wilsontech.org/,www.wsboces.org/fulltime/financial-help/,,,,,,,,,,,,9500,49667,,,,,,,,40.877083,-73.343689,DRIVE,1000
420538,Arkansas State University-Mountain Home,Mountain Home,AR,1,925,www.asumh.edu/,https://www.asumh.edu/financial-aid/net-price-calculator.html,16071,3312,4776,7734,7560,9887,11116,10910,high,,,8685,34238,,,,,,,,36.320466,-92.388581,FLY,2500
420556,Columbia Gorge Community College,The Dalles,OR,1,543,https://www.cgcc.edu/,cgcc.edu/npc,18608,5940,10260,10398,,11328,,,high,,,8778,44440,,,,,,,,45.590724,-121.190197,FLY,2500
420723,Tillamook Bay Community College,Tillamook,OR,1,294,tillamookbaycc.edu/,https://tbcportal.jenzabarcloud.com/ICS/Cost_Calculator/,13267,4896,5616,5594,4455,4831,9265,,medium,,,6980,,,,,,,,,45.456603,-123.813624,FLY,2500
420981,Manhattan School of Computer Technology,Brooklyn,NY,2,1002,www.manhattanschool.edu/,www.manhattanschool.edu/financial-aid/net-price-calculator/,,,,11697,12055,,,,high,,,,26020,,,,,,,,40.63473,-73.967118,DRIVE,1000
423652,Oregon Coast Community College,Newport,OR,1,376,www.oregoncoastcc.org/,www.pcc.edu/enroll/paying-for-college/financial-aid/net-price-calculator/,14650,5544,5544,7489,9020,,,,medium,,,6334,,,,,,,,,44.603136,-124.046973,FLY,2500
426314,Embry-Riddle Aeronautical University-Worldwide,Daytona Beach,FL,2,9139,worldwide.erau.edu/,https://www.shoppingsheet.com/Shopping/Landing/erau-426314,24878,12097,12097,18216,18777,19002,21057,,critical,0.2055,0.1231,14250,84131,0.5791,520,630,520,610,18,28,29.189903,-81.048367,FLY,2500
427308,Merkaz Bnos-Business School,Brooklyn,NY,2,110,www.mbs-career.org/,https://mbs-career.org/wp-content/uploads/2025/08/index.html,,,,31458,32539,33592,33940,,critical,,,,27249,,,,,,,,40.601511,-73.997176,DRIVE,1000
427991,Osceola Technical College,Kissimmee,FL,1,519,https://otech.osceolaschools.net/,https://nces.ed.gov/ipeds/netpricecalculator/#/,,,,6494,3829,7432,9048,,medium,,,,38484,,,,,,,,28.298648,-81.349696,FLY,2500
428392,Klamath Community College,Klamath Falls,OR,1,1130,https://www.klamathcc.edu/,https://www.klamathcc.edu/en-US/admissions/financial-aid/net-price-calculator.html,15644,4965,8025,5840,5034,8701,12223,12321,medium,,,9500,34357,,,,,,,,42.195028,-121.698855,FLY,2500
429128,Urban College of Boston,Boston,MA,2,438,https://www.urbancollege.edu/,https://calculator.studentaidprocess.com/calculator/(s(qpkkaquwexb105tecnzrqp5m))/netpricecalculator?corpid=161,19353,7608,7608,6957,,,,,medium,,,,35472,,,,,,,,42.352922,-71.0642,DRIVE,1500
430795,Carver Career Center,Charleston,WV,1,169,www.carvercareercenter.edu/,https://apps.kana.k12.wv.us/misc/npcalc-carver.html,,,,,6423,8363,,,,,,,33739,,,,,,,,38.289708,-81.562988,DRIVE,1500
431600,UPMC Mercy School of Nursing,Pittsburgh,PA,2,308,https://www.upmc.com/mercyson,https://www.upmc.com/healthcare-professionals/education/schools-of-nursing/campuses/mercy/price-calculator,35713,16190,16190,32063,,32450,35713,35331,critical,,,12000,68337,0.8789,,,,,,,40.435584,-79.986445,DRIVE,600
433174,Carolinas College of Health Sciences,Charlotte,NC,1,533,www.carolinascollege.edu/,https://atriumhealth.org/carolinas_college/netprice/npcalc.htm,,18882,18882,,,,,,,1,1,9500,64624,0.599,460,690,490,690,,,35.181863,-80.927508,FLY,2500
433387,Western Governors University,Salt Lake City,UT,2,155088,www.wgu.edu/,https://www.wgu.edu/financial-aid-tuition/net-price-calculator.html,16728,8658,8658,12064,12436,12578,14824,12734,high,0.4618,0.3864,8318,60615,,,,,,,,40.68481,-111.869752,FLY,2500
433536,Herzing University-New Orleans,Metairie,LA,2,346,https://www.herzing.edu/,https://www.herzing.edu/tuition-financial-aid/net-price-calculator,28414,13450,13450,20759,22206,,22797,,critical,0.1538,0.1667,11756,36909,0.92,,,,,,,30.019252,-90.155851,FLY,2500
433660,Florida Gulf Coast University,Fort Myers,FL,1,13874,www.fgcu.edu/,https://www.fgcu.edu/admissionsandaid/financialaid/netpricecalculator/npcalc.htm,20807,6118,25162,8220,8191,10999,15450,18829,high,0.574,0.5291,11999,54560,0.6344,530,610,510,590,20,25,26.463638,-81.7726,FLY,2500
434016,Little Priest Tribal College,Winnebago,NE,1,182,https://www.littlepriest.edu/,https://www.littlepriest.edu/wp-content/uploads/2024/08/index-1.html,12581,5400,5400,9010,9279,10326,,,high,,,,,,,,,,,,42.234983,-96.467881,FLY,2500
434061,South Louisiana Community College,Lafayette,LA,1,5035,https://www.solacc.edu/,https://www.solacc.edu/financial-aid/files/calculator/net price calculator 2022-2023.html,19044,4210,4210,11793,11823,14266,17106,17696,high,,,7250,31432,,,,,,,,30.218616,-92.050933,FLY,2500
434584,Ilisagvik College,Barrow,AK,1,126,www.ilisagvik.edu/,www.ilisagvik.edu/fa-netcalc/npcalc.htm,14377,5260,5260,6124,7979,,,,medium,0.4615,0.7143,,39541,,,,,,,,71.324702,-156.679486,FLY,2500
434672,Community College of Baltimore County,Baltimore,MD,1,13872,www.ccbcmd.edu/,www.ccbcmd.edu/static/net-price-calculator/index.html,15781,4432,11010,8807,8725,10833,13023,15032,high,,,8251,43729,,,,,,,,39.352647,-76.48211,DRIVE,1000
434751,White Earth Tribal and Community College,Mahnomen,MN,2,110,www.wetcc.edu/,www.wetcc.edu/financial-aid/tuition/net-price-calculator/,20963,5490,5490,2710,-1483,,,,medium,,,,18044,,,,,,,,47.3175,-95.953099,FLY,2500
434900,Dewey University-Carolina,Carolina,PR,2,292,dewey.edu/,https://www.collegeraptor.com/Shopping/School/Dewey-University-Carolina-PR--434900,11572,7630,7630,3639,4127,5468,6589,,medium,0.6207,0.5238,5000,19761,,,,,,,,18.376596,-65.958397,FLY,2500
436304,River Parishes Community College,Gonzales,LA,1,1880,www.rpcc.edu/,www.rpcc.edu/financial-aid/net-price-calculator,16783,4079,4079,9922,9548,11534,13977,15779,high,,,7329,37848,,,,,,,,30.191006,-90.930804,FLY,2500
436818,University of Connecticut-Waterbury Campus,Waterbury,CT,1,733,https://waterbury.uconn.edu/,https://financialaid.uconn.edu/pricecalc/,22933,18140,40808,5604,5463,11490,15621,20538,medium,0.5273,0.4969,18610,73997,0.8666,480,600,430,600,,,41.555617,-73.039242,DRIVE,1000
436827,University of Connecticut-Avery Point,Groton,CT,1,454,https://averypoint.uconn.edu/,https://financialaid.uconn.edu/pricecalc/,23337,18140,40808,8996,8371,11221,18706,21757,high,0.6162,0.5625,18610,73997,0.8818,490,610,470,580,,,41.316419,-72.065336,DRIVE,1000
436836,University of Connecticut-Stamford,Stamford,CT,1,2432,https://stamford.uconn.edu/,https://financialaid.uconn.edu/pricecalc/,30122,18150,40818,11632,11792,16052,21916,28354,high,0.5654,0.5722,18610,73997,0.8298,470,630,460,630,25,32,41.056081,-73.542206,DRIVE,1000
437103,Baton Rouge Community College,Baton Rouge,LA,1,8362,https://www.mybrcc.edu/,https://mybrcc.edu/financial-aid/npc/index.html,16522,4321,4321,8860,8156,10336,14051,15056,high,,,7000,34581,,,,,,,,30.448276,-91.137935,FLY,2500
438708,Eastern West Virginia Community and Technical College,Moorefield,WV,1,225,www.easternwv.edu/,easternwv.edu/financial-aid/net-price-calculator,17258,4722,4722,6392,8962,10281,,12425,medium,,,5500,31636,,,,,,,,39.075562,-78.932546,DRIVE,1500
439190,Cascadia College,Bothell,WA,1,1032,www.cascadia.edu/,tuitioncalculator.cascadia.edu/,21077,5157,11296,10480,8673,13320,17128,21077,high,0.321,0.2857,5215,54133,,,,,,,,47.760915,-122.191572,FLY,2500
439367,CBD College,Los Angeles,CA,2,1581,www.cbd.edu/,https://www.cbd.edu/wp-content/uploads/2025/06/index.html,,,,22935,23547,,,,critical,0.8214,0.8056,16733,37237,,,,,,,,34.06231,-118.306221,FLY,2500
439570,Community Care College,Tulsa,OK,2,493,www.communitycarecollege.edu/,collegesooner.com/ccc-calc/,,,,26504,25657,26328,31009,31009,critical,,,7934,28954,,,,,,,,36.101615,-95.905178,FLY,2500
439701,The King's University,Southlake,TX,2,251,https://www.tku.edu/,https://www.tku.edu/admissions/financial-aid/financial-aid-calculator/,18075,12480,12480,16825,12674,,14343,13430,critical,0.4737,0.5833,14250,41471,0.6064,,,,,,,32.93973,-97.121526,FLY,2500
440271,Remington College-Baton Rouge Campus,Baton Rouge,LA,2,210,https://www.remingtoncollege.edu/locations/baton-rouge-louisiana/,https://www.remingtoncollege.edu/net-price-calculator/,29692,15837,15837,22833,23994,24603,,,critical,,,9500,31349,,,,,,,,30.411857,-91.052999,FLY,2500
440396,New Saint Andrews College,Moscow,ID,2,305,nsa.edu/,https://nsa.edu/admissions/tuition-fees,,16800,16800,,,,,,,0.7391,,,,0.8389,605,688,550,670,23,30,46.731422,-117.001804,FLY,2500
440402,Arkansas State University-Newport,Newport,AR,1,1236,https://www.asun.edu/,https://www.asun.edu/getstarted/netprice.php#gsc.tab=0,15060,3312,4752,7403,8475,9872,10346,12781,medium,,,5750,41524,,,,,,,,35.640492,-91.190594,FLY,2500
440651,Atenas University,Manati,PR,2,597,www.atenasuniversity.edu/,https://www.atenasuniversity.edu/net-price-calculator,15539,8954,8954,5566,4602,11324,,15539,medium,0.4248,0.4248,6600,20231,,,,,,,,18.429776,-66.488422,FLY,2500
440794,Pillar College,Newark,NJ,2,498,www.pillar.edu/,pillar.edu/net-price-calculator/,38047,25900,25900,15139,7114,3181,4411,,critical,0.3846,0.4516,17817,45577,,,,,,,,40.738539,-74.169153,DRIVE,600
440828,Oregon State University-Cascades Campus,Bend,OR,1,1044,https://osucascades.edu/,https://financialaid.oregonstate.edu/net-price-calculator,29798,13566,37356,11497,11716,16694,20055,24478,high,0.5556,0.3077,15000,64010,0.6311,605,670,538,648,,,44.042795,-121.333703,FLY,2500
440916,Southern University Law Center,Baton Rouge,LA,1,607,www.sulc.edu/,www.sulc.edu/,,,,,,,,,,,,15455,43371,,,,,,,,30.523898,-91.194417,FLY,2500
441070,Saginaw Chippewa Tribal College,Mount Pleasant,MI,1,164,www.sagchip.edu/,www.sagchip.edu/net-price-calculator,19424,2730,2730,11949,,,,,high,,,,,,,,,,,,43.612084,-84.731121,FLY,2500
441371,Ultimate Medical Academy,Clearwater,FL,2,8932,https://www.ultimatemedical.edu/,https://www.ultimatemedical.edu/npcalc/npcalc.htm,,,,20284,21073,21846,23511,23920,critical,,,11969,29194,,,,,,,,27.965294,-82.78558,FLY,2500
441609,Yeshiva Shaarei Torah of Rockland,Suffern,NY,2,152,www.yst.edu/,yst.edu/info-%26-policies,22780,13000,13000,,,10753,,,,,,,89548,0.3667,,,,,,,41.12362,-74.090159,DRIVE,1000
441690,Universidad Pentecostal Mizpa,Rio Piedras,PR,2,137,mizpa.edu/,mizpa.edu/netprice/,12652,4560,4560,5172,7707,,,,medium,0.1538,0.1538,,21410,,,,,,,,18.358258,-66.085117,FLY,2500
441760,Lamar Institute of Technology,Beaumont,TX,1,3055,https://www.lit.edu/,apps.highered.texas.gov/net-price-calculator/,19245,2844,12924,12877,13207,15622,17451,18932,high,,,8287,38991,,,,,,,,30.047885,-94.077126,FLY,2500
441900,Nevada State University,Henderson,NV,1,3762,https://nevadastate.edu/,https://app.meadowfi.com/nevadastate,23718,6765,21833,11438,13084,16002,17757,21125,high,0.3358,0.3229,12547,53166,0.8682,,,,,,,35.982345,-114.938044,FLY,2500
441937,California State University-Channel Islands,Camarillo,CA,1,5013,www.csuci.edu/,https://www2.calstate.edu/attend/paying-for-college/pages/csu-costs.aspx,23561,7159,19759,6857,7083,9083,12286,20473,medium,0.5132,0.504,12500,62152,0.9481,,,,,,,34.162949,-119.04356,FLY,2500
441982,Franklin W Olin College of Engineering,Needham,MA,2,377,www.olin.edu/,https://npc.collegeboard.org/student/app/olin,86474,66398,66398,,3100,9528,12271,27096,,0.9639,0.9167,14287,129455,0.252,723,768,770,790,,,42.293527,-71.263378,DRIVE,1500
442356,Saint Joseph's University - Lancaster,Lancaster,PA,2,1280,https://www.sju.edu/lancaster,https://sju.studentaidcalculator.com/survey.aspx,47879,32933,32933,37532,38376,41420,44745,47879,critical,0.6875,0.6957,21500,86881,0.4121,,,,,,,40.060419,-76.247035,DRIVE,600
442569,University of Arkansas Grantham,LIttle Rock,AR,1,2833,https://www.uagrantham.edu/,www.uagrantham.edu/online-college-tuition/net-price-calculator/,15318,8520,8520,8384,7973,9938,,,high,0.4304,0.4082,8491,63496,,,,,,,,34.775996,-92.343582,FLY,2500
442781,Tohono O'odham Community College,Sells,AZ,1,998,https://www.tocc.edu/,https://npc.collegeboard.org/app/tocc,8282,932,932,4225,3362,5634,4584,,medium,,,,39229,,,,,,,,31.989869,-111.715445,FLY,2500
443049,Faith International University,Tacoma,WA,2,276,https://www.faithiu.edu/,https://netprice.simpleapply.com/Faith/NPC/Summary/,31368,8850,8850,22662,,,,,critical,0.25,0,12500,51006,,,,,,,,47.280168,-122.51687,FLY,2500
443492,Pierpont Community and Technical College,Fairmont,WV,1,959,https://www.pierpont.edu/,https://pierpont.studentaidcalculator.com/survey.aspx,14707,5762,13660,7780,6956,9360,13453,14707,high,,,8618,35132,,,,,,,,39.432199,-80.192304,DRIVE,1500
443562,Dewey University-Hato Rey,Hato Rey,PR,2,244,dewey.edu/,dewey.edu/jdc/matricula2012/NetPriceCalculator/npcalc.htm,11993,8180,8180,3192,3600,5035,,,medium,0.537,0.4783,5000,19761,,,,,,,,18.417614,-66.043033,FLY,2500
444219,Folsom Lake College,Folsom,CA,1,9414,https://www.flc.losrios.edu/,https://www.flc.losrios.edu/admissions/cost-of-attendance/net-price-calculator,13901,1288,12616,4458,4933,7747,9776,10400,medium,,,9255,42568,,,,,,,,38.661372,-121.127486,FLY,2500
444413,Beis Medrash Heichal Dovid,Far Rockaway,NY,2,206,www.heichaldovid.org/,heichaldovid.org/calculator.html,20540,10480,10480,8444,19261,8528,14300,13541,high,0.5263,0.2857,,,0.7895,,,,,,,40.596845,-73.751633,DRIVE,1000
444954,Mountwest Community and Technical College,Huntington,WV,1,1160,www.mctc.edu/,https://www.mctc.edu/net-price-calculator/,15667,4938,12304,7895,9539,9321,11178,15667,high,,,5136,28951,,,,,,,,38.392635,-82.458186,DRIVE,1500
445188,University of California-Merced,Merced,CA,1,8372,ucmerced.edu/,finaidcalc.ucmerced.edu/,39665,15623,49823,7945,8465,11557,14828,28734,high,0.6872,0.6825,12750,64368,0.9053,,,,,,,37.366237,-120.424944,FLY,2500
445249,Remington College-Nashville Campus,Nashville,TN,2,280,https://www.remingtoncollege.edu/locations/nashville-loc2252/,https://www.remingtoncollege.edu/net-price-calculator/,34630,16258,16258,28688,29796,30700,32567,,critical,,,9500,31349,,,,,,,,36.152337,-86.665629,FLY,2500
445267,Central Methodist University-College of Graduate and Extended Studies,Fayette,MO,2,2092,www.centralmethodist.edu/,www.centralmethodist.edu/admissions/financial-aid/calculator/npcalc.htm,22310,7440,7440,14601,,,,,high,0,0,13292,48991,0.8753,,,,,19,25,39.150497,-92.685253,FLY,2500
445708,Johnson & Wales University-Charlotte,Charlotte,NC,2,1184,https://www.jwu.edu/campuses/charlotte/,https://enroll.jwu.edu/register/npcclt?&_ga=2.230592220.1144428041.1661956580-1253747645.1659483415,58022,42419,42419,23414,24568,25109,30117,33680,critical,0.4897,0.4312,16334,43418,0.7988,450,570,430,560,16,23,35.233502,-80.851208,FLY,2500
445735,Roseman University of Health Sciences,Henderson,NV,2,536,www.roseman.edu/,www.roseman.edu/students-alumni/bursar/tuition-and-fees/,,,,,,,,,,,,25000,120163,,,,,,,,36.073182,-115.064633,FLY,2500
446048,Ave Maria University,Ave Maria,FL,2,1298,www.avemaria.edu/,https://netprice.avemaria.edu/,46129,30198,30198,18761,20840,23790,24088,27107,critical,0.5394,0.5196,12000,49520,0.4139,,,,,,,26.335983,-81.438945,FLY,2500
446163,Community Christian College,Quartzsite,AZ,2,424,https://www.cccollege.edu/,https://www.cccollege.edu/financial-aid-net-price-calculator,27218,9675,9675,21355,25435,,,,critical,,,3668,39217,,,,,,,,34.068664,-117.217101,FLY,2500
446233,Ecclesia College,Springdale,AR,2,108,ecollege.edu/,ecollege.edu/financial-aid/cost-of-education/,31571,16850,16850,20801,20663,20393,27248,26071,critical,0.4,0.5,9000,40650,0.7381,,,,,,,36.2141,-94.236643,FLY,2500
446604,Uta Mesivta of Kiryas Joel,Monroe,NY,2,2957,utam.edu/,utam.edu/NetPriceCalculator/npcalc.htm,21682,16000,16000,3915,3898,4617,6690,4482,medium,0.7019,0.7241,,31853,,,,,,,,41.333864,-74.161179,DRIVE,1000
446640,Harrisburg University of Science and Technology,Harrisburg,PA,2,615,www.harrisburgu.edu/,www.harrisburgu.edu/netprice/,35893,24400,24400,12637,11292,15063,19420,20871,high,0.3387,0.3109,11848,52374,0.8735,,,,,,,40.26193,-76.880261,DRIVE,600
446774,Blue Ridge Community and Technical College,Martinsburg,WV,1,1661,https://www.blueridgectc.edu/,https://www.blueridgectc.edu/financial-aid/student-aid-calculator/,11522,4752,8808,4201,4002,5911,6572,11522,medium,,,8000,39293,,,,,,,,39.43529,-78.001918,DRIVE,1500
447582,New River Community and Technical College,Beaver,WV,1,770,https://www.newriver.edu/,https://www.newriver.edu/wp-content/uploads/2025/07/index.html,12132,5156,9646,2657,3804,5989,4891,2187,medium,,,5177,29073,,,,,,,,37.76767,-81.136085,DRIVE,1500
447689,Georgia Gwinnett College,Lawrenceville,GA,1,11344,www.ggc.edu/,https://www.ggc.edu/admissions/tuition-and-financial-aid-calculators/npcalc,22547,4532,13844,14356,14738,16572,19095,20986,high,0.2147,0.2043,9000,47730,0.955,,,,,,,33.979409,-84.00459,FLY,2500
447953,SUM Bible College and Theological Seminary,El Dorado Hills,CA,2,198,www.sum.edu/,www.sum.edu/net-price-calculator/,24956,10460,10460,21249,22068,21807,23144,17426,critical,0.8481,0.7742,13815,35418,0.4068,,,,,,,38.620833,-121.054758,FLY,2500
448594,Lemoore College,Lemoore,CA,1,3373,https://lemoorecollege.edu/,https://lemoorecollege.edu/admissions/cost-of-attendance/net-price-calculator.php,21457,1384,10954,9598,9982,11382,17781,17100,high,,,7480,40292,,,,,,,,36.292431,-119.823866,FLY,2500
449135,Dewey University-Juana Diaz,Juana Diaz,PR,2,263,dewey.edu/,dewey.edu/jdc/matricula2012/NetPriceCalculator/npcalc.htm,11572,7630,7630,4520,6558,7420,,,medium,0.7333,,5000,19761,,,,,,,,18.057023,-66.509285,FLY,2500
449506,SABER College,Miami,FL,2,482,sabercollege.edu/,https://sabercollege.edu/Net-Price-Calculator.html,,,,10748,13278,,,,high,,,22000,40816,0.8037,,,,,,,25.771518,-80.261299,FLY,2500
449658,Bais Medrash Toras Chesed,Lakewood,NJ,2,132,www.bmtc.edu/,www.bmtc.edu/netprice-calculator-22-23.html,14000,8100,8100,6605,,6955,,,medium,0.3333,0,,,0.5765,,,,,,,40.099704,-74.21127,DRIVE,600
450401,Clary Sage College,Tulsa,OK,2,415,www.clarysagecollege.com/,collegesooner.com/csc-calc/,,,,21490,24267,24479,22460,26123,critical,,,7934,28954,,,,,,,,36.117058,-95.903835,FLY,2500
451398,Yeshiva Toras Chaim,Lakewood,NJ,2,227,https://ytclakewood.com/,https://sites.google.com/site/yeshivatoraschaimlakewood/,23250,12750,12750,3247,4931,5629,8287,,medium,0.3103,0,,62526,0.4425,,,,,,,40.098692,-74.182143,DRIVE,600
451404,Talmudical Seminary of Bobov,Brooklyn,NY,2,602,www.independentrabbinicalcolleges.org/,https://sites.google.com/site/talmudicalseminaryofbobov/,19000,13200,13200,1852,1965,6547,1900,9344,low,0.3922,0.4211,,22432,0.9787,,,,,,,40.634485,-73.995378,DRIVE,1000
451750,Bryant & Stratton College-Wauwatosa,Wauwatosa,WI,2,1037,https://www.bryantstratton.edu/,https://www.bryantstratton.edu/financial-aid/net-price-calculator,26292,20288,20288,14775,,11909,18334,17792,high,0.1974,0.1765,9500,32568,,,,,,,,43.043215,-88.050983,FLY,2500
451857,Remington College-Houston Southeast Campus,League City,TX,2,111,https://www.remingtoncollege.edu/locations/houston-texas/,https://www.remingtoncollege.edu/net-price-calculator/,26339,16926,16926,20618,22338,22600,,,critical,,,9500,31349,,,,,,,,29.501276,-95.118946,FLY,2500
451866,Remington College-Shreveport Campus,Shreveport,LA,2,315,https://www.remingtoncollege.edu/locations/shreveport-louisiana/,https://www.remingtoncollege.edu/net-price/,37279,16245,16245,30758,,,,,critical,0.3302,0.3517,9500,31349,,,,,,,,32.403166,-93.793578,FLY,2500
451927,Patrick Henry College,Purcellville,VA,2,395,https://www.phc.edu/,https://www.phc.edu/cost-of-attendance,,28425,28425,,,,,,,0.7386,,,,0.7744,660,740,580,680,27,33,39.138687,-77.690939,DRIVE,1500
454582,Ottawa University-Online,Overland Park,KS,2,259,www.ottawa.edu/,https://www.ottawa.edu/professional-and-online/tuition-and-financial-aid/financial-aid,,13296,13296,,,,,,,0.4286,0.6667,12500,55552,,,,,,,,38.932055,-94.635461,FLY,2500
455114,College of Western Idaho,Nampa,ID,1,6459,https://cwi.edu/,https://cwi.edu/cost-aid/net-price-calculator,13121,3446,7454,6228,7227,8791,10736,12043,medium,,,4823,,,,,,,,,43.614106,-116.507314,FLY,2500
455257,Yeshiva of Machzikai Hadas,Brooklyn,NY,2,515,https://yeshivaofmachzikaihadas.com/,https://yeshivaofmachzikaihadas.com/links/,35348,10800,10800,22890,22549,25276,22698,,critical,0.7375,0.7826,,,0.7006,,,,,,,40.636104,-73.990592,DRIVE,1000
455512,Woodland Community College,Woodland,CA,1,3154,https://wcc.yccd.edu/,https://wcc.yccd.edu/student/financialaid/calculator/,13975,1124,7656,8343,8127,8890,9593,,high,,,,40042,,,,,,,,38.660392,-121.73533,FLY,2500
455664,The Chicago School at Los Angeles,Los Angeles,CA,2,337,https://www.thechicagoschool.edu/in-the-community/locations/,https://www.thechicagoschool.edu/admissions/financial-aid/funding-your-education/,,21780,21780,,,,,,,0,,10250,56899,0.4634,,,,,,,34.049478,-118.257045,FLY,2500
455770,Providence Christian College,Pasadena,CA,2,168,www.providencecc.edu/,https://www.providencecc.edu/netpricecalculator/index.html,53447,36963,36963,23481,19669,40748,,,critical,0.2,0.1667,14500,46264,1,,,,,,,34.149327,-118.141062,FLY,2500
456959,University of Minnesota-Rochester,Rochester,MN,1,568,https://r.umn.edu/,https://www.shoppingsheet.com/shopping/landing/umn-rochester,28904,15016,15016,6116,4256,6748,14650,23769,medium,0.574,0.6481,16727,69020,0.71,460,690,490,690,21,29,44.022339,-92.463471,FLY,2500
457086,Homestead Schools,Torrance,CA,2,157,www.homesteadschools.net/,homesteadschools.net/wp-content/uploads/2022/10/hsi.html,,,,16839,16839,13693,,17870,critical,0.9333,1,18040,59398,,,,,,,,33.809096,-118.35009,FLY,2500
457387,Immokalee Technical College,Immokalee,FL,1,319,www.itech.edu/,https://itc.collierschools.com/admissions/financial-aid/net-price-calculator,,,,10357,6332,9760,,,high,,,,37652,,,,,,,,26.426526,-81.425148,FLY,2500
457402,University of Fort Lauderdale,Lauderhill,FL,2,314,uftl.edu/,uftl.edu/UFTLFinancialAid.php,24410,9810,9810,19965,,,,,critical,1,1,5500,38062,,,,,,,,26.147098,-80.204938,FLY,2500
457484,Pacific Rim Christian University,Honolulu,HI,2,129,https://www.pacrim.edu/#home,https://www.pacrim.edu/tuition-and-aid/net-price-calculator,24042,13580,13580,22972,23614,,23292,,critical,0.4545,0,13616,40523,,,,,,,,21.328198,-157.888379,FLY,2500
457697,City Vision University,Kansas City,MO,2,257,https://www.cityvision.edu/,https://www.cityvision.edu/coa/,15536,6600,6600,6353,,,,,medium,0,0,,21123,,,,,,,,39.101164,-94.569475,FLY,2500
459329,Fred K Marchman Technical College,New Port Richey,FL,1,306,mtec.pasco.k12.fl.us/,mtec.pasco.k12.fl.us/wp-content/uploads/2021/09/Net-Price-Calculator.html,,,,4684,5349,4950,,,medium,,,,30259,,,,,,,,28.271196,-82.691779,FLY,2500
459727,Touro University Worldwide,Los Alamitos,CA,2,454,https://www.tuw.edu/,https://www.tuw.edu/admissions/tuition/financial-aid-information/,29016,14600,14600,18342,18728,19416,26136,,critical,0.2857,0.25,14437,40803,,,,,,,,33.808683,-118.057754,FLY,2500
459842,Herzing University-Kenosha,Kenosha,WI,2,522,https://www.herzing.edu/,https://www.herzing.edu/tuition-financial-aid/net-price-calculator,28414,13450,13450,21600,25283,24333,24103,28132,critical,0.7222,0.7857,11756,36909,0.92,,,,,,,42.582628,-87.820105,FLY,2500
459851,Herzing University-Brookfield,Brookfield,WI,2,380,https://www.herzing.edu/,https://www.herzing.edu/tuition-financial-aid/net-price-calculator,27844,13450,13450,19996,18153,22415,,22850,critical,0.4167,0.4231,11756,36909,0.9306,,,,,,,43.035738,-88.110994,FLY,2500
459949,Texas A&M University-San Antonio,San Antonio,TX,1,6599,www.tamusa.edu/,https://apps.highered.texas.gov/apps/npc/?fice=042485,21655,9654,23255,9596,10423,12898,16267,13021,high,0.4017,0.3688,12500,54338,0.928,430,540,410,530,15,21,29.304762,-98.52417,FLY,2500
460349,Johnson & Wales University-Online,Providence,RI,2,2202,https://online.jwu.edu/?_ga=2.36357734.752362341.1629739669-391300583.1600981500,https://online.jwu.edu/net-price-calculator,26864,13365,13365,19916,20580,19319,,25364,critical,0,0,16334,43418,0.9097,,,,,,,41.819956,-71.41277,DRIVE,1500
460394,Moreno Valley College,Moreno Valley,CA,1,9346,www.mvc.edu/,https://misweb.cccco.edu/npc/962/npcalc.htm,15934,1428,12498,5506,5731,7767,10797,12174,medium,,,6625,52133,,,,,,,,33.88744,-117.20271,FLY,2500
460464,Norco College,Norco,CA,1,8779,www.norcocollege.edu/,https://misweb.cccco.edu/npc/963/npcalc.htm,14075,1428,12498,3600,4614,6577,9984,10617,medium,,,5500,51206,,,,,,,,33.917387,-117.570212,FLY,2500
461032,Carolina College of Biblical Studies,Fayetteville,NC,2,159,ccbs.edu/,https://ccbs.edu/admissions/tuition-fees/net-price-calculator/,24267,6906,6906,21322,,,,,critical,0,0,17500,24581,,,,,,,,35.05141,-78.939514,FLY,2500
461245,Flagler Technical College,Palm Coast,FL,1,106,flaglertech.edu/,https://nces.ed.gov/collegenavigator/?q=flagler+technical+institute&s=fl&id=461245#expenses,,,,,,,,,,,,,,,,,,,,,29.47629,-81.211337,FLY,2500
461315,Keweenaw Bay Ojibwa Community College,LAnse,MI,1,139,www.kbocc.edu/,https://www.kbocc.edu/wp-content/uploads/2024/12/index.html,14424,5000,5000,3248,4570,,,,medium,,,,22340,,,,,,,,46.764477,-88.447052,FLY,2500
461528,Manna University,Fayetteville,NC,2,183,https://www.manna.edu/,https://manna.edu/net-price-calculator/,17783,9105,9105,,12637,,17783,,,0.8,0,9500,,0.5269,,,,,,,35.058616,-78.961305,FLY,2500
461759,Simmons College of Kentucky,Louisville,KY,2,481,https://simmonscollegeky.edu/,https://simmonscollegeky.edu/apply/tuition-and-fees/,26596,16398,16398,18434,,,,,critical,0.1373,0.175,,,1,,,,,,,38.239519,-85.764811,FLY,2500
461795,North American University,Stafford,TX,2,609,www.na.edu/,www.na.edu/financial-aid/cost-of-attendance/,27981,15436,15436,18720,17784,20001,22786,,critical,0.3158,0.2571,4750,,,,,,,,,29.646303,-95.588338,FLY,2500
462354,John Paul the Great Catholic University,Escondido,CA,2,286,https://jpcatholic.edu/,https://jpcatholic.edu/admission/cost/npcalc.html,52367,30265,30265,27029,35037,31236,32194,38282,critical,0.6386,0.5333,21500,56930,0.7963,505,660,470,610,21,28,33.12085,-117.082401,FLY,2500
463056,University of Connecticut-Hartford Campus,Hartford,CT,1,1525,https://hartford.uconn.edu/,https://financialaid.uconn.edu/pricecalc/,26946,18130,40798,9625,10403,14702,19306,23777,high,0.6505,0.6028,18610,73997,0.8833,470,610,460,610,21,27,41.762673,-72.672175,DRIVE,1000
464226,Ottawa University-Surprise,Surprise,AZ,2,836,www.ottawa.edu/ouaz/home,https://www.ottawa.edu/ouaz/admissions/financial-aid,52170,35880,35880,28636,30096,31252,35696,35922,critical,0.1818,0.1613,12500,55552,0.7815,440,590,400,570,16,21,33.628923,-112.368233,FLY,2500
469416,Dewey University-Manati,Manati,PR,2,221,dewey.edu/,dewey.edu/jdc/matricula2012/NetPriceCalculator/npcalc.htm,12277,7630,7630,3375,4242,5004,,,medium,0.5897,0.6111,5000,19761,,,,,,,,18.433307,-66.487333,FLY,2500
469629,Oklahoma Technical College,Tulsa,OK,2,128,www.oklahomatechnicalcollege.com/,collegesooner.com/otc-calc/,,,,24581,29264,29556,,32433,critical,,,7934,28954,,,,,,,,36.098687,-95.905011,FLY,2500
474863,Los Angeles Pacific University,Glendora,CA,2,1483,https://www.lapu.edu/,https://npc.collegeboard.org/app/lapacificu,29884,12360,12360,23408,20748,22577,,26112,critical,0.2105,0.125,10806,,,,,,,,,34.110723,-117.827484,FLY,2500
475200,Whitworth University-Adult Degree Programs,Spokane,WA,2,145,https://www.whitworth.edu/cms/,https://publicforms.whitworth.edu/financial-aid/net-price-calculator/firstyear,,13560,13560,,,,,,,,,18000,58561,0.2857,,,,,,,47.751642,-117.411568,FLY,2500
475273,Springfield College-Regional Online and Continuing Education,Springfield,MA,2,176,https://springfield.edu/academics/online-programs,https://springfield.edu/financial-aid/undergraduate/net-price-calculator,,,,,,,,,,,,23000,48036,,,,,,,,42.1022,-72.556647,DRIVE,1500
475398,Catholic International University,Charles Town,WV,2,116,https://catholiciu.edu/,https://catholiciu.edu/financial-aid-policies/,21546,10080,10080,14775,,13578,,,high,1,,,,,,,,,,,39.287311,-77.859242,DRIVE,1500
475565,CUNY Stella and Charles Guttman Community College,New York,NY,1,978,https://guttman.cuny.edu/,https://npc.cuny.edu/npc/public/fin_aid/financial_aid_estimator/FinAidEstimator.jsp,13179,5194,8074,4908,5474,8220,10816,12693,medium,,,5000,,,,,,,,,40.75281,-73.984131,DRIVE,1000
475608,Criswell College,Dallas,TX,2,132,www.criswell.edu/,www.criswell.edu/p/net_price_calculator/npcalc.htm,27748,15750,15750,20353,,20636,23900,,critical,0.5,0.4,11803,43185,1,,,,,,,32.793513,-96.77669,FLY,2500
476717,Be'er Yaakov Talmudic Seminary,Spring Valley,NY,2,765,www.byts.edu/,www.byts.edu/price-calculator,19858,12300,12300,4122,4292,5610,7171,,medium,0.5878,0.6222,,17360,,,,,,,,41.1382062,-74.029573,DRIVE,1000
476975,Colorado State University Global,Denver,CO,1,6563,https://csuglobal.edu/,https://csuglobal.edu/cost/tuition/net-price-calculator,21201,9000,9000,16510,,,,,critical,,,14405,76813,0.984,,,,,,,39.745405,-104.989255,FLY,2500
479956,Pennsylvania State University-World Campus,University Park,PA,1,7877,https://worldcampus.psu.edu/,https://tuition.psu.edu/student-tuition-calculators,27678,15356,15356,16372,17144,19337,23852,26078,critical,0.3415,0.2121,19500,63435,0.9115,560,680,530,655,26,32,40.7965,-77.862848,DRIVE,600
480091,Bryant & Stratton College-Online,Orchard Park,NY,2,8841,https://www.bryantstratton.edu/,https://www.bryantstratton.edu/financial-aid/net-price-calculator,21430,16299,16299,15197,11171,16646,16685,17901,critical,0.233,0.2602,9500,32568,,,,,,,,42.790174,-78.770363,DRIVE,1000
480198,Warner Pacific University Professional and Graduate Studies,Portland,OR,2,144,https://www.warnerpacific.edu/,https://www.warnerpacific.edu/admissions-aid/net-price-calculator/,,14640,14640,,,,,,,,,20250,55204,0.5935,,,,,,,45.506265,-122.592498,FLY,2500
480967,College of the Muscogee Nation,Okmulgee,OK,1,222,https://cmn.edu/,https://cmn.edu/net-price-calculator/,23881,6600,6600,14072,13679,13811,14950,,high,,,,,,,,,,,,35.635288,-95.936439,FLY,2500
480985,Midwives College of Utah,Salt Lake City,UT,2,234,https://www.midwifery.edu/,https://www.midwifery.edu/financial-aid-information/,45179,8583,8583,39632,32570,,,,critical,0.4,0.5,8270,,0.8571,,,,,,,40.71089,-111.857036,FLY,2500
481155,Helms College,Augusta,GA,2,183,www.helms.edu/,https://helms.edu/wp-content/netPrice/npcalc.htm,30291,17924,17924,25130,24250,24529,30291,30291,critical,,,8208,,,,,,,,,33.515346,-82.057866,FLY,2500
481401,Grace School of Theology,The Woodlands,TX,2,229,www.gsot.edu/,gsot.edu/netpricecalculator/npcalc.htm,11881,7720,7720,11881,,,,,high,1,1,,,,,,,,,,30.205731,-95.472493,FLY,2500
482149,Augusta University,Augusta,GA,1,5613,www.augusta.edu/,www.augusta.edu/finaid/costcalc.php,23524,8414,24734,11064,11154,13703,17548,18163,high,0.4881,0.4346,13015,48472,0.8641,500,590,470,550,18,25,33.47037,-81.989071,FLY,2500
482158,Middle Georgia State University,Macon,GA,1,6574,https://www.mga.edu/,https://www.mga.edu/admissions/net-cost-calculator/npcalc.htm,19617,5038,16390,10668,10920,12679,15901,16762,high,0.2533,0.2065,9500,40863,0.9968,490,610,460,580,16,24,32.808092,-83.732058,FLY,2500
482228,Veritas Baptist College,Lawrenceburg,IN,2,111,www.vbc.edu/,https://vbc.edu/financial-info/net-price-calculator/,24494,10522,10522,20796,20699,22527,24494,,critical,0.4286,1,11783,,0.95,,,,,,,39.093747,-84.848698,FLY,2500
482680,University of North Georgia,Dahlonega,GA,1,16146,www.ung.edu/,ung.edu/financial-aid/net-calculator.php,18177,5285,16503,6981,7261,10118,12059,13481,medium,0.3729,0.3424,9673,50135,0.6794,500,620,480,590,19,25,34.530219,-83.985694,FLY,2500
482699,South Georgia State College,Douglas,GA,1,1466,www.sgsc.edu/,www.sgsc.edu/afford/net-price-calculator,16177,3314,10274,7553,7603,9823,11781,13749,high,0.162,0.1332,7000,35697,,,,,,,,31.495903,-82.855231,FLY,2500
482705,Northeastern University Professional Programs,Boston,MA,2,1802,https://www.northeastern.edu/,https://studentfinance.northeastern.edu/financial-tools-and-calculators/,,,,,,,,,,,,22000,92538,,,,,,,,42.339992,-71.088782,DRIVE,1500
482936,Florida Polytechnic University,Lakeland,FL,1,1689,floridapoly.edu/,floridapoly.studentaidcalculator.com/survey.aspx,21817,4940,21005,8819,8769,11316,15037,16423,high,0.5492,0.5347,7500,,0.5752,590,670,580,670,24,30,28.150149,-81.845995,FLY,2500
483018,Antioch College,Yellow Springs,OH,2,121,antiochcollege.edu/,https://antiochcollege.edu/admission/financial-aid/net-price-calculator,49856,37143,37143,12578,13006,14335,11398,31087,high,0.4118,0.3182,6518,,0.8913,,,,,,,39.799806,-83.888077,FLY,2500
483036,Texas A&M University-Central Texas,Killeen,TX,1,1750,tamuct.edu/,www.collegeforalltexans.com/apps/CollegeMoney/,14187,7363,17154,2949,750,,,,medium,,,13000,,1,,,,,,,31.053407,-97.775182,FLY,2500
483045,Central Georgia Technical College,Warner Robins,GA,1,6174,www.centralgatech.edu/,www.centralgatech.edu/financialaid/net-price-calculator/,14577,3448,6016,6450,7036,8381,10366,11770,medium,,,5500,30848,,,,,,,,32.545341,-83.66765,FLY,2500
483124,Arizona State University Digital Immersion,Scottsdale,AZ,1,53782,www.asu.edu/,https://app.meadowfi.com/asu,,,,,,,,,,0,,13610,62668,0.6669,,,,,,,33.463517,-111.924487,FLY,2500
483212,Louisiana Delta Community College,Monroe,LA,1,3057,https://www.ladelta.edu/,https://www.ladelta.edu/admissions/financial-aid/net-price-calculator,14215,4159,4159,7145,6837,7626,10923,13215,medium,,,7618,30438,,,,,,,,32.49637,-92.032664,FLY,2500
483595,Ana G. Mendez University,Orlando,FL,2,4763,www.agmu.edu/,www.agmu.edu/en/net-price-calculator,27187,13575,13575,19643,19420,20983,23279,24342,critical,,,5592,,,,,,,,,28.482195,-81.30843,FLY,2500
483647,Ohio Institute of Allied Health,Huber Heights,OH,2,121,https://www.oiah.edu/,https://www.oiah.edu/net-price-calculator/,49166,27408,27408,46601,47708,,,,critical,,,9499,,,,,,,,,39.84549,-84.14076,FLY,2500
484233,Tri-Community Adult Education,Covina,CA,1,217,www.tri-communityadulted.org/,www.c-vusd.org/domain/464,,,,,,,,,,,,,,,,,,,,,34.104391,-117.887096,FLY,2500
484473,University of Florida-Online,Gainesville,FL,1,4627,https://www.ufonline.ufl.edu/,https://npc.collegeboard.org/app/ufl,17843,3876,16579,1477,2286,5171,8947,12923,low,0.8468,0.8148,14000,71588,0.6126,640,710,610,700,27,31,29.649413,-82.339848,FLY,2500
484844,Minerva University,San Francisco,CA,2,637,https://www.minerva.edu/,https://www.minerva.edu/undergraduate-program/tuition-aid/,,23630,23630,,,,,,,,,,,0.0304,,,,,,,37.782711,-122.408039,FLY,2500
484871,Rabbinical College Ohr Yisroel,Brooklyn,NY,2,114,www.rabbinicalcollegeohryisroel.com/,www.rabbinicalcollegeohryisroel.com/net-price-calculator.html,15850,9000,9000,2790,3440,9191,,,medium,0.3636,0.3667,,,,,,,,,,40.629707,-73.896524,DRIVE,1000
484905,University of North Texas at Dallas,Dallas,TX,1,2878,untdallas.edu/,apps.highered.texas.gov/net-price-calculator/,20064,9595,21894,4713,5743,7725,14171,16040,medium,0.4164,0.3826,12500,,0.8445,438,573,408,523,,,32.659588,-96.803446,FLY,2500
484932,BridgeValley Community & Technical College,South  Charleston,WV,1,1854,www.bridgevalley.edu/,https://bridgevalley.studentaidcalculator.com/survey.aspx,12299,5800,12428,4321,4539,7211,6446,7509,medium,,,5256,36432,,,,,,,,38.353846,-81.6983,DRIVE,1500
485111,Georgia Military College,Milledgeville,GA,1,3992,https://www.gmc.edu/,https://gmc.studentaidcalculator.com/survey.aspx,20987,8112,8112,15265,17703,17632,20322,,critical,0.3803,0.3537,5500,39257,,,,,,,,33.07944,-83.224211,FLY,2500
485458,Coastal Pines Technical College,Waycross,GA,1,1648,https://www.coastalpines.edu/,https://ies-pub.coastalpines.edu/net_price/npcalc.html,10649,3268,5836,-767,-266,1264,4888,-1618,low,,,,30214,,,,,,,,31.212781,-82.3821,FLY,2500
485698,American College of the Building Arts,Charleston,SC,2,155,acba.edu/,acba.edu/net-price-calculator,38073,21500,21500,27879,29454,32248,33835,34704,critical,0.6207,,10500,,0.4444,560,640,570,650,20,27,32.805094,-79.946888,FLY,2500
485999,Bet Medrash Gadol Ateret Torah,Brooklyn,NY,2,112,betmedrashgadolaterettorah.com/,betmedrashgadolaterettorah.com/?page_id=15,22488,10700,10700,11529,9681,10031,10188,,high,0.5769,0.5,,,0.8889,,,,,,,40.607809,-73.969945,DRIVE,1000
486026,Yeshiva Sholom Shachna,Brooklyn,NY,2,130,https://yeshivasholomshachna.com/,https://yeshivasholomshachna.com/links/,21750,10750,10750,10206,14111,13787,9925,12030,high,0.3043,0.4286,,,1,,,,,,,40.6275,-73.973431,DRIVE,1000
486053,Bethlehem College & Seminary,Minneapolis,MN,2,117,bcsmn.edu/,bcsmn.edu/,,8200,8200,,,,,,,0.6957,,,,,,,,,,,44.968872,-93.255399,FLY,2500
486196,Beth Medrash Meor Yitzchok,Monsey,NY,2,226,https://bethmedrashmeoryitzchok.com/,https://bethmedrashmeoryitzchok.com/links/,25700,12600,12600,12710,13037,14729,15600,,high,0.2069,0.1944,,,0.5278,,,,,,,41.100906,-74.060843,DRIVE,1000
486257,Valor Christian College,Canal Winchester,OH,2,414,https://www.valorcollege.edu/,https://www.valorcollege.edu/net-price-calculator,39005,10012,10012,31982,32303,35397,37190,39005,critical,0.4444,0.4706,12270,,,,,,,,,39.891571,-82.829696,FLY,2500
486840,Kennesaw State University,Kennesaw,GA,1,41254,www.kennesaw.edu/,financialaid.kennesaw.edu/npcalc/npcalc.htm,24008,5808,17736,12235,12661,15185,18263,19309,high,0.522,0.4987,14250,57552,0.6919,510,620,490,600,19,26,34.038807,-84.583052,FLY,2500
486901,Milligan University,Milligan,TN,2,818,www.milligan.edu/,https://www.milligan.edu/admissions/tuition/cost-of-attendance/net-price-calculator/,52511,40450,40450,15118,14635,16351,22348,26390,critical,0.6343,0.48,18800,46641,0.7229,573,650,560,618,22,27,36.300147,-82.29407,FLY,2500
487010,The University of Tennessee Health Science Center,Memphis,TN,1,394,www.uthsc.edu/,www.uthsc.edu/financial-aid/cost-of-attendance/index.php,,,,,,,,,,,,11250,66318,,,,,,,,35.138847,-90.033196,FLY,2500
487092,Emory University-Oxford College,Oxford,GA,2,967,www.oxford.emory.edu/,https://npc.collegeboard.org/app/emory,83622,64280,64280,24758,16938,17889,25372,59541,critical,,,16750,80137,0.1311,710,760,760,790,32,35,33.6191,-83.871141,FLY,2500
487162,Southern Regional Technical College,Thomasville,GA,1,3098,southernregional.edu/,southernregional.edu/uploads/groups/3/NetPriceCalculator/npcalc.htm,11896,3007,5575,423,347,2659,5042,,low,,,,31293,,,,,,,,30.863799,-83.9514,FLY,2500
487311,Jones Technical Institute,Jacksonville,FL,2,659,www.jtech.org/,nces.ed.gov/collegenavigator/?q=sunstate+academy&s=all&id=487311#retgrad,30987,16920,16920,23967,24448,29021,30295,29734,critical,,,6333,24576,,,,,,,,30.20813,-81.561491,FLY,2500
487320,Texas State Technical College,Waco,TX,1,9437,www.tstc.edu/,www.collegeforalltexans.com/apps/Institutionsshow.cfm?Type=1&Level=7,20752,7212,11812,12726,12807,15238,17628,17235,high,,,6334,38916,,,,,,,,31.639295,-97.08471,FLY,2500
487524,Husson University,Bangor,ME,2,2618,www.husson.edu/,https://www.husson.edu/financial-aid/netprice/,35852,23304,23304,16606,16898,17496,21273,25262,critical,0.5935,0.5455,21500,45025,0.8095,535,650,530,625,,,44.829002,-68.791476,DRIVE,1500
487603,Northwest University-Center for Online and Extended Education,Kirkland,WA,2,405,www.northwestu.edu/,www.northwestu.edu/financial-aid/net-price-calculator,40568,14652,14652,34739,29036,33605,38666,40245,critical,0.5,0.5882,15000,54914,,,,,,,,47.657502,-122.195774,FLY,2500
488305,Elim Bible College,Lima,NY,2,100,https://www.elim.edu/,https://www.elim.edu/net-price-calculator,19630,10480,10480,5256,6685,,13613,19130,medium,0.6667,0.6667,9241,,1,,,,,,,42.909692,-77.615151,DRIVE,1000
488314,Beth Medrash of Asbury Park,Lakewood,NJ,2,124,https://baismedrashzichronmeir.com/,https://www.baismedrashzichronmeir.com/links/,21110,12010,12010,10157,,9636,,,high,0.1,0.1429,,,0.5385,,,,,,,40.043705,-74.210816,DRIVE,600
488350,Yeshiva Gedolah Shaarei Shmuel,Lakewood,NJ,2,150,https://yeshivagedolahshaareishmuel.com/,https://yeshivagedolahshaareishmuel.com/?page_id=13,22595,10600,10600,14582,14996,15590,15265,,high,0.8889,1,,,0.5417,,,,,,,40.091,-74.197596,DRIVE,600
488679,Indiana Wesleyan University-National & Global,Marion,IN,2,6656,https://www.indwes.edu/,https://indwesng.aidcalc.cloud/,22228,8208,8208,16298,16713,17159,20090,21757,critical,0.3495,0.2952,14335,59986,,,,,,,,40.510655,-85.677641,FLY,2500
488730,Northeast Lakeview College,Universal City,TX,1,6471,www.alamo.edu/nlc,https://apps.highered.texas.gov/apps/npc/?fice=000309,12043,3412,9952,3592,4272,6230,7967,12043,medium,,,5500,,,,,,,,,29.545802,-98.323246,FLY,2500
488800,Teachers College of San Joaquin,Stockton,CA,1,642,www.teacherscollegesj.edu/,teacherscollegesj.edu/tuition-fees/,,,,,,,,,,,,,,,,,,,,,37.908696,-121.231507,FLY,2500
488846,University of the People,Pasadena,CA,2,22688,www.uopeople.edu/,www.uopeople.edu/tuition-free/what-is-tuition-free/,,1400,1400,,,,,,,0.3354,,,,,,,,,,,34.146167,-118.138047,FLY,2500
488934,Tulsa Technology Center,Tulsa,OK,1,1409,https://tulsatech.edu/,https://tulsatech.edu/admissions-and-financial-aid/financial-aid/net-price-calculator/,,,,4027,5463,6612,5993,,medium,,,,41793,,,,,,,,36.113428,-95.887481,FLY,2500
489201,Clovis Community College,Fresno,CA,1,7956,www.cloviscollege.edu/,https://npc.cccco.edu/576/npcalc.htm,14897,1378,8638,3529,3697,7210,10904,,medium,,,3500,,,,,,,,,36.88686,-119.731261,FLY,2500
489779,Purdue University Global,West Lafayette,IN,1,30828,https://www.purdueglobal.edu/,https://purdueglobal.clearcostcalculator.com/student/default/netpricecalculator/survey,15660,10101,14412,9806,1665,,,,high,0.5,0.3077,11648,36596,,,,,,,,40.45655,-86.928449,FLY,2500
489937,Carolina University,Winston-Salem,NC,2,460,https://www.carolinau.edu/,https://carolinau.edu/npc,32680,17575,17575,17738,17560,22993,23597,24152,critical,0.2155,0.2658,11005,32864,0.3954,,,,,,,36.087962,-80.250153,FLY,2500
490203,Bolivar Technical College,Bolivar,MO,2,144,www.bolivarcollege.edu/,www.bolivarcollege.edu/netprice-calculator/,,28390,28390,,,,,,,0.9167,1,11000,,0.9545,,,,,,,37.623766,-93.421572,FLY,2500
490276,Yeshiva Shaar Ephraim,Monsey,NY,2,113,shaarephraim.org/,shaarephraim.org/npc.html,22510,14175,14175,9607,10902,11998,12126,12360,high,0.0625,0.1111,,,,,,,,,,41.116935,-74.060858,DRIVE,1000
490328,Mechon L'hoyroa,Monsey,NY,2,122,https://www.mechonlhoyroa.com/,https://mechonlhoyroa.com/links/,,11800,11800,,,,,,,,,,,,,,,,,,41.117029,-74.058177,DRIVE,1000
490805,Purdue University Northwest,Hammond,IN,1,5671,www.pnw.edu/,https://www.pnw.edu/financial-aid/cost/net-price-calculator/,15571,8675,16094,1432,2428,7026,12452,13645,low,0.4291,0.3679,13031,48318,0.7236,450,570,440,570,16,24,41.584324,-87.474236,FLY,2500
491057,Yeshiva Kollel Tifereth Elizer,Brooklyn,NY,2,499,https://www.yeshivakolleltiferethelizer.com/,https://yeshivakolleltiferethelizer.com/links/,,12300,12300,,,,,,,0.8,0.8,,,0.7368,,,,,,,40.637096,-73.992171,DRIVE,1000
491288,University of Wisconsin-Milwaukee Flex,Milwaukee,WI,1,543,https://flex.wisconsin.edu/,https://flex.wisconsin.edu/tuition-financial-aid/tuition/net-price-calculator/,,,,,,,,,,,,15250,54990,1,,,,,,,43.076848,-87.880488,FLY,2500
491297,University of Wisconsin-Parkside Flex,Kenosha,WI,1,172,https://flex.wisconsin.edu/,https://flex.wisconsin.edu/tuition-financial-aid/tuition/net-price-calculator/,,,,,,,,,,,,14000,51129,,,,,,,,42.645603,-87.855007,FLY,2500
491446,Bnos Zion Of Bobov Seminary,Brooklyn,NY,2,124,https://www.bnoszionbobov.com/,https://bnoszionbobov.com/links/,23097,10250,10250,14924,14918,15288,14861,,high,,,,,0.8818,,,,,,,40.633353,-73.991157,DRIVE,1000
491525,Union Bible College,Westfield,IN,2,206,https://ubca.org/,https://www.ubca.org/expenses,15700,6700,6700,7065,9210,11430,,11415,medium,0.5,0.75,,,0.9084,,,,,,,40.038757,-86.126025,FLY,2500
491631,Women's Institute of Torah Seminary and College,Baltimore,MD,2,118,www.wits.edu/,www.wits.edu/net-price-calculator,32300,9780,9780,7838,11917,11288,25655,,high,1,,,,0.9796,,,,,,,39.361349,-76.699496,DRIVE,1000
491640,Yeshiva Gedolah Keren Hatorah,Lakewood,NJ,2,181,https://yeshivagedolahkerenhatorah.com/,https://yeshivagedolahkerenhatorah.com/links/,23591,9150,9150,13791,13791,13772,13741,13791,high,0.8718,0.95,,,0.8571,,,,,,,40.109281,-74.184418,DRIVE,600
491659,ICOHS College,San Diego,CA,2,171,https://icohs.edu/,https://icohs.edu/financial-aid/net-pricing-calculator/,,,,92434,104849,108002,,,critical,,,6650,,,,,,,,,32.723881,-117.16145,FLY,2500
491817,Seminary Bnos Chaim,Lakewood,NJ,2,182,www.seminarybnoschaim.com/,seminarybnoschaim.com/links/,28911,13150,13150,21504,21477,22142,24025,,critical,,,,,0.4359,,,,,,,40.085639,-74.200969,DRIVE,600
491844,Red Lake Nation College,Red Lake,MN,1,332,https://www.rlnc.edu/,https://www.rlnc.edu/net-price-calculator,13164,6640,6640,4771,7279,6482,8064,,medium,,,,,,,,,,,,47.880085,-95.009828,FLY,2500
491914,Yeshiva Gedola Tiferes Yerachmiel,Lakewood,NJ,2,177,https://yeshivagedolatiferesyerachmiel.com/,https://yeshivagedolatiferesyerachmiel.com/links/,17050,9600,9600,9595,9535,10270,,10800,high,0.913,0.8571,,,0.5147,,,,,,,40.1037,-74.194376,DRIVE,600
492069,Champion Christian College,Hot Springs,AR,2,144,champion.edu/,champion.edu/netpricecalculator,20970,11510,11510,14499,18140,14956,19770,19762,high,0,,5500,,,,,,,,,34.499589,-93.065945,FLY,2500
492476,EDP University of Puerto Rico-Villalba,Villalba,PR,2,379,edpuniversity.edu/,edpuniversity.edu/coa-net-calculator/,19138,7050,14125,11001,15400,15459,14080,,high,0.25,0.25,10500,22844,0.7565,,,,,,,18.109811,-66.505648,FLY,2500
492689,Texas Tech University Health Scienes Center El Paso,El Paso,TX,1,242,elpaso.ttuhsc.edu/,https://www.highered.texas.gov/student-financial-aid-programs/net-price-calculator/,,,,,,,,,,,,12500,,,,,,,,,31.771891,-106.43122,FLY,2500
492801,Drury University-College of Continuing Professional Studies,Springfield,MO,2,632,www.drury.edu/go/,tcc.ruffalonl.com/Drury University/Freshman-Students,19698,8054,8054,9291,11756,10486,12937,13948,high,0.4324,0.4576,13000,40694,,,,,,,,37.219681,-93.286192,FLY,2500
492962,Indiana Institute of Technology-College of Professional Studies,Fort Wayne,IN,2,2686,cps.indianatech.edu/,cps.indianatech.edu/costs/,26033,9896,9896,20035,20802,20097,22271,24557,critical,0.28,0.0625,12564,47327,,,,,,,,41.078365,-85.116479,FLY,2500
493600,Congregation Talmidei Mesivta Tiferes Shmiel Aleksander,Brooklyn,NY,2,168,yeshivaaleksander.org/,yeshivaaleksander.org/npc.html,25625,14125,14125,12633,12659,14356,14837,,high,0.2593,0.2759,,,,,,,,,,40.624233,-73.994778,DRIVE,1000
493646,Ohel Margulia Seminary,Monsey,NY,2,280,ohelmarguliaseminary.com/,ohelmarguliaseminary.com/links/,22600,9700,9700,15071,15096,15296,15222,,critical,,,,,0.9619,,,,,,,41.121761,-74.065165,DRIVE,1000
493822,College Unbound,Providence,RI,2,491,collegeunbound.edu/,sites.google.com/a/collegeunbound.org/billing/net-price-calculator,27138,11016,11016,20682,20586,21991,,21894,critical,,,7690,,,,,,,,,41.80644,-71.412848,DRIVE,1500
494250,Valley College-Cleveland,Cleveland,OH,2,887,www.valley.edu/,valley.edu/documents/net-price-calculator/cleveland/index.html,,,,30566,30710,26666,,,critical,,,9418,24900,,,,,,,,41.419409,-81.747723,FLY,2500
494278,EDP University of Puerto Rico-Humacao,Humacao,PR,2,325,https://www.edpuniversity.edu/,https://edpuniversity.edu/coa-net-calculator/,19625,7050,14125,12023,12854,13775,,,high,,,10500,22844,0.5952,,,,,,,18.150762,-65.82455,FLY,2500
494287,EDP University of Puerto Rico-Manati,Manati,PR,2,468,https://edpuniversity.edu/,https://edpuniversity.edu/coa-net-calculator/,17523,7050,14125,7598,9204,,,,high,,,10500,22844,0.6818,,,,,,,18.429431,-66.490949,FLY,2500
494463,Derech Hachaim Seminary,Monroe,NY,2,300,derechhachaimseminary.com/,derechhachaimseminary.com/links,24100,11000,11000,15172,16031,16530,16706,18050,critical,,,,,0.9328,,,,,,,41.337206,-74.161936,DRIVE,1000
494603,The Southwestern Baptist Theological Seminary,Fort Worth,TX,2,324,swbts.edu/,catalog.swbts.edu/enrollment-services/student-fees-and-payment/,,11934,11934,,,,,,,0.2817,,,,0.5771,,,,,,,32.681685,-97.348233,FLY,2500
494685,Urshan University,Wentzville,MO,2,472,urshan.edu/,urshan.edu/tuition-and-fees,17175,8756,8756,13314,14405,14946,17092,16675,high,0.4483,,5500,,0.8378,403,580,395,525,18,21,38.808034,-90.830252,FLY,2500
494737,Yeshiva Yesoda Hatorah Vetz Chaim,Brooklyn,NY,2,223,yeshivayh.org/,yeshivayh.org/netprice,24473,14000,14000,10426,11941,12103,16225,16473,high,0.4286,,,,,,,,,,,40.706959,-73.961026,DRIVE,1000
495013,Western Maricopa Education Center,Glendale,AZ,1,245,https://www.west-mec.edu/adulted,https://www.west-mec.edu/findyourhappy,,,,,,,,,,,,,,,,,,,,,33.535973,-112.292829,FLY,2500
495147,Pacific Northwest Christian College,Kennewick,WA,2,129,https://www.pnwcc.edu/,https://www.pnwcc.edu/admissions/financial-aid/#top,18371,11350,11350,8129,8238,11858,15550,16491,high,,,,,,,,,,,,46.212057,-119.161961,FLY,2500
495271,California Indian Nations College,Palm Desert,CA,1,142,https://cincollege.org/,https://cincollege.org/admissions/net-price-calculator/,,7743,7743,,,,,,,,,,,,,,,,,,33.773732,-116.353365,FLY,2500
495916,Pathways College,Tempe,AZ,2,196,https://www.pathwayscollege.edu/,https://pathwayscollege.edu/netprice/net-price.html,,,,,,,,,,,,,,,,,,,,,33.472223,-112.06553,FLY,2500
496973,Herzing University-Tampa,Tampa,FL,2,251,https://herzing.edu/,https://www.herzing.edu/tuition-financial-aid/net-price-calculator,27494,13450,13450,20666,23696,17556,,,critical,,,11756,36909,0.8966,,,,,,,27.976414,-82.335773,FLY,2500
497037,Abilene Christian University-Undergraduate Online,Addison,TX,2,1219,https://www.acu.edu/academics/online/undergraduate,https://www.highered.texas.gov/apps/NPC/?Fice=003537,30295,14520,14520,24283,22852,21723,26586,,critical,,,14750,55736,1,,,,,,,32.977065,-96.826833,FLY,2500
497046,Madera Community College,Madera,CA,1,4808,https://www.maderacollege.edu/,https://npc.cccco.edu/574/npcalc.htm,15639,1378,8638,4071,2876,4991,10470,,medium,,,,,,,,,,,,36.925132,-119.99787,FLY,2500
497408,Bridges Christian College,New Orleans,LA,2,163,https://www.bcc.edu/,https://www.bcc.edu/fafsa-net-price-calculator/,14180,6600,6600,10183,11715,,,,high,0,,,,,,,,,,,29.935984,-90.103551,FLY,2500
497480,Reach University,Oakland,CA,2,1946,https://www.reach.edu/,https://npc.collegeboard.org/app/reach,32536,12374,12374,22997,22461,21905,20874,,critical,,,,,1,,,,,,,37.80566,-122.277476,FLY,2500
497824,Evangel University-College of Online Learning,Springfield,MO,2,240,https://www.evangel.edu/,https://www.evangel.edu/tuition-fees-and-billing/,26454,8175,8175,21199,,25109,,,critical,0.5,0.5,17495,46573,0.4918,,,,,,,37.220956,-93.262614,FLY,2500
497833,Marian University-Ancilla,Plymouth,IN,2,226,https://www.marian.edu/plymouth,https://www.marian.edu/plymouth/about/tuition-and-fees,38305,20100,20100,15964,15610,17755,24130,26320,critical,,,20000,58759,0.9169,,,,,,,41.337931,-86.445875,FLY,2500
498562,Commonwealth University of Pennsylvania,Bloomsburg,PA,1,9210,https://www.commonwealthu.edu/,https://app.calconic.com/public/calculator/68025d9e4bf049002b3ebd4c?layouts=true,25161,11046,22870,11374,11370,13877,17989,20099,high,0.5448,0.4719,19500,52416,0.9309,500,600,490,590,,,41.00782,-76.447844,DRIVE,600
498571,Pennsylvania Western University,California,PA,1,7451,https://www.pennwest.edu/,https://pennwest.clearcostcalculator.com/student/default/netpricecalculator/survey,26916,11436,16054,13944,14171,16517,20633,23272,high,0.5188,0.4284,16750,47295,0.9433,480,580,460,560,17,25,40.064964,-79.88679,DRIVE,600
498623,Justice University,Chandler,AZ,2,116,https://www.justiceuniversity.edu/,https://www.justiceuniversity.edu/financialaid,,7500,7500,,,,,,,,,,,,,,,,,,33.265556,-111.787434,FLY,2500
498809,Yeshiva of Kasho,Brooklyn,NY,2,185,https://yokny.org/,https://yokny.org/npc.htm,21356,14000,14000,8505,8949,10732,,,high,0.1087,,,,,,,,,,,40.671255,-74.00015,DRIVE,1000
499149,Herzing University-Nashville,Nashville,TN,2,201,https://www.herzing.edu/,https://www.herzing.edu/tuition-financial-aid/net-price-calculator,28414,13450,13450,19220,,19608,24661,23753,critical,,,11756,36909,0.9273,,,,,,,36.154732,-86.63453,FLY,2500
499635,EDP University of Puerto Rico-Caguas,Caguas,PR,2,414,https://www.edpuniversity.edu/,https://www.edpuniversity.edu/coa-net-calculator,,7050,14125,,,,,,,,,10500,22844,0.725,,,,,,,18.242649,-66.025309,FLY,2500
499875,Mosdos Yaakov V'Yisroel,Lakewood,NJ,2,679,https://myy.edu/,https://myy.edu/links,,8760,8760,,,,,,,0.4561,,,,0.8933,,,,,,,40.094783,-74.253772,DRIVE,600
500087,Doral College,Doral,FL,2,272,https://doral.edu/,https://doral.edu/calculator,,3120,3120,,,,,,,,,,,,,,,,,,25.79809,-80.376527,FLY,2500
500342,EDvance College,San Francisco,CA,2,201,https://edvance.edu/,https://edvance.edu/tuition-and-cost,,12300,12300,,,,,,,,,,,1,,,,,,,37.789663,-122.40148,FLY,2500
